pmcid,source,honey_label,organism_label,organism,outcome,concentration_pct,condition,value,sd,unit,censor,extract_method,context,measure,unit_raw,unit_basis,is_manuka,is_artificial,is_medical,title,year,doi,pmid,journal,study_id,hkey,Brix,DHA,GOx,H2O2,HMF,MGO,TFC,TPC,aw,color,density,diastase,electrical_cond,free_acidity,moisture,pH,phenol_equiv,proline,sugar_total
PMC10211265,t1,ALH1,S. typhimurium,Salmonella,MIC,,untreated,25.0,,%,,auto_A,Minimum inhibitory concentration (MIC) and minimum bactericidal concentration (MBC) of honey samples against  S. typhimurium . || Samples | S. typhimurium |  || MIC (%) | MBC (%) |  || ALH1 | 25 | 30 ,MIC,%,% (basis unspecified),False,False,False,Antioxidant and antibacterial activity of Apis laboriosa honey against Salmonella enterica serovar Typhimurium.,2023.0,10.3389/fnut.2023.1181492,37252242.0,Frontiers in nutrition,PMC10211265,alh1,,,,,1.12,,18.99,55.48,,,,,,,21.4,3.89,,,40.98
PMC10211265,t1,ALH2,S. typhimurium,Salmonella,MIC,,untreated,30.0,,%,,auto_A,Minimum inhibitory concentration (MIC) and minimum bactericidal concentration (MBC) of honey samples against  S. typhimurium . || Samples | S. typhimurium |  || MIC (%) | MBC (%) |  || ALH1 | 25 | 30 ,MIC,%,% (basis unspecified),False,False,False,Antioxidant and antibacterial activity of Apis laboriosa honey against Salmonella enterica serovar Typhimurium.,2023.0,10.3389/fnut.2023.1181492,37252242.0,Frontiers in nutrition,PMC10211265,alh2,,,,,3.76,,27.82,62.11,,,,,,,16.96,4.12,,,36.36
PMC10211265,t1,ALH3,S. typhimurium,Salmonella,MIC,,untreated,20.0,,%,,auto_A,Minimum inhibitory concentration (MIC) and minimum bactericidal concentration (MBC) of honey samples against  S. typhimurium . || Samples | S. typhimurium |  || MIC (%) | MBC (%) |  || ALH1 | 25 | 30 ,MIC,%,% (basis unspecified),False,False,False,Antioxidant and antibacterial activity of Apis laboriosa honey against Salmonella enterica serovar Typhimurium.,2023.0,10.3389/fnut.2023.1181492,37252242.0,Frontiers in nutrition,PMC10211265,alh3,,,,,0.31,,12.55,52.54,,,,,,,23.94,4.17,,,32.51
PMC10211265,t1,ALH4,S. typhimurium,Salmonella,MIC,,untreated,30.0,,%,,auto_A,Minimum inhibitory concentration (MIC) and minimum bactericidal concentration (MBC) of honey samples against  S. typhimurium . || Samples | S. typhimurium |  || MIC (%) | MBC (%) |  || ALH1 | 25 | 30 ,MIC,%,% (basis unspecified),False,False,False,Antioxidant and antibacterial activity of Apis laboriosa honey against Salmonella enterica serovar Typhimurium.,2023.0,10.3389/fnut.2023.1181492,37252242.0,Frontiers in nutrition,PMC10211265,alh4,,,,,0.45,,51.62,123.16,,,,,,,23.55,4.29,,,28.81
PMC10211265,t1,ALH5,S. typhimurium,Salmonella,MIC,,untreated,25.0,,%,,auto_A,Minimum inhibitory concentration (MIC) and minimum bactericidal concentration (MBC) of honey samples against  S. typhimurium . || Samples | S. typhimurium |  || MIC (%) | MBC (%) |  || ALH1 | 25 | 30 ,MIC,%,% (basis unspecified),False,False,False,Antioxidant and antibacterial activity of Apis laboriosa honey against Salmonella enterica serovar Typhimurium.,2023.0,10.3389/fnut.2023.1181492,37252242.0,Frontiers in nutrition,PMC10211265,alh5,,,,,0.5,,3.03,49.18,,,,,,,26.41,3.99,,,31.7
PMC10856440,t5,HO1,Escherichia coliInhibition (mm),E. coli,zone,,untreated,10.0,,mm,,auto_A_t,Mean inhibition zone diameter (mm) of honeys on microbial strains. || Sample | HO1 |  |  | HO2 |  |  | HO3 |  |  | HO4 |  |  | HO5 |  |  | Control (−) | Control (+) || 75% | 50% | 25% | 75% | 50% | 25,zone,mm,mm,False,False,False,Biochemical Profiling and Physicochemical and Biological Valorization of Iraqi Honey: A Comprehensive Analysis.,2024.0,10.3390/molecules29030671,38338414.0,"Molecules (Basel, Switzerland)",PMC10856440,ho1,,,,,17.67,,,,,,,,,,14.13,4.2,,,
PMC10856440,t5,HO1,Escherichia coliInhibition (mm),E. coli,zone,,untreated,12.4,,mm,,auto_A_t,Mean inhibition zone diameter (mm) of honeys on microbial strains. || Sample | HO1 |  |  | HO2 |  |  | HO3 |  |  | HO4 |  |  | HO5 |  |  | Control (−) | Control (+) || 75% | 50% | 25% | 75% | 50% | 25,zone,mm,mm,False,False,False,Biochemical Profiling and Physicochemical and Biological Valorization of Iraqi Honey: A Comprehensive Analysis.,2024.0,10.3390/molecules29030671,38338414.0,"Molecules (Basel, Switzerland)",PMC10856440,ho1,,,,,17.67,,,,,,,,,,14.13,4.2,,,
PMC10856440,t5,HO1,Escherichia coliInhibition (mm),E. coli,zone,,untreated,9.0,,mm,,auto_A_t,Mean inhibition zone diameter (mm) of honeys on microbial strains. || Sample | HO1 |  |  | HO2 |  |  | HO3 |  |  | HO4 |  |  | HO5 |  |  | Control (−) | Control (+) || 75% | 50% | 25% | 75% | 50% | 25,zone,mm,mm,False,False,False,Biochemical Profiling and Physicochemical and Biological Valorization of Iraqi Honey: A Comprehensive Analysis.,2024.0,10.3390/molecules29030671,38338414.0,"Molecules (Basel, Switzerland)",PMC10856440,ho1,,,,,17.67,,,,,,,,,,14.13,4.2,,,
PMC10856440,t5,HO2,Escherichia coliInhibition (mm),E. coli,zone,,untreated,11.2,,mm,,auto_A_t,Mean inhibition zone diameter (mm) of honeys on microbial strains. || Sample | HO1 |  |  | HO2 |  |  | HO3 |  |  | HO4 |  |  | HO5 |  |  | Control (−) | Control (+) || 75% | 50% | 25% | 75% | 50% | 25,zone,mm,mm,False,False,False,Biochemical Profiling and Physicochemical and Biological Valorization of Iraqi Honey: A Comprehensive Analysis.,2024.0,10.3390/molecules29030671,38338414.0,"Molecules (Basel, Switzerland)",PMC10856440,ho2,,,,,17.23,,,,,,,,,,16.07,4.31,,,
PMC10856440,t5,HO2,Escherichia coliInhibition (mm),E. coli,zone,,untreated,12.6,,mm,,auto_A_t,Mean inhibition zone diameter (mm) of honeys on microbial strains. || Sample | HO1 |  |  | HO2 |  |  | HO3 |  |  | HO4 |  |  | HO5 |  |  | Control (−) | Control (+) || 75% | 50% | 25% | 75% | 50% | 25,zone,mm,mm,False,False,False,Biochemical Profiling and Physicochemical and Biological Valorization of Iraqi Honey: A Comprehensive Analysis.,2024.0,10.3390/molecules29030671,38338414.0,"Molecules (Basel, Switzerland)",PMC10856440,ho2,,,,,17.23,,,,,,,,,,16.07,4.31,,,
PMC10856440,t5,HO2,Escherichia coliInhibition (mm),E. coli,zone,,untreated,11.1,,mm,,auto_A_t,Mean inhibition zone diameter (mm) of honeys on microbial strains. || Sample | HO1 |  |  | HO2 |  |  | HO3 |  |  | HO4 |  |  | HO5 |  |  | Control (−) | Control (+) || 75% | 50% | 25% | 75% | 50% | 25,zone,mm,mm,False,False,False,Biochemical Profiling and Physicochemical and Biological Valorization of Iraqi Honey: A Comprehensive Analysis.,2024.0,10.3390/molecules29030671,38338414.0,"Molecules (Basel, Switzerland)",PMC10856440,ho2,,,,,17.23,,,,,,,,,,16.07,4.31,,,
PMC10856440,t5,HO3,Escherichia coliInhibition (mm),E. coli,zone,,untreated,12.2,,mm,,auto_A_t,Mean inhibition zone diameter (mm) of honeys on microbial strains. || Sample | HO1 |  |  | HO2 |  |  | HO3 |  |  | HO4 |  |  | HO5 |  |  | Control (−) | Control (+) || 75% | 50% | 25% | 75% | 50% | 25,zone,mm,mm,False,False,False,Biochemical Profiling and Physicochemical and Biological Valorization of Iraqi Honey: A Comprehensive Analysis.,2024.0,10.3390/molecules29030671,38338414.0,"Molecules (Basel, Switzerland)",PMC10856440,ho3,,,,,18.13,,,,,,,,,,15.13,4.02,,,
PMC10856440,t5,HO3,Escherichia coliInhibition (mm),E. coli,zone,,untreated,14.4,,mm,,auto_A_t,Mean inhibition zone diameter (mm) of honeys on microbial strains. || Sample | HO1 |  |  | HO2 |  |  | HO3 |  |  | HO4 |  |  | HO5 |  |  | Control (−) | Control (+) || 75% | 50% | 25% | 75% | 50% | 25,zone,mm,mm,False,False,False,Biochemical Profiling and Physicochemical and Biological Valorization of Iraqi Honey: A Comprehensive Analysis.,2024.0,10.3390/molecules29030671,38338414.0,"Molecules (Basel, Switzerland)",PMC10856440,ho3,,,,,18.13,,,,,,,,,,15.13,4.02,,,
PMC10856440,t5,HO3,Escherichia coliInhibition (mm),E. coli,zone,,untreated,9.0,,mm,,auto_A_t,Mean inhibition zone diameter (mm) of honeys on microbial strains. || Sample | HO1 |  |  | HO2 |  |  | HO3 |  |  | HO4 |  |  | HO5 |  |  | Control (−) | Control (+) || 75% | 50% | 25% | 75% | 50% | 25,zone,mm,mm,False,False,False,Biochemical Profiling and Physicochemical and Biological Valorization of Iraqi Honey: A Comprehensive Analysis.,2024.0,10.3390/molecules29030671,38338414.0,"Molecules (Basel, Switzerland)",PMC10856440,ho3,,,,,18.13,,,,,,,,,,15.13,4.02,,,
PMC10856440,t5,HO4,Escherichia coliInhibition (mm),E. coli,zone,,untreated,12.0,,mm,,auto_A_t,Mean inhibition zone diameter (mm) of honeys on microbial strains. || Sample | HO1 |  |  | HO2 |  |  | HO3 |  |  | HO4 |  |  | HO5 |  |  | Control (−) | Control (+) || 75% | 50% | 25% | 75% | 50% | 25,zone,mm,mm,False,False,False,Biochemical Profiling and Physicochemical and Biological Valorization of Iraqi Honey: A Comprehensive Analysis.,2024.0,10.3390/molecules29030671,38338414.0,"Molecules (Basel, Switzerland)",PMC10856440,ho4,,,,,18.87,,,,,,,,,,13.53,4.12,,,
PMC10856440,t5,HO4,Escherichia coliInhibition (mm),E. coli,zone,,untreated,13.6,,mm,,auto_A_t,Mean inhibition zone diameter (mm) of honeys on microbial strains. || Sample | HO1 |  |  | HO2 |  |  | HO3 |  |  | HO4 |  |  | HO5 |  |  | Control (−) | Control (+) || 75% | 50% | 25% | 75% | 50% | 25,zone,mm,mm,False,False,False,Biochemical Profiling and Physicochemical and Biological Valorization of Iraqi Honey: A Comprehensive Analysis.,2024.0,10.3390/molecules29030671,38338414.0,"Molecules (Basel, Switzerland)",PMC10856440,ho4,,,,,18.87,,,,,,,,,,13.53,4.12,,,
PMC10856440,t5,HO4,Escherichia coliInhibition (mm),E. coli,zone,,untreated,11.2,,mm,,auto_A_t,Mean inhibition zone diameter (mm) of honeys on microbial strains. || Sample | HO1 |  |  | HO2 |  |  | HO3 |  |  | HO4 |  |  | HO5 |  |  | Control (−) | Control (+) || 75% | 50% | 25% | 75% | 50% | 25,zone,mm,mm,False,False,False,Biochemical Profiling and Physicochemical and Biological Valorization of Iraqi Honey: A Comprehensive Analysis.,2024.0,10.3390/molecules29030671,38338414.0,"Molecules (Basel, Switzerland)",PMC10856440,ho4,,,,,18.87,,,,,,,,,,13.53,4.12,,,
PMC10856440,t5,HO5,Escherichia coliInhibition (mm),E. coli,zone,,untreated,11.7,,mm,,auto_A_t,Mean inhibition zone diameter (mm) of honeys on microbial strains. || Sample | HO1 |  |  | HO2 |  |  | HO3 |  |  | HO4 |  |  | HO5 |  |  | Control (−) | Control (+) || 75% | 50% | 25% | 75% | 50% | 25,zone,mm,mm,False,False,False,Biochemical Profiling and Physicochemical and Biological Valorization of Iraqi Honey: A Comprehensive Analysis.,2024.0,10.3390/molecules29030671,38338414.0,"Molecules (Basel, Switzerland)",PMC10856440,ho5,,,,,18.3,,,,,,,,,,14.1,4.23,,,
PMC10856440,t5,HO5,Escherichia coliInhibition (mm),E. coli,zone,,untreated,12.0,,mm,,auto_A_t,Mean inhibition zone diameter (mm) of honeys on microbial strains. || Sample | HO1 |  |  | HO2 |  |  | HO3 |  |  | HO4 |  |  | HO5 |  |  | Control (−) | Control (+) || 75% | 50% | 25% | 75% | 50% | 25,zone,mm,mm,False,False,False,Biochemical Profiling and Physicochemical and Biological Valorization of Iraqi Honey: A Comprehensive Analysis.,2024.0,10.3390/molecules29030671,38338414.0,"Molecules (Basel, Switzerland)",PMC10856440,ho5,,,,,18.3,,,,,,,,,,14.1,4.23,,,
PMC10856440,t5,HO5,Escherichia coliInhibition (mm),E. coli,zone,,untreated,11.5,,mm,,auto_A_t,Mean inhibition zone diameter (mm) of honeys on microbial strains. || Sample | HO1 |  |  | HO2 |  |  | HO3 |  |  | HO4 |  |  | HO5 |  |  | Control (−) | Control (+) || 75% | 50% | 25% | 75% | 50% | 25,zone,mm,mm,False,False,False,Biochemical Profiling and Physicochemical and Biological Valorization of Iraqi Honey: A Comprehensive Analysis.,2024.0,10.3390/molecules29030671,38338414.0,"Molecules (Basel, Switzerland)",PMC10856440,ho5,,,,,18.3,,,,,,,,,,14.1,4.23,,,
PMC10856440,t5,HO1,Staphylococcus aureusInhibition (mm),S. aureus,zone,,untreated,11.7,,mm,,auto_A_t,Mean inhibition zone diameter (mm) of honeys on microbial strains. || Sample | HO1 |  |  | HO2 |  |  | HO3 |  |  | HO4 |  |  | HO5 |  |  | Control (−) | Control (+) || 75% | 50% | 25% | 75% | 50% | 25,zone,mm,mm,False,False,False,Biochemical Profiling and Physicochemical and Biological Valorization of Iraqi Honey: A Comprehensive Analysis.,2024.0,10.3390/molecules29030671,38338414.0,"Molecules (Basel, Switzerland)",PMC10856440,ho1,,,,,17.67,,,,,,,,,,14.13,4.2,,,
PMC10856440,t5,HO1,Staphylococcus aureusInhibition (mm),S. aureus,zone,,untreated,12.0,,mm,,auto_A_t,Mean inhibition zone diameter (mm) of honeys on microbial strains. || Sample | HO1 |  |  | HO2 |  |  | HO3 |  |  | HO4 |  |  | HO5 |  |  | Control (−) | Control (+) || 75% | 50% | 25% | 75% | 50% | 25,zone,mm,mm,False,False,False,Biochemical Profiling and Physicochemical and Biological Valorization of Iraqi Honey: A Comprehensive Analysis.,2024.0,10.3390/molecules29030671,38338414.0,"Molecules (Basel, Switzerland)",PMC10856440,ho1,,,,,17.67,,,,,,,,,,14.13,4.2,,,
PMC10856440,t5,HO1,Staphylococcus aureusInhibition (mm),S. aureus,zone,,untreated,13.2,,mm,,auto_A_t,Mean inhibition zone diameter (mm) of honeys on microbial strains. || Sample | HO1 |  |  | HO2 |  |  | HO3 |  |  | HO4 |  |  | HO5 |  |  | Control (−) | Control (+) || 75% | 50% | 25% | 75% | 50% | 25,zone,mm,mm,False,False,False,Biochemical Profiling and Physicochemical and Biological Valorization of Iraqi Honey: A Comprehensive Analysis.,2024.0,10.3390/molecules29030671,38338414.0,"Molecules (Basel, Switzerland)",PMC10856440,ho1,,,,,17.67,,,,,,,,,,14.13,4.2,,,
PMC10856440,t5,HO2,Staphylococcus aureusInhibition (mm),S. aureus,zone,,untreated,9.5,,mm,,auto_A_t,Mean inhibition zone diameter (mm) of honeys on microbial strains. || Sample | HO1 |  |  | HO2 |  |  | HO3 |  |  | HO4 |  |  | HO5 |  |  | Control (−) | Control (+) || 75% | 50% | 25% | 75% | 50% | 25,zone,mm,mm,False,False,False,Biochemical Profiling and Physicochemical and Biological Valorization of Iraqi Honey: A Comprehensive Analysis.,2024.0,10.3390/molecules29030671,38338414.0,"Molecules (Basel, Switzerland)",PMC10856440,ho2,,,,,17.23,,,,,,,,,,16.07,4.31,,,
PMC10856440,t5,HO2,Staphylococcus aureusInhibition (mm),S. aureus,zone,,untreated,12.1,,mm,,auto_A_t,Mean inhibition zone diameter (mm) of honeys on microbial strains. || Sample | HO1 |  |  | HO2 |  |  | HO3 |  |  | HO4 |  |  | HO5 |  |  | Control (−) | Control (+) || 75% | 50% | 25% | 75% | 50% | 25,zone,mm,mm,False,False,False,Biochemical Profiling and Physicochemical and Biological Valorization of Iraqi Honey: A Comprehensive Analysis.,2024.0,10.3390/molecules29030671,38338414.0,"Molecules (Basel, Switzerland)",PMC10856440,ho2,,,,,17.23,,,,,,,,,,16.07,4.31,,,
PMC10856440,t5,HO2,Staphylococcus aureusInhibition (mm),S. aureus,zone,,untreated,11.2,,mm,,auto_A_t,Mean inhibition zone diameter (mm) of honeys on microbial strains. || Sample | HO1 |  |  | HO2 |  |  | HO3 |  |  | HO4 |  |  | HO5 |  |  | Control (−) | Control (+) || 75% | 50% | 25% | 75% | 50% | 25,zone,mm,mm,False,False,False,Biochemical Profiling and Physicochemical and Biological Valorization of Iraqi Honey: A Comprehensive Analysis.,2024.0,10.3390/molecules29030671,38338414.0,"Molecules (Basel, Switzerland)",PMC10856440,ho2,,,,,17.23,,,,,,,,,,16.07,4.31,,,
PMC10856440,t5,HO3,Staphylococcus aureusInhibition (mm),S. aureus,zone,,untreated,12.2,,mm,,auto_A_t,Mean inhibition zone diameter (mm) of honeys on microbial strains. || Sample | HO1 |  |  | HO2 |  |  | HO3 |  |  | HO4 |  |  | HO5 |  |  | Control (−) | Control (+) || 75% | 50% | 25% | 75% | 50% | 25,zone,mm,mm,False,False,False,Biochemical Profiling and Physicochemical and Biological Valorization of Iraqi Honey: A Comprehensive Analysis.,2024.0,10.3390/molecules29030671,38338414.0,"Molecules (Basel, Switzerland)",PMC10856440,ho3,,,,,18.13,,,,,,,,,,15.13,4.02,,,
PMC10856440,t5,HO3,Staphylococcus aureusInhibition (mm),S. aureus,zone,,untreated,15.6,,mm,,auto_A_t,Mean inhibition zone diameter (mm) of honeys on microbial strains. || Sample | HO1 |  |  | HO2 |  |  | HO3 |  |  | HO4 |  |  | HO5 |  |  | Control (−) | Control (+) || 75% | 50% | 25% | 75% | 50% | 25,zone,mm,mm,False,False,False,Biochemical Profiling and Physicochemical and Biological Valorization of Iraqi Honey: A Comprehensive Analysis.,2024.0,10.3390/molecules29030671,38338414.0,"Molecules (Basel, Switzerland)",PMC10856440,ho3,,,,,18.13,,,,,,,,,,15.13,4.02,,,
PMC10856440,t5,HO3,Staphylococcus aureusInhibition (mm),S. aureus,zone,,untreated,11.3,,mm,,auto_A_t,Mean inhibition zone diameter (mm) of honeys on microbial strains. || Sample | HO1 |  |  | HO2 |  |  | HO3 |  |  | HO4 |  |  | HO5 |  |  | Control (−) | Control (+) || 75% | 50% | 25% | 75% | 50% | 25,zone,mm,mm,False,False,False,Biochemical Profiling and Physicochemical and Biological Valorization of Iraqi Honey: A Comprehensive Analysis.,2024.0,10.3390/molecules29030671,38338414.0,"Molecules (Basel, Switzerland)",PMC10856440,ho3,,,,,18.13,,,,,,,,,,15.13,4.02,,,
PMC10856440,t5,HO4,Staphylococcus aureusInhibition (mm),S. aureus,zone,,untreated,13.2,,mm,,auto_A_t,Mean inhibition zone diameter (mm) of honeys on microbial strains. || Sample | HO1 |  |  | HO2 |  |  | HO3 |  |  | HO4 |  |  | HO5 |  |  | Control (−) | Control (+) || 75% | 50% | 25% | 75% | 50% | 25,zone,mm,mm,False,False,False,Biochemical Profiling and Physicochemical and Biological Valorization of Iraqi Honey: A Comprehensive Analysis.,2024.0,10.3390/molecules29030671,38338414.0,"Molecules (Basel, Switzerland)",PMC10856440,ho4,,,,,18.87,,,,,,,,,,13.53,4.12,,,
PMC10856440,t5,HO4,Staphylococcus aureusInhibition (mm),S. aureus,zone,,untreated,14.5,,mm,,auto_A_t,Mean inhibition zone diameter (mm) of honeys on microbial strains. || Sample | HO1 |  |  | HO2 |  |  | HO3 |  |  | HO4 |  |  | HO5 |  |  | Control (−) | Control (+) || 75% | 50% | 25% | 75% | 50% | 25,zone,mm,mm,False,False,False,Biochemical Profiling and Physicochemical and Biological Valorization of Iraqi Honey: A Comprehensive Analysis.,2024.0,10.3390/molecules29030671,38338414.0,"Molecules (Basel, Switzerland)",PMC10856440,ho4,,,,,18.87,,,,,,,,,,13.53,4.12,,,
PMC10856440,t5,HO4,Staphylococcus aureusInhibition (mm),S. aureus,zone,,untreated,10.1,,mm,,auto_A_t,Mean inhibition zone diameter (mm) of honeys on microbial strains. || Sample | HO1 |  |  | HO2 |  |  | HO3 |  |  | HO4 |  |  | HO5 |  |  | Control (−) | Control (+) || 75% | 50% | 25% | 75% | 50% | 25,zone,mm,mm,False,False,False,Biochemical Profiling and Physicochemical and Biological Valorization of Iraqi Honey: A Comprehensive Analysis.,2024.0,10.3390/molecules29030671,38338414.0,"Molecules (Basel, Switzerland)",PMC10856440,ho4,,,,,18.87,,,,,,,,,,13.53,4.12,,,
PMC10856440,t5,HO5,Staphylococcus aureusInhibition (mm),S. aureus,zone,,untreated,12.5,,mm,,auto_A_t,Mean inhibition zone diameter (mm) of honeys on microbial strains. || Sample | HO1 |  |  | HO2 |  |  | HO3 |  |  | HO4 |  |  | HO5 |  |  | Control (−) | Control (+) || 75% | 50% | 25% | 75% | 50% | 25,zone,mm,mm,False,False,False,Biochemical Profiling and Physicochemical and Biological Valorization of Iraqi Honey: A Comprehensive Analysis.,2024.0,10.3390/molecules29030671,38338414.0,"Molecules (Basel, Switzerland)",PMC10856440,ho5,,,,,18.3,,,,,,,,,,14.1,4.23,,,
PMC10856440,t5,HO5,Staphylococcus aureusInhibition (mm),S. aureus,zone,,untreated,14.3,,mm,,auto_A_t,Mean inhibition zone diameter (mm) of honeys on microbial strains. || Sample | HO1 |  |  | HO2 |  |  | HO3 |  |  | HO4 |  |  | HO5 |  |  | Control (−) | Control (+) || 75% | 50% | 25% | 75% | 50% | 25,zone,mm,mm,False,False,False,Biochemical Profiling and Physicochemical and Biological Valorization of Iraqi Honey: A Comprehensive Analysis.,2024.0,10.3390/molecules29030671,38338414.0,"Molecules (Basel, Switzerland)",PMC10856440,ho5,,,,,18.3,,,,,,,,,,14.1,4.23,,,
PMC10856440,t5,HO5,Staphylococcus aureusInhibition (mm),S. aureus,zone,,untreated,11.2,,mm,,auto_A_t,Mean inhibition zone diameter (mm) of honeys on microbial strains. || Sample | HO1 |  |  | HO2 |  |  | HO3 |  |  | HO4 |  |  | HO5 |  |  | Control (−) | Control (+) || 75% | 50% | 25% | 75% | 50% | 25,zone,mm,mm,False,False,False,Biochemical Profiling and Physicochemical and Biological Valorization of Iraqi Honey: A Comprehensive Analysis.,2024.0,10.3390/molecules29030671,38338414.0,"Molecules (Basel, Switzerland)",PMC10856440,ho5,,,,,18.3,,,,,,,,,,14.1,4.23,,,
PMC10856440,t5,HO1,Candida albicansInhibition (mm),fungal,zone,,untreated,9.3,,mm,,auto_A_t,Mean inhibition zone diameter (mm) of honeys on microbial strains. || Sample | HO1 |  |  | HO2 |  |  | HO3 |  |  | HO4 |  |  | HO5 |  |  | Control (−) | Control (+) || 75% | 50% | 25% | 75% | 50% | 25,zone,mm,mm,False,False,False,Biochemical Profiling and Physicochemical and Biological Valorization of Iraqi Honey: A Comprehensive Analysis.,2024.0,10.3390/molecules29030671,38338414.0,"Molecules (Basel, Switzerland)",PMC10856440,ho1,,,,,17.67,,,,,,,,,,14.13,4.2,,,
PMC10856440,t5,HO1,Candida albicansInhibition (mm),fungal,zone,,untreated,12.0,,mm,,auto_A_t,Mean inhibition zone diameter (mm) of honeys on microbial strains. || Sample | HO1 |  |  | HO2 |  |  | HO3 |  |  | HO4 |  |  | HO5 |  |  | Control (−) | Control (+) || 75% | 50% | 25% | 75% | 50% | 25,zone,mm,mm,False,False,False,Biochemical Profiling and Physicochemical and Biological Valorization of Iraqi Honey: A Comprehensive Analysis.,2024.0,10.3390/molecules29030671,38338414.0,"Molecules (Basel, Switzerland)",PMC10856440,ho1,,,,,17.67,,,,,,,,,,14.13,4.2,,,
PMC10856440,t5,HO1,Candida albicansInhibition (mm),fungal,zone,,untreated,11.6,,mm,,auto_A_t,Mean inhibition zone diameter (mm) of honeys on microbial strains. || Sample | HO1 |  |  | HO2 |  |  | HO3 |  |  | HO4 |  |  | HO5 |  |  | Control (−) | Control (+) || 75% | 50% | 25% | 75% | 50% | 25,zone,mm,mm,False,False,False,Biochemical Profiling and Physicochemical and Biological Valorization of Iraqi Honey: A Comprehensive Analysis.,2024.0,10.3390/molecules29030671,38338414.0,"Molecules (Basel, Switzerland)",PMC10856440,ho1,,,,,17.67,,,,,,,,,,14.13,4.2,,,
PMC10856440,t5,HO2,Candida albicansInhibition (mm),fungal,zone,,untreated,13.1,,mm,,auto_A_t,Mean inhibition zone diameter (mm) of honeys on microbial strains. || Sample | HO1 |  |  | HO2 |  |  | HO3 |  |  | HO4 |  |  | HO5 |  |  | Control (−) | Control (+) || 75% | 50% | 25% | 75% | 50% | 25,zone,mm,mm,False,False,False,Biochemical Profiling and Physicochemical and Biological Valorization of Iraqi Honey: A Comprehensive Analysis.,2024.0,10.3390/molecules29030671,38338414.0,"Molecules (Basel, Switzerland)",PMC10856440,ho2,,,,,17.23,,,,,,,,,,16.07,4.31,,,
PMC10856440,t5,HO2,Candida albicansInhibition (mm),fungal,zone,,untreated,14.4,,mm,,auto_A_t,Mean inhibition zone diameter (mm) of honeys on microbial strains. || Sample | HO1 |  |  | HO2 |  |  | HO3 |  |  | HO4 |  |  | HO5 |  |  | Control (−) | Control (+) || 75% | 50% | 25% | 75% | 50% | 25,zone,mm,mm,False,False,False,Biochemical Profiling and Physicochemical and Biological Valorization of Iraqi Honey: A Comprehensive Analysis.,2024.0,10.3390/molecules29030671,38338414.0,"Molecules (Basel, Switzerland)",PMC10856440,ho2,,,,,17.23,,,,,,,,,,16.07,4.31,,,
PMC10856440,t5,HO2,Candida albicansInhibition (mm),fungal,zone,,untreated,12.6,,mm,,auto_A_t,Mean inhibition zone diameter (mm) of honeys on microbial strains. || Sample | HO1 |  |  | HO2 |  |  | HO3 |  |  | HO4 |  |  | HO5 |  |  | Control (−) | Control (+) || 75% | 50% | 25% | 75% | 50% | 25,zone,mm,mm,False,False,False,Biochemical Profiling and Physicochemical and Biological Valorization of Iraqi Honey: A Comprehensive Analysis.,2024.0,10.3390/molecules29030671,38338414.0,"Molecules (Basel, Switzerland)",PMC10856440,ho2,,,,,17.23,,,,,,,,,,16.07,4.31,,,
PMC10856440,t5,HO3,Candida albicansInhibition (mm),fungal,zone,,untreated,13.5,,mm,,auto_A_t,Mean inhibition zone diameter (mm) of honeys on microbial strains. || Sample | HO1 |  |  | HO2 |  |  | HO3 |  |  | HO4 |  |  | HO5 |  |  | Control (−) | Control (+) || 75% | 50% | 25% | 75% | 50% | 25,zone,mm,mm,False,False,False,Biochemical Profiling and Physicochemical and Biological Valorization of Iraqi Honey: A Comprehensive Analysis.,2024.0,10.3390/molecules29030671,38338414.0,"Molecules (Basel, Switzerland)",PMC10856440,ho3,,,,,18.13,,,,,,,,,,15.13,4.02,,,
PMC10856440,t5,HO3,Candida albicansInhibition (mm),fungal,zone,,untreated,16.0,,mm,,auto_A_t,Mean inhibition zone diameter (mm) of honeys on microbial strains. || Sample | HO1 |  |  | HO2 |  |  | HO3 |  |  | HO4 |  |  | HO5 |  |  | Control (−) | Control (+) || 75% | 50% | 25% | 75% | 50% | 25,zone,mm,mm,False,False,False,Biochemical Profiling and Physicochemical and Biological Valorization of Iraqi Honey: A Comprehensive Analysis.,2024.0,10.3390/molecules29030671,38338414.0,"Molecules (Basel, Switzerland)",PMC10856440,ho3,,,,,18.13,,,,,,,,,,15.13,4.02,,,
PMC10856440,t5,HO3,Candida albicansInhibition (mm),fungal,zone,,untreated,12.0,,mm,,auto_A_t,Mean inhibition zone diameter (mm) of honeys on microbial strains. || Sample | HO1 |  |  | HO2 |  |  | HO3 |  |  | HO4 |  |  | HO5 |  |  | Control (−) | Control (+) || 75% | 50% | 25% | 75% | 50% | 25,zone,mm,mm,False,False,False,Biochemical Profiling and Physicochemical and Biological Valorization of Iraqi Honey: A Comprehensive Analysis.,2024.0,10.3390/molecules29030671,38338414.0,"Molecules (Basel, Switzerland)",PMC10856440,ho3,,,,,18.13,,,,,,,,,,15.13,4.02,,,
PMC10856440,t5,HO4,Candida albicansInhibition (mm),fungal,zone,,untreated,13.0,,mm,,auto_A_t,Mean inhibition zone diameter (mm) of honeys on microbial strains. || Sample | HO1 |  |  | HO2 |  |  | HO3 |  |  | HO4 |  |  | HO5 |  |  | Control (−) | Control (+) || 75% | 50% | 25% | 75% | 50% | 25,zone,mm,mm,False,False,False,Biochemical Profiling and Physicochemical and Biological Valorization of Iraqi Honey: A Comprehensive Analysis.,2024.0,10.3390/molecules29030671,38338414.0,"Molecules (Basel, Switzerland)",PMC10856440,ho4,,,,,18.87,,,,,,,,,,13.53,4.12,,,
PMC10856440,t5,HO4,Candida albicansInhibition (mm),fungal,zone,,untreated,14.0,,mm,,auto_A_t,Mean inhibition zone diameter (mm) of honeys on microbial strains. || Sample | HO1 |  |  | HO2 |  |  | HO3 |  |  | HO4 |  |  | HO5 |  |  | Control (−) | Control (+) || 75% | 50% | 25% | 75% | 50% | 25,zone,mm,mm,False,False,False,Biochemical Profiling and Physicochemical and Biological Valorization of Iraqi Honey: A Comprehensive Analysis.,2024.0,10.3390/molecules29030671,38338414.0,"Molecules (Basel, Switzerland)",PMC10856440,ho4,,,,,18.87,,,,,,,,,,13.53,4.12,,,
PMC10856440,t5,HO4,Candida albicansInhibition (mm),fungal,zone,,untreated,12.5,,mm,,auto_A_t,Mean inhibition zone diameter (mm) of honeys on microbial strains. || Sample | HO1 |  |  | HO2 |  |  | HO3 |  |  | HO4 |  |  | HO5 |  |  | Control (−) | Control (+) || 75% | 50% | 25% | 75% | 50% | 25,zone,mm,mm,False,False,False,Biochemical Profiling and Physicochemical and Biological Valorization of Iraqi Honey: A Comprehensive Analysis.,2024.0,10.3390/molecules29030671,38338414.0,"Molecules (Basel, Switzerland)",PMC10856440,ho4,,,,,18.87,,,,,,,,,,13.53,4.12,,,
PMC10856440,t5,HO5,Candida albicansInhibition (mm),fungal,zone,,untreated,9.1,,mm,,auto_A_t,Mean inhibition zone diameter (mm) of honeys on microbial strains. || Sample | HO1 |  |  | HO2 |  |  | HO3 |  |  | HO4 |  |  | HO5 |  |  | Control (−) | Control (+) || 75% | 50% | 25% | 75% | 50% | 25,zone,mm,mm,False,False,False,Biochemical Profiling and Physicochemical and Biological Valorization of Iraqi Honey: A Comprehensive Analysis.,2024.0,10.3390/molecules29030671,38338414.0,"Molecules (Basel, Switzerland)",PMC10856440,ho5,,,,,18.3,,,,,,,,,,14.1,4.23,,,
PMC10856440,t5,HO5,Candida albicansInhibition (mm),fungal,zone,,untreated,13.8,,mm,,auto_A_t,Mean inhibition zone diameter (mm) of honeys on microbial strains. || Sample | HO1 |  |  | HO2 |  |  | HO3 |  |  | HO4 |  |  | HO5 |  |  | Control (−) | Control (+) || 75% | 50% | 25% | 75% | 50% | 25,zone,mm,mm,False,False,False,Biochemical Profiling and Physicochemical and Biological Valorization of Iraqi Honey: A Comprehensive Analysis.,2024.0,10.3390/molecules29030671,38338414.0,"Molecules (Basel, Switzerland)",PMC10856440,ho5,,,,,18.3,,,,,,,,,,14.1,4.23,,,
PMC10856440,t5,HO5,Candida albicansInhibition (mm),fungal,zone,,untreated,12.0,,mm,,auto_A_t,Mean inhibition zone diameter (mm) of honeys on microbial strains. || Sample | HO1 |  |  | HO2 |  |  | HO3 |  |  | HO4 |  |  | HO5 |  |  | Control (−) | Control (+) || 75% | 50% | 25% | 75% | 50% | 25,zone,mm,mm,False,False,False,Biochemical Profiling and Physicochemical and Biological Valorization of Iraqi Honey: A Comprehensive Analysis.,2024.0,10.3390/molecules29030671,38338414.0,"Molecules (Basel, Switzerland)",PMC10856440,ho5,,,,,18.3,,,,,,,,,,14.1,4.23,,,
PMC11561629,t8,JUB1,Listeria monocytogenes,L. monocytogenes,MIC,,untreated,0.3,,mg/mL,,auto_A,"Determination of the Minimum Inhibitory
Concentration and Minimum Bactericidal Concentration of Jujube Honey
against Pathogenic Bacteria (mg/mL) ||  | Listeria monocytogenes |  |  |  | Salmonella typh",MIC,mg/mL,mass,False,False,False,"Authentication of <i>Ziziphus lotus</i> Honey from the Middle Atlas Mountains of Morocco: Physicochemical Properties, Mineral Content, Sugar, Polyphenol Profiles, and Antioxidant Capacity.",2024.0,10.1021/acsomega.4c04284,39554406.0,ACS omega,PMC11561629,jub1,,,,,25.5,,,,,,,,0.427,18.1,15.7,3.94,,,
PMC11561629,t8,JUB1,Salmonella typhimirium,Salmonella,MIC,,untreated,0.03,,mg/mL,,auto_A,"Determination of the Minimum Inhibitory
Concentration and Minimum Bactericidal Concentration of Jujube Honey
against Pathogenic Bacteria (mg/mL) ||  | Listeria monocytogenes |  |  |  | Salmonella typh",MIC,mg/mL,mass,False,False,False,"Authentication of <i>Ziziphus lotus</i> Honey from the Middle Atlas Mountains of Morocco: Physicochemical Properties, Mineral Content, Sugar, Polyphenol Profiles, and Antioxidant Capacity.",2024.0,10.1021/acsomega.4c04284,39554406.0,ACS omega,PMC11561629,jub1,,,,,25.5,,,,,,,,0.427,18.1,15.7,3.94,,,
PMC11561629,t8,JUB2,Listeria monocytogenes,L. monocytogenes,MIC,,untreated,0.03,,mg/mL,,auto_A,"Determination of the Minimum Inhibitory
Concentration and Minimum Bactericidal Concentration of Jujube Honey
against Pathogenic Bacteria (mg/mL) ||  | Listeria monocytogenes |  |  |  | Salmonella typh",MIC,mg/mL,mass,False,False,False,"Authentication of <i>Ziziphus lotus</i> Honey from the Middle Atlas Mountains of Morocco: Physicochemical Properties, Mineral Content, Sugar, Polyphenol Profiles, and Antioxidant Capacity.",2024.0,10.1021/acsomega.4c04284,39554406.0,ACS omega,PMC11561629,jub2,,,,,16.3,,,,,,,,0.594,16.6,16.3,4.21,,,
PMC11561629,t8,JUB2,Salmonella typhimirium,Salmonella,MIC,,untreated,0.01,,mg/mL,,auto_A,"Determination of the Minimum Inhibitory
Concentration and Minimum Bactericidal Concentration of Jujube Honey
against Pathogenic Bacteria (mg/mL) ||  | Listeria monocytogenes |  |  |  | Salmonella typh",MIC,mg/mL,mass,False,False,False,"Authentication of <i>Ziziphus lotus</i> Honey from the Middle Atlas Mountains of Morocco: Physicochemical Properties, Mineral Content, Sugar, Polyphenol Profiles, and Antioxidant Capacity.",2024.0,10.1021/acsomega.4c04284,39554406.0,ACS omega,PMC11561629,jub2,,,,,16.3,,,,,,,,0.594,16.6,16.3,4.21,,,
PMC11561629,t8,JUB3,Listeria monocytogenes,L. monocytogenes,MIC,,untreated,0.03,,mg/mL,,auto_A,"Determination of the Minimum Inhibitory
Concentration and Minimum Bactericidal Concentration of Jujube Honey
against Pathogenic Bacteria (mg/mL) ||  | Listeria monocytogenes |  |  |  | Salmonella typh",MIC,mg/mL,mass,False,False,False,"Authentication of <i>Ziziphus lotus</i> Honey from the Middle Atlas Mountains of Morocco: Physicochemical Properties, Mineral Content, Sugar, Polyphenol Profiles, and Antioxidant Capacity.",2024.0,10.1021/acsomega.4c04284,39554406.0,ACS omega,PMC11561629,jub3,,,,,2.5,,,,,,,,0.507,,15.4,5.79,,,
PMC11561629,t8,JUB3,Salmonella typhimirium,Salmonella,MIC,,untreated,0.01,,mg/mL,,auto_A,"Determination of the Minimum Inhibitory
Concentration and Minimum Bactericidal Concentration of Jujube Honey
against Pathogenic Bacteria (mg/mL) ||  | Listeria monocytogenes |  |  |  | Salmonella typh",MIC,mg/mL,mass,False,False,False,"Authentication of <i>Ziziphus lotus</i> Honey from the Middle Atlas Mountains of Morocco: Physicochemical Properties, Mineral Content, Sugar, Polyphenol Profiles, and Antioxidant Capacity.",2024.0,10.1021/acsomega.4c04284,39554406.0,ACS omega,PMC11561629,jub3,,,,,2.5,,,,,,,,0.507,,15.4,5.79,,,
PMC11561629,t8,JUB4,Listeria monocytogenes,L. monocytogenes,MIC,,untreated,0.03,,mg/mL,,auto_A,"Determination of the Minimum Inhibitory
Concentration and Minimum Bactericidal Concentration of Jujube Honey
against Pathogenic Bacteria (mg/mL) ||  | Listeria monocytogenes |  |  |  | Salmonella typh",MIC,mg/mL,mass,False,False,False,"Authentication of <i>Ziziphus lotus</i> Honey from the Middle Atlas Mountains of Morocco: Physicochemical Properties, Mineral Content, Sugar, Polyphenol Profiles, and Antioxidant Capacity.",2024.0,10.1021/acsomega.4c04284,39554406.0,ACS omega,PMC11561629,jub4,,,,,29.2,,,,,,,,0.467,15.1,15.1,4.17,,,
PMC11561629,t8,JUB4,Salmonella typhimirium,Salmonella,MIC,,untreated,0.01,,mg/mL,,auto_A,"Determination of the Minimum Inhibitory
Concentration and Minimum Bactericidal Concentration of Jujube Honey
against Pathogenic Bacteria (mg/mL) ||  | Listeria monocytogenes |  |  |  | Salmonella typh",MIC,mg/mL,mass,False,False,False,"Authentication of <i>Ziziphus lotus</i> Honey from the Middle Atlas Mountains of Morocco: Physicochemical Properties, Mineral Content, Sugar, Polyphenol Profiles, and Antioxidant Capacity.",2024.0,10.1021/acsomega.4c04284,39554406.0,ACS omega,PMC11561629,jub4,,,,,29.2,,,,,,,,0.467,15.1,15.1,4.17,,,
PMC11561629,t8,JUB5,Listeria monocytogenes,L. monocytogenes,MIC,,untreated,0.1,,mg/mL,,auto_A,"Determination of the Minimum Inhibitory
Concentration and Minimum Bactericidal Concentration of Jujube Honey
against Pathogenic Bacteria (mg/mL) ||  | Listeria monocytogenes |  |  |  | Salmonella typh",MIC,mg/mL,mass,False,False,False,"Authentication of <i>Ziziphus lotus</i> Honey from the Middle Atlas Mountains of Morocco: Physicochemical Properties, Mineral Content, Sugar, Polyphenol Profiles, and Antioxidant Capacity.",2024.0,10.1021/acsomega.4c04284,39554406.0,ACS omega,PMC11561629,jub5,,,,,40.0,,,,,,,,0.607,7.2,18.6,4.82,,,
PMC11561629,t8,JUB5,Salmonella typhimirium,Salmonella,MIC,,untreated,0.003,,mg/mL,,auto_A,"Determination of the Minimum Inhibitory
Concentration and Minimum Bactericidal Concentration of Jujube Honey
against Pathogenic Bacteria (mg/mL) ||  | Listeria monocytogenes |  |  |  | Salmonella typh",MIC,mg/mL,mass,False,False,False,"Authentication of <i>Ziziphus lotus</i> Honey from the Middle Atlas Mountains of Morocco: Physicochemical Properties, Mineral Content, Sugar, Polyphenol Profiles, and Antioxidant Capacity.",2024.0,10.1021/acsomega.4c04284,39554406.0,ACS omega,PMC11561629,jub5,,,,,40.0,,,,,,,,0.607,7.2,18.6,4.82,,,
PMC11561629,t8,JUB7,Listeria monocytogenes,L. monocytogenes,MIC,,untreated,0.1,,mg/mL,,auto_A,"Determination of the Minimum Inhibitory
Concentration and Minimum Bactericidal Concentration of Jujube Honey
against Pathogenic Bacteria (mg/mL) ||  | Listeria monocytogenes |  |  |  | Salmonella typh",MIC,mg/mL,mass,False,False,False,"Authentication of <i>Ziziphus lotus</i> Honey from the Middle Atlas Mountains of Morocco: Physicochemical Properties, Mineral Content, Sugar, Polyphenol Profiles, and Antioxidant Capacity.",2024.0,10.1021/acsomega.4c04284,39554406.0,ACS omega,PMC11561629,jub7,,,,,1.2,,,,,,,,0.527,,17.0,5.65,,,
PMC11561629,t8,JUB7,Salmonella typhimirium,Salmonella,MIC,,untreated,0.01,,mg/mL,,auto_A,"Determination of the Minimum Inhibitory
Concentration and Minimum Bactericidal Concentration of Jujube Honey
against Pathogenic Bacteria (mg/mL) ||  | Listeria monocytogenes |  |  |  | Salmonella typh",MIC,mg/mL,mass,False,False,False,"Authentication of <i>Ziziphus lotus</i> Honey from the Middle Atlas Mountains of Morocco: Physicochemical Properties, Mineral Content, Sugar, Polyphenol Profiles, and Antioxidant Capacity.",2024.0,10.1021/acsomega.4c04284,39554406.0,ACS omega,PMC11561629,jub7,,,,,1.2,,,,,,,,0.527,,17.0,5.65,,,
PMC11561629,t8,JUB8,Listeria monocytogenes,L. monocytogenes,MIC,,untreated,0.3,,mg/mL,,auto_A,"Determination of the Minimum Inhibitory
Concentration and Minimum Bactericidal Concentration of Jujube Honey
against Pathogenic Bacteria (mg/mL) ||  | Listeria monocytogenes |  |  |  | Salmonella typh",MIC,mg/mL,mass,False,False,False,"Authentication of <i>Ziziphus lotus</i> Honey from the Middle Atlas Mountains of Morocco: Physicochemical Properties, Mineral Content, Sugar, Polyphenol Profiles, and Antioxidant Capacity.",2024.0,10.1021/acsomega.4c04284,39554406.0,ACS omega,PMC11561629,jub8,,,,,3.3,,,,,,,,0.664,7.8,14.5,4.78,,,
PMC11561629,t8,JUB8,Salmonella typhimirium,Salmonella,MIC,,untreated,0.01,,mg/mL,,auto_A,"Determination of the Minimum Inhibitory
Concentration and Minimum Bactericidal Concentration of Jujube Honey
against Pathogenic Bacteria (mg/mL) ||  | Listeria monocytogenes |  |  |  | Salmonella typh",MIC,mg/mL,mass,False,False,False,"Authentication of <i>Ziziphus lotus</i> Honey from the Middle Atlas Mountains of Morocco: Physicochemical Properties, Mineral Content, Sugar, Polyphenol Profiles, and Antioxidant Capacity.",2024.0,10.1021/acsomega.4c04284,39554406.0,ACS omega,PMC11561629,jub8,,,,,3.3,,,,,,,,0.664,7.8,14.5,4.78,,,
PMC11561629,t8,JUB9,Listeria monocytogenes,L. monocytogenes,MIC,,untreated,0.1,,mg/mL,,auto_A,"Determination of the Minimum Inhibitory
Concentration and Minimum Bactericidal Concentration of Jujube Honey
against Pathogenic Bacteria (mg/mL) ||  | Listeria monocytogenes |  |  |  | Salmonella typh",MIC,mg/mL,mass,False,False,False,"Authentication of <i>Ziziphus lotus</i> Honey from the Middle Atlas Mountains of Morocco: Physicochemical Properties, Mineral Content, Sugar, Polyphenol Profiles, and Antioxidant Capacity.",2024.0,10.1021/acsomega.4c04284,39554406.0,ACS omega,PMC11561629,jub9,,,,,1.1,,,,,,,,0.612,,13.7,5.94,,,
PMC11561629,t8,JUB9,Salmonella typhimirium,Salmonella,MIC,,untreated,0.03,,mg/mL,,auto_A,"Determination of the Minimum Inhibitory
Concentration and Minimum Bactericidal Concentration of Jujube Honey
against Pathogenic Bacteria (mg/mL) ||  | Listeria monocytogenes |  |  |  | Salmonella typh",MIC,mg/mL,mass,False,False,False,"Authentication of <i>Ziziphus lotus</i> Honey from the Middle Atlas Mountains of Morocco: Physicochemical Properties, Mineral Content, Sugar, Polyphenol Profiles, and Antioxidant Capacity.",2024.0,10.1021/acsomega.4c04284,39554406.0,ACS omega,PMC11561629,jub9,,,,,1.1,,,,,,,,0.612,,13.7,5.94,,,
PMC11561629,t8,JUB10,Listeria monocytogenes,L. monocytogenes,MIC,,untreated,0.1,,mg/mL,,auto_A,"Determination of the Minimum Inhibitory
Concentration and Minimum Bactericidal Concentration of Jujube Honey
against Pathogenic Bacteria (mg/mL) ||  | Listeria monocytogenes |  |  |  | Salmonella typh",MIC,mg/mL,mass,False,False,False,"Authentication of <i>Ziziphus lotus</i> Honey from the Middle Atlas Mountains of Morocco: Physicochemical Properties, Mineral Content, Sugar, Polyphenol Profiles, and Antioxidant Capacity.",2024.0,10.1021/acsomega.4c04284,39554406.0,ACS omega,PMC11561629,jub10,,,,,1.7,,,,,,,,0.714,,15.2,6.41,,,
PMC11561629,t8,JUB10,Salmonella typhimirium,Salmonella,MIC,,untreated,0.03,,mg/mL,,auto_A,"Determination of the Minimum Inhibitory
Concentration and Minimum Bactericidal Concentration of Jujube Honey
against Pathogenic Bacteria (mg/mL) ||  | Listeria monocytogenes |  |  |  | Salmonella typh",MIC,mg/mL,mass,False,False,False,"Authentication of <i>Ziziphus lotus</i> Honey from the Middle Atlas Mountains of Morocco: Physicochemical Properties, Mineral Content, Sugar, Polyphenol Profiles, and Antioxidant Capacity.",2024.0,10.1021/acsomega.4c04284,39554406.0,ACS omega,PMC11561629,jub10,,,,,1.7,,,,,,,,0.714,,15.2,6.41,,,
PMC11561629,t8,JUB11,Listeria monocytogenes,L. monocytogenes,MIC,,untreated,0.1,,mg/mL,,auto_A,"Determination of the Minimum Inhibitory
Concentration and Minimum Bactericidal Concentration of Jujube Honey
against Pathogenic Bacteria (mg/mL) ||  | Listeria monocytogenes |  |  |  | Salmonella typh",MIC,mg/mL,mass,False,False,False,"Authentication of <i>Ziziphus lotus</i> Honey from the Middle Atlas Mountains of Morocco: Physicochemical Properties, Mineral Content, Sugar, Polyphenol Profiles, and Antioxidant Capacity.",2024.0,10.1021/acsomega.4c04284,39554406.0,ACS omega,PMC11561629,jub11,,,,,4.2,,,,,,,,0.407,13.8,15.2,4.1,,,
PMC11561629,t8,JUB11,Salmonella typhimirium,Salmonella,MIC,,untreated,0.01,,mg/mL,,auto_A,"Determination of the Minimum Inhibitory
Concentration and Minimum Bactericidal Concentration of Jujube Honey
against Pathogenic Bacteria (mg/mL) ||  | Listeria monocytogenes |  |  |  | Salmonella typh",MIC,mg/mL,mass,False,False,False,"Authentication of <i>Ziziphus lotus</i> Honey from the Middle Atlas Mountains of Morocco: Physicochemical Properties, Mineral Content, Sugar, Polyphenol Profiles, and Antioxidant Capacity.",2024.0,10.1021/acsomega.4c04284,39554406.0,ACS omega,PMC11561629,jub11,,,,,4.2,,,,,,,,0.407,13.8,15.2,4.1,,,
PMC11561629,t8,JUB12,Listeria monocytogenes,L. monocytogenes,MIC,,untreated,0.03,,mg/mL,,auto_A,"Determination of the Minimum Inhibitory
Concentration and Minimum Bactericidal Concentration of Jujube Honey
against Pathogenic Bacteria (mg/mL) ||  | Listeria monocytogenes |  |  |  | Salmonella typh",MIC,mg/mL,mass,False,False,False,"Authentication of <i>Ziziphus lotus</i> Honey from the Middle Atlas Mountains of Morocco: Physicochemical Properties, Mineral Content, Sugar, Polyphenol Profiles, and Antioxidant Capacity.",2024.0,10.1021/acsomega.4c04284,39554406.0,ACS omega,PMC11561629,jub12,,,,,1.4,,,,,,,,0.615,8.4,15.6,5.08,,,
PMC11561629,t8,JUB12,Salmonella typhimirium,Salmonella,MIC,,untreated,0.01,,mg/mL,,auto_A,"Determination of the Minimum Inhibitory
Concentration and Minimum Bactericidal Concentration of Jujube Honey
against Pathogenic Bacteria (mg/mL) ||  | Listeria monocytogenes |  |  |  | Salmonella typh",MIC,mg/mL,mass,False,False,False,"Authentication of <i>Ziziphus lotus</i> Honey from the Middle Atlas Mountains of Morocco: Physicochemical Properties, Mineral Content, Sugar, Polyphenol Profiles, and Antioxidant Capacity.",2024.0,10.1021/acsomega.4c04284,39554406.0,ACS omega,PMC11561629,jub12,,,,,1.4,,,,,,,,0.615,8.4,15.6,5.08,,,
PMC11675739,t2,S3,Staphylococcus aureus ATCC 25923,S. aureus,MIC,,untreated,12.33,,%,,auto_A,Antimicrobial activity in honeys in the western region of Algeria. ||  | Gram-Positive |  |  |  |  |  |  |  |  |  | Gram-Negative |  |  |  |  ||  | Staphylococcus aureus ATCC 43300 |  |  |  |  | Staph,MIC,%w/v,%w/v,False,False,False,"Bioactive Compounds, Antioxidant Properties, and Antimicrobial Profiling of a Range of West Algerian Honeys: In Vitro Comparative Screening Prior to Therapeutic Purpose.",2024.0,10.3390/foods13244120,39767065.0,"Foods (Basel, Switzerland)",PMC11675739,s3,,,,,,,2.47,57.64,,,,,,,,3.88,,,
PMC11675739,t2,S5,Staphylococcus aureus ATCC 43300,S. aureus,MIC,,untreated,13.33,,%,,auto_A,Antimicrobial activity in honeys in the western region of Algeria. ||  | Gram-Positive |  |  |  |  |  |  |  |  |  | Gram-Negative |  |  |  |  ||  | Staphylococcus aureus ATCC 43300 |  |  |  |  | Staph,MIC,%w/v,%w/v,False,False,False,"Bioactive Compounds, Antioxidant Properties, and Antimicrobial Profiling of a Range of West Algerian Honeys: In Vitro Comparative Screening Prior to Therapeutic Purpose.",2024.0,10.3390/foods13244120,39767065.0,"Foods (Basel, Switzerland)",PMC11675739,s5,,,,,,,9.35,42.91,,,,,,,,5.62,,,
PMC11675739,t2,S5,Staphylococcus aureus ATCC 25923,S. aureus,MIC,,untreated,28.33,,%,,auto_A,Antimicrobial activity in honeys in the western region of Algeria. ||  | Gram-Positive |  |  |  |  |  |  |  |  |  | Gram-Negative |  |  |  |  ||  | Staphylococcus aureus ATCC 43300 |  |  |  |  | Staph,MIC,%w/v,%w/v,False,False,False,"Bioactive Compounds, Antioxidant Properties, and Antimicrobial Profiling of a Range of West Algerian Honeys: In Vitro Comparative Screening Prior to Therapeutic Purpose.",2024.0,10.3390/foods13244120,39767065.0,"Foods (Basel, Switzerland)",PMC11675739,s5,,,,,,,9.35,42.91,,,,,,,,5.62,,,
PMC11675739,t2,S6,Staphylococcus aureus ATCC 43300,S. aureus,MIC,,untreated,14.33,,%,,auto_A,Antimicrobial activity in honeys in the western region of Algeria. ||  | Gram-Positive |  |  |  |  |  |  |  |  |  | Gram-Negative |  |  |  |  ||  | Staphylococcus aureus ATCC 43300 |  |  |  |  | Staph,MIC,%w/v,%w/v,False,False,False,"Bioactive Compounds, Antioxidant Properties, and Antimicrobial Profiling of a Range of West Algerian Honeys: In Vitro Comparative Screening Prior to Therapeutic Purpose.",2024.0,10.3390/foods13244120,39767065.0,"Foods (Basel, Switzerland)",PMC11675739,s6,,,,,,,17.26,71.18,,,,,,,,3.99,,,
PMC11675739,t2,S6,Staphylococcus aureus ATCC 25923,S. aureus,MIC,,untreated,14.0,,%,,auto_A,Antimicrobial activity in honeys in the western region of Algeria. ||  | Gram-Positive |  |  |  |  |  |  |  |  |  | Gram-Negative |  |  |  |  ||  | Staphylococcus aureus ATCC 43300 |  |  |  |  | Staph,MIC,%w/v,%w/v,False,False,False,"Bioactive Compounds, Antioxidant Properties, and Antimicrobial Profiling of a Range of West Algerian Honeys: In Vitro Comparative Screening Prior to Therapeutic Purpose.",2024.0,10.3390/foods13244120,39767065.0,"Foods (Basel, Switzerland)",PMC11675739,s6,,,,,,,17.26,71.18,,,,,,,,3.99,,,
PMC11675739,t2,S8,Staphylococcus aureus ATCC 25923,S. aureus,MIC,,untreated,13.33,,%,,auto_A,Antimicrobial activity in honeys in the western region of Algeria. ||  | Gram-Positive |  |  |  |  |  |  |  |  |  | Gram-Negative |  |  |  |  ||  | Staphylococcus aureus ATCC 43300 |  |  |  |  | Staph,MIC,%w/v,%w/v,False,False,False,"Bioactive Compounds, Antioxidant Properties, and Antimicrobial Profiling of a Range of West Algerian Honeys: In Vitro Comparative Screening Prior to Therapeutic Purpose.",2024.0,10.3390/foods13244120,39767065.0,"Foods (Basel, Switzerland)",PMC11675739,s8,,,,,,,4.85,54.82,,,,,,,,4.28,,,
PMC11675739,t2,S11,Staphylococcus aureus ATCC 25923,S. aureus,MIC,,untreated,10.33,,%,,auto_A,Antimicrobial activity in honeys in the western region of Algeria. ||  | Gram-Positive |  |  |  |  |  |  |  |  |  | Gram-Negative |  |  |  |  ||  | Staphylococcus aureus ATCC 43300 |  |  |  |  | Staph,MIC,%w/v,%w/v,False,False,False,"Bioactive Compounds, Antioxidant Properties, and Antimicrobial Profiling of a Range of West Algerian Honeys: In Vitro Comparative Screening Prior to Therapeutic Purpose.",2024.0,10.3390/foods13244120,39767065.0,"Foods (Basel, Switzerland)",PMC11675739,s11,,,,,,,5.76,44.25,,,,,,,,4.6,,,
PMC11675739,t2,S11,Pseudomonas aeruginosa ATCC 27853,P. aeruginosa,MIC,,untreated,8.0,,%,,auto_A,Antimicrobial activity in honeys in the western region of Algeria. ||  | Gram-Positive |  |  |  |  |  |  |  |  |  | Gram-Negative |  |  |  |  ||  | Staphylococcus aureus ATCC 43300 |  |  |  |  | Staph,MIC,%w/v,%w/v,False,False,False,"Bioactive Compounds, Antioxidant Properties, and Antimicrobial Profiling of a Range of West Algerian Honeys: In Vitro Comparative Screening Prior to Therapeutic Purpose.",2024.0,10.3390/foods13244120,39767065.0,"Foods (Basel, Switzerland)",PMC11675739,s11,,,,,,,5.76,44.25,,,,,,,,4.6,,,
PMC11675739,t2,S13,Staphylococcus aureus ATCC 25923,S. aureus,MIC,,untreated,15.67,,%,,auto_A,Antimicrobial activity in honeys in the western region of Algeria. ||  | Gram-Positive |  |  |  |  |  |  |  |  |  | Gram-Negative |  |  |  |  ||  | Staphylococcus aureus ATCC 43300 |  |  |  |  | Staph,MIC,%w/v,%w/v,False,False,False,"Bioactive Compounds, Antioxidant Properties, and Antimicrobial Profiling of a Range of West Algerian Honeys: In Vitro Comparative Screening Prior to Therapeutic Purpose.",2024.0,10.3390/foods13244120,39767065.0,"Foods (Basel, Switzerland)",PMC11675739,s13,,,,,,,13.37,52.23,,,,,,,,4.11,,,
PMC11675739,t2,S14,Staphylococcus aureus ATCC 25923,S. aureus,MIC,,untreated,9.0,,%,,auto_A,Antimicrobial activity in honeys in the western region of Algeria. ||  | Gram-Positive |  |  |  |  |  |  |  |  |  | Gram-Negative |  |  |  |  ||  | Staphylococcus aureus ATCC 43300 |  |  |  |  | Staph,MIC,%w/v,%w/v,False,False,False,"Bioactive Compounds, Antioxidant Properties, and Antimicrobial Profiling of a Range of West Algerian Honeys: In Vitro Comparative Screening Prior to Therapeutic Purpose.",2024.0,10.3390/foods13244120,39767065.0,"Foods (Basel, Switzerland)",PMC11675739,s14,,,,,,,9.54,56.55,,,,,,,,4.63,,,
PMC11675739,t2,S19,Staphylococcus aureus ATCC 25923,S. aureus,MIC,,untreated,12.33,,%,,auto_A,Antimicrobial activity in honeys in the western region of Algeria. ||  | Gram-Positive |  |  |  |  |  |  |  |  |  | Gram-Negative |  |  |  |  ||  | Staphylococcus aureus ATCC 43300 |  |  |  |  | Staph,MIC,%w/v,%w/v,False,False,False,"Bioactive Compounds, Antioxidant Properties, and Antimicrobial Profiling of a Range of West Algerian Honeys: In Vitro Comparative Screening Prior to Therapeutic Purpose.",2024.0,10.3390/foods13244120,39767065.0,"Foods (Basel, Switzerland)",PMC11675739,s19,,,,,,,5.04,39.62,,,,,,,,5.12,,,
PMC11675739,t2,S20,Staphylococcus aureus ATCC 25923,S. aureus,MIC,,untreated,13.0,,%,,auto_A,Antimicrobial activity in honeys in the western region of Algeria. ||  | Gram-Positive |  |  |  |  |  |  |  |  |  | Gram-Negative |  |  |  |  ||  | Staphylococcus aureus ATCC 43300 |  |  |  |  | Staph,MIC,%w/v,%w/v,False,False,False,"Bioactive Compounds, Antioxidant Properties, and Antimicrobial Profiling of a Range of West Algerian Honeys: In Vitro Comparative Screening Prior to Therapeutic Purpose.",2024.0,10.3390/foods13244120,39767065.0,"Foods (Basel, Switzerland)",PMC11675739,s20,,,,,,,5.53,32.87,,,,,,,,4.4,,,
PMC11675739,t2,S20,Pseudomonas aeruginosa ATCC 27853,P. aeruginosa,MIC,,untreated,8.0,,%,,auto_A,Antimicrobial activity in honeys in the western region of Algeria. ||  | Gram-Positive |  |  |  |  |  |  |  |  |  | Gram-Negative |  |  |  |  ||  | Staphylococcus aureus ATCC 43300 |  |  |  |  | Staph,MIC,%w/v,%w/v,False,False,False,"Bioactive Compounds, Antioxidant Properties, and Antimicrobial Profiling of a Range of West Algerian Honeys: In Vitro Comparative Screening Prior to Therapeutic Purpose.",2024.0,10.3390/foods13244120,39767065.0,"Foods (Basel, Switzerland)",PMC11675739,s20,,,,,,,5.53,32.87,,,,,,,,4.4,,,
PMC11675739,t2,S21,Staphylococcus aureus ATCC 43300,S. aureus,MIC,,untreated,14.33,,%,,auto_A,Antimicrobial activity in honeys in the western region of Algeria. ||  | Gram-Positive |  |  |  |  |  |  |  |  |  | Gram-Negative |  |  |  |  ||  | Staphylococcus aureus ATCC 43300 |  |  |  |  | Staph,MIC,%w/v,%w/v,False,False,False,"Bioactive Compounds, Antioxidant Properties, and Antimicrobial Profiling of a Range of West Algerian Honeys: In Vitro Comparative Screening Prior to Therapeutic Purpose.",2024.0,10.3390/foods13244120,39767065.0,"Foods (Basel, Switzerland)",PMC11675739,s21,,,,,,,7.11,61.57,,,,,,,,4.19,,,
PMC11675739,t2,S21,Staphylococcus aureus ATCC 25923,S. aureus,MIC,,untreated,14.33,,%,,auto_A,Antimicrobial activity in honeys in the western region of Algeria. ||  | Gram-Positive |  |  |  |  |  |  |  |  |  | Gram-Negative |  |  |  |  ||  | Staphylococcus aureus ATCC 43300 |  |  |  |  | Staph,MIC,%w/v,%w/v,False,False,False,"Bioactive Compounds, Antioxidant Properties, and Antimicrobial Profiling of a Range of West Algerian Honeys: In Vitro Comparative Screening Prior to Therapeutic Purpose.",2024.0,10.3390/foods13244120,39767065.0,"Foods (Basel, Switzerland)",PMC11675739,s21,,,,,,,7.11,61.57,,,,,,,,4.19,,,
PMC11675739,t2,S23,Staphylococcus aureus ATCC 25923,S. aureus,MIC,,untreated,30.0,,%,,auto_A,Antimicrobial activity in honeys in the western region of Algeria. ||  | Gram-Positive |  |  |  |  |  |  |  |  |  | Gram-Negative |  |  |  |  ||  | Staphylococcus aureus ATCC 43300 |  |  |  |  | Staph,MIC,%w/v,%w/v,False,False,False,"Bioactive Compounds, Antioxidant Properties, and Antimicrobial Profiling of a Range of West Algerian Honeys: In Vitro Comparative Screening Prior to Therapeutic Purpose.",2024.0,10.3390/foods13244120,39767065.0,"Foods (Basel, Switzerland)",PMC11675739,s23,,,,,,,13.37,48.69,,,,,,,,4.27,,,
PMC11675739,t2,S24,Staphylococcus aureus ATCC 25923,S. aureus,MIC,,untreated,17.67,,%,,auto_A,Antimicrobial activity in honeys in the western region of Algeria. ||  | Gram-Positive |  |  |  |  |  |  |  |  |  | Gram-Negative |  |  |  |  ||  | Staphylococcus aureus ATCC 43300 |  |  |  |  | Staph,MIC,%w/v,%w/v,False,False,False,"Bioactive Compounds, Antioxidant Properties, and Antimicrobial Profiling of a Range of West Algerian Honeys: In Vitro Comparative Screening Prior to Therapeutic Purpose.",2024.0,10.3390/foods13244120,39767065.0,"Foods (Basel, Switzerland)",PMC11675739,s24,,,,,,,4.4,33.5,,,,,,,,3.88,,,
PMC11675739,t2,S25,Staphylococcus aureus ATCC 43300,S. aureus,MIC,,untreated,14.33,,%,,auto_A,Antimicrobial activity in honeys in the western region of Algeria. ||  | Gram-Positive |  |  |  |  |  |  |  |  |  | Gram-Negative |  |  |  |  ||  | Staphylococcus aureus ATCC 43300 |  |  |  |  | Staph,MIC,%w/v,%w/v,False,False,False,"Bioactive Compounds, Antioxidant Properties, and Antimicrobial Profiling of a Range of West Algerian Honeys: In Vitro Comparative Screening Prior to Therapeutic Purpose.",2024.0,10.3390/foods13244120,39767065.0,"Foods (Basel, Switzerland)",PMC11675739,s25,,,,,,,9.4,43.34,,,,,,,,4.1,,,
PMC11675739,t2,S25,Staphylococcus aureus ATCC 25923,S. aureus,MIC,,untreated,12.33,,%,,auto_A,Antimicrobial activity in honeys in the western region of Algeria. ||  | Gram-Positive |  |  |  |  |  |  |  |  |  | Gram-Negative |  |  |  |  ||  | Staphylococcus aureus ATCC 43300 |  |  |  |  | Staph,MIC,%w/v,%w/v,False,False,False,"Bioactive Compounds, Antioxidant Properties, and Antimicrobial Profiling of a Range of West Algerian Honeys: In Vitro Comparative Screening Prior to Therapeutic Purpose.",2024.0,10.3390/foods13244120,39767065.0,"Foods (Basel, Switzerland)",PMC11675739,s25,,,,,,,9.4,43.34,,,,,,,,4.1,,,
PMC11675739,t2,S27,Staphylococcus aureus ATCC 25923,S. aureus,MIC,,untreated,10.33,,%,,auto_A,Antimicrobial activity in honeys in the western region of Algeria. ||  | Gram-Positive |  |  |  |  |  |  |  |  |  | Gram-Negative |  |  |  |  ||  | Staphylococcus aureus ATCC 43300 |  |  |  |  | Staph,MIC,%w/v,%w/v,False,False,False,"Bioactive Compounds, Antioxidant Properties, and Antimicrobial Profiling of a Range of West Algerian Honeys: In Vitro Comparative Screening Prior to Therapeutic Purpose.",2024.0,10.3390/foods13244120,39767065.0,"Foods (Basel, Switzerland)",PMC11675739,s27,,,,,,,10.84,46.53,,,,,,,,4.29,,,
PMC11675739,t2,S27,Pseudomonas aeruginosa ATCC 27853,P. aeruginosa,MIC,,untreated,8.0,,%,,auto_A,Antimicrobial activity in honeys in the western region of Algeria. ||  | Gram-Positive |  |  |  |  |  |  |  |  |  | Gram-Negative |  |  |  |  ||  | Staphylococcus aureus ATCC 43300 |  |  |  |  | Staph,MIC,%w/v,%w/v,False,False,False,"Bioactive Compounds, Antioxidant Properties, and Antimicrobial Profiling of a Range of West Algerian Honeys: In Vitro Comparative Screening Prior to Therapeutic Purpose.",2024.0,10.3390/foods13244120,39767065.0,"Foods (Basel, Switzerland)",PMC11675739,s27,,,,,,,10.84,46.53,,,,,,,,4.29,,,
PMC11675739,t2,S30,Staphylococcus aureus ATCC 25923,S. aureus,MIC,,untreated,13.33,,%,,auto_A,Antimicrobial activity in honeys in the western region of Algeria. ||  | Gram-Positive |  |  |  |  |  |  |  |  |  | Gram-Negative |  |  |  |  ||  | Staphylococcus aureus ATCC 43300 |  |  |  |  | Staph,MIC,%w/v,%w/v,False,False,False,"Bioactive Compounds, Antioxidant Properties, and Antimicrobial Profiling of a Range of West Algerian Honeys: In Vitro Comparative Screening Prior to Therapeutic Purpose.",2024.0,10.3390/foods13244120,39767065.0,"Foods (Basel, Switzerland)",PMC11675739,s30,,,,,,,13.37,36.37,,,,,,,,4.0,,,
PMC11675739,t2,S30,Pseudomonas aeruginosa ATCC 27853,P. aeruginosa,MIC,,untreated,8.67,,%,,auto_A,Antimicrobial activity in honeys in the western region of Algeria. ||  | Gram-Positive |  |  |  |  |  |  |  |  |  | Gram-Negative |  |  |  |  ||  | Staphylococcus aureus ATCC 43300 |  |  |  |  | Staph,MIC,%w/v,%w/v,False,False,False,"Bioactive Compounds, Antioxidant Properties, and Antimicrobial Profiling of a Range of West Algerian Honeys: In Vitro Comparative Screening Prior to Therapeutic Purpose.",2024.0,10.3390/foods13244120,39767065.0,"Foods (Basel, Switzerland)",PMC11675739,s30,,,,,,,13.37,36.37,,,,,,,,4.0,,,
PMC11675739,t2,S32,Staphylococcus aureus ATCC 43300,S. aureus,MIC,,untreated,11.33,,%,,auto_A,Antimicrobial activity in honeys in the western region of Algeria. ||  | Gram-Positive |  |  |  |  |  |  |  |  |  | Gram-Negative |  |  |  |  ||  | Staphylococcus aureus ATCC 43300 |  |  |  |  | Staph,MIC,%w/v,%w/v,False,False,False,"Bioactive Compounds, Antioxidant Properties, and Antimicrobial Profiling of a Range of West Algerian Honeys: In Vitro Comparative Screening Prior to Therapeutic Purpose.",2024.0,10.3390/foods13244120,39767065.0,"Foods (Basel, Switzerland)",PMC11675739,s32,,,,,,,12.65,40.27,,,,,,,,4.69,,,
PMC11675739,t2,S32,Staphylococcus aureus ATCC 25923,S. aureus,MIC,,untreated,12.33,,%,,auto_A,Antimicrobial activity in honeys in the western region of Algeria. ||  | Gram-Positive |  |  |  |  |  |  |  |  |  | Gram-Negative |  |  |  |  ||  | Staphylococcus aureus ATCC 43300 |  |  |  |  | Staph,MIC,%w/v,%w/v,False,False,False,"Bioactive Compounds, Antioxidant Properties, and Antimicrobial Profiling of a Range of West Algerian Honeys: In Vitro Comparative Screening Prior to Therapeutic Purpose.",2024.0,10.3390/foods13244120,39767065.0,"Foods (Basel, Switzerland)",PMC11675739,s32,,,,,,,12.65,40.27,,,,,,,,4.69,,,
PMC11675739,t2,S32,Pseudomonas aeruginosa ATCC 27853,P. aeruginosa,MIC,,untreated,8.33,,%,,auto_A,Antimicrobial activity in honeys in the western region of Algeria. ||  | Gram-Positive |  |  |  |  |  |  |  |  |  | Gram-Negative |  |  |  |  ||  | Staphylococcus aureus ATCC 43300 |  |  |  |  | Staph,MIC,%w/v,%w/v,False,False,False,"Bioactive Compounds, Antioxidant Properties, and Antimicrobial Profiling of a Range of West Algerian Honeys: In Vitro Comparative Screening Prior to Therapeutic Purpose.",2024.0,10.3390/foods13244120,39767065.0,"Foods (Basel, Switzerland)",PMC11675739,s32,,,,,,,12.65,40.27,,,,,,,,4.69,,,
PMC11682447,t3,1,S. aureus ATCC 25923,S. aureus,MBC,,untreated,30.0,,,,auto_A,Minimal inhibitory concentration (MIC 90) and minimal bactericidal concentration (MBC) for tested honeydew and Manuka honeys. || Honey | S. aureus ATCC 25923 |  | B. cereus PCM 482 |  | E. coli NCTC 1,MBC,,other,False,False,False,"The comparison of the antioxidant, antibacterial and antiviral potential of Polish fir honeydew and Manuka honeys.",2024.0,10.1038/s41598-024-82429-0,39732871.0,Scientific reports,PMC11682447,1,,,8.9,,23.5,,,690.7,,,,9.41,0.307,21.0,17.3,4.26,,,8.9
PMC11682447,t3,1,B. cereus PCM 482,B. cereus/Bacillus,MBC,,untreated,30.0,,,,auto_A,Minimal inhibitory concentration (MIC 90) and minimal bactericidal concentration (MBC) for tested honeydew and Manuka honeys. || Honey | S. aureus ATCC 25923 |  | B. cereus PCM 482 |  | E. coli NCTC 1,MBC,,other,False,False,False,"The comparison of the antioxidant, antibacterial and antiviral potential of Polish fir honeydew and Manuka honeys.",2024.0,10.1038/s41598-024-82429-0,39732871.0,Scientific reports,PMC11682447,1,,,8.9,,23.5,,,690.7,,,,9.41,0.307,21.0,17.3,4.26,,,8.9
PMC11682447,t3,1,E. coli NCTC 1893,E. coli,MBC,,untreated,30.0,,,,auto_A,Minimal inhibitory concentration (MIC 90) and minimal bactericidal concentration (MBC) for tested honeydew and Manuka honeys. || Honey | S. aureus ATCC 25923 |  | B. cereus PCM 482 |  | E. coli NCTC 1,MBC,,other,False,False,False,"The comparison of the antioxidant, antibacterial and antiviral potential of Polish fir honeydew and Manuka honeys.",2024.0,10.1038/s41598-024-82429-0,39732871.0,Scientific reports,PMC11682447,1,,,8.9,,23.5,,,690.7,,,,9.41,0.307,21.0,17.3,4.26,,,8.9
PMC11682447,t3,2,S. aureus ATCC 25923,S. aureus,MBC,,untreated,35.0,,,,auto_A,Minimal inhibitory concentration (MIC 90) and minimal bactericidal concentration (MBC) for tested honeydew and Manuka honeys. || Honey | S. aureus ATCC 25923 |  | B. cereus PCM 482 |  | E. coli NCTC 1,MBC,,other,False,False,False,"The comparison of the antioxidant, antibacterial and antiviral potential of Polish fir honeydew and Manuka honeys.",2024.0,10.1038/s41598-024-82429-0,39732871.0,Scientific reports,PMC11682447,2,,,19.8,,5.26,,,405.9,,105.0,,4.62,0.312,22.35,18.0,4.69,,,19.8
PMC11682447,t3,2,B. cereus PCM 482,B. cereus/Bacillus,MBC,,untreated,35.0,,,,auto_A,Minimal inhibitory concentration (MIC 90) and minimal bactericidal concentration (MBC) for tested honeydew and Manuka honeys. || Honey | S. aureus ATCC 25923 |  | B. cereus PCM 482 |  | E. coli NCTC 1,MBC,,other,False,False,False,"The comparison of the antioxidant, antibacterial and antiviral potential of Polish fir honeydew and Manuka honeys.",2024.0,10.1038/s41598-024-82429-0,39732871.0,Scientific reports,PMC11682447,2,,,19.8,,5.26,,,405.9,,105.0,,4.62,0.312,22.35,18.0,4.69,,,19.8
PMC11682447,t3,2,E. coli NCTC 1893,E. coli,MBC,,untreated,35.0,,,,auto_A,Minimal inhibitory concentration (MIC 90) and minimal bactericidal concentration (MBC) for tested honeydew and Manuka honeys. || Honey | S. aureus ATCC 25923 |  | B. cereus PCM 482 |  | E. coli NCTC 1,MBC,,other,False,False,False,"The comparison of the antioxidant, antibacterial and antiviral potential of Polish fir honeydew and Manuka honeys.",2024.0,10.1038/s41598-024-82429-0,39732871.0,Scientific reports,PMC11682447,2,,,19.8,,5.26,,,405.9,,105.0,,4.62,0.312,22.35,18.0,4.69,,,19.8
PMC11682447,t3,3,S. aureus ATCC 25923,S. aureus,MBC,,untreated,20.0,,,,auto_A,Minimal inhibitory concentration (MIC 90) and minimal bactericidal concentration (MBC) for tested honeydew and Manuka honeys. || Honey | S. aureus ATCC 25923 |  | B. cereus PCM 482 |  | E. coli NCTC 1,MBC,,other,False,False,False,"The comparison of the antioxidant, antibacterial and antiviral potential of Polish fir honeydew and Manuka honeys.",2024.0,10.1038/s41598-024-82429-0,39732871.0,Scientific reports,PMC11682447,3,,,28.4,,3.24,,,632.6,,104.0,,14.27,0.92,34.25,17.9,4.69,,,28.4
PMC11682447,t3,3,B. cereus PCM 482,B. cereus/Bacillus,MBC,,untreated,20.0,,,,auto_A,Minimal inhibitory concentration (MIC 90) and minimal bactericidal concentration (MBC) for tested honeydew and Manuka honeys. || Honey | S. aureus ATCC 25923 |  | B. cereus PCM 482 |  | E. coli NCTC 1,MBC,,other,False,False,False,"The comparison of the antioxidant, antibacterial and antiviral potential of Polish fir honeydew and Manuka honeys.",2024.0,10.1038/s41598-024-82429-0,39732871.0,Scientific reports,PMC11682447,3,,,28.4,,3.24,,,632.6,,104.0,,14.27,0.92,34.25,17.9,4.69,,,28.4
PMC11682447,t3,3,E. coli NCTC 1893,E. coli,MBC,,untreated,25.0,,,,auto_A,Minimal inhibitory concentration (MIC 90) and minimal bactericidal concentration (MBC) for tested honeydew and Manuka honeys. || Honey | S. aureus ATCC 25923 |  | B. cereus PCM 482 |  | E. coli NCTC 1,MBC,,other,False,False,False,"The comparison of the antioxidant, antibacterial and antiviral potential of Polish fir honeydew and Manuka honeys.",2024.0,10.1038/s41598-024-82429-0,39732871.0,Scientific reports,PMC11682447,3,,,28.4,,3.24,,,632.6,,104.0,,14.27,0.92,34.25,17.9,4.69,,,28.4
PMC11682447,t3,4,S. aureus ATCC 25923,S. aureus,MBC,,untreated,15.0,,,,auto_A,Minimal inhibitory concentration (MIC 90) and minimal bactericidal concentration (MBC) for tested honeydew and Manuka honeys. || Honey | S. aureus ATCC 25923 |  | B. cereus PCM 482 |  | E. coli NCTC 1,MBC,,other,False,False,False,"The comparison of the antioxidant, antibacterial and antiviral potential of Polish fir honeydew and Manuka honeys.",2024.0,10.1038/s41598-024-82429-0,39732871.0,Scientific reports,PMC11682447,4,,,29.5,,1.59,,,676.1,,117.0,,23.44,0.871,39.0,18.1,4.75,,,29.5
PMC11682447,t3,4,B. cereus PCM 482,B. cereus/Bacillus,MBC,,untreated,15.0,,,,auto_A,Minimal inhibitory concentration (MIC 90) and minimal bactericidal concentration (MBC) for tested honeydew and Manuka honeys. || Honey | S. aureus ATCC 25923 |  | B. cereus PCM 482 |  | E. coli NCTC 1,MBC,,other,False,False,False,"The comparison of the antioxidant, antibacterial and antiviral potential of Polish fir honeydew and Manuka honeys.",2024.0,10.1038/s41598-024-82429-0,39732871.0,Scientific reports,PMC11682447,4,,,29.5,,1.59,,,676.1,,117.0,,23.44,0.871,39.0,18.1,4.75,,,29.5
PMC11682447,t3,4,E. coli NCTC 1893,E. coli,MBC,,untreated,20.0,,,,auto_A,Minimal inhibitory concentration (MIC 90) and minimal bactericidal concentration (MBC) for tested honeydew and Manuka honeys. || Honey | S. aureus ATCC 25923 |  | B. cereus PCM 482 |  | E. coli NCTC 1,MBC,,other,False,False,False,"The comparison of the antioxidant, antibacterial and antiviral potential of Polish fir honeydew and Manuka honeys.",2024.0,10.1038/s41598-024-82429-0,39732871.0,Scientific reports,PMC11682447,4,,,29.5,,1.59,,,676.1,,117.0,,23.44,0.871,39.0,18.1,4.75,,,29.5
PMC11682447,t3,5,S. aureus ATCC 25923,S. aureus,MBC,,untreated,25.0,,,,auto_A,Minimal inhibitory concentration (MIC 90) and minimal bactericidal concentration (MBC) for tested honeydew and Manuka honeys. || Honey | S. aureus ATCC 25923 |  | B. cereus PCM 482 |  | E. coli NCTC 1,MBC,,other,False,False,False,"The comparison of the antioxidant, antibacterial and antiviral potential of Polish fir honeydew and Manuka honeys.",2024.0,10.1038/s41598-024-82429-0,39732871.0,Scientific reports,PMC11682447,5,,,24.4,,3.36,,,964.4,,72.0,,17.56,0.939,45.25,18.1,4.83,,,24.4
PMC11682447,t3,5,B. cereus PCM 482,B. cereus/Bacillus,MBC,,untreated,25.0,,,,auto_A,Minimal inhibitory concentration (MIC 90) and minimal bactericidal concentration (MBC) for tested honeydew and Manuka honeys. || Honey | S. aureus ATCC 25923 |  | B. cereus PCM 482 |  | E. coli NCTC 1,MBC,,other,False,False,False,"The comparison of the antioxidant, antibacterial and antiviral potential of Polish fir honeydew and Manuka honeys.",2024.0,10.1038/s41598-024-82429-0,39732871.0,Scientific reports,PMC11682447,5,,,24.4,,3.36,,,964.4,,72.0,,17.56,0.939,45.25,18.1,4.83,,,24.4
PMC11682447,t3,5,E. coli NCTC 1893,E. coli,MBC,,untreated,30.0,,,,auto_A,Minimal inhibitory concentration (MIC 90) and minimal bactericidal concentration (MBC) for tested honeydew and Manuka honeys. || Honey | S. aureus ATCC 25923 |  | B. cereus PCM 482 |  | E. coli NCTC 1,MBC,,other,False,False,False,"The comparison of the antioxidant, antibacterial and antiviral potential of Polish fir honeydew and Manuka honeys.",2024.0,10.1038/s41598-024-82429-0,39732871.0,Scientific reports,PMC11682447,5,,,24.4,,3.36,,,964.4,,72.0,,17.56,0.939,45.25,18.1,4.83,,,24.4
PMC11682447,t3,6,S. aureus ATCC 25923,S. aureus,MBC,,untreated,20.0,,,,auto_A,Minimal inhibitory concentration (MIC 90) and minimal bactericidal concentration (MBC) for tested honeydew and Manuka honeys. || Honey | S. aureus ATCC 25923 |  | B. cereus PCM 482 |  | E. coli NCTC 1,MBC,,other,False,False,False,"The comparison of the antioxidant, antibacterial and antiviral potential of Polish fir honeydew and Manuka honeys.",2024.0,10.1038/s41598-024-82429-0,39732871.0,Scientific reports,PMC11682447,6,,,20.4,,3.14,,,919.0,,95.0,,18.92,0.957,28.85,17.7,4.59,,,20.4
PMC11682447,t3,6,B. cereus PCM 482,B. cereus/Bacillus,MBC,,untreated,20.0,,,,auto_A,Minimal inhibitory concentration (MIC 90) and minimal bactericidal concentration (MBC) for tested honeydew and Manuka honeys. || Honey | S. aureus ATCC 25923 |  | B. cereus PCM 482 |  | E. coli NCTC 1,MBC,,other,False,False,False,"The comparison of the antioxidant, antibacterial and antiviral potential of Polish fir honeydew and Manuka honeys.",2024.0,10.1038/s41598-024-82429-0,39732871.0,Scientific reports,PMC11682447,6,,,20.4,,3.14,,,919.0,,95.0,,18.92,0.957,28.85,17.7,4.59,,,20.4
PMC11682447,t3,6,E. coli NCTC 1893,E. coli,MBC,,untreated,25.0,,,,auto_A,Minimal inhibitory concentration (MIC 90) and minimal bactericidal concentration (MBC) for tested honeydew and Manuka honeys. || Honey | S. aureus ATCC 25923 |  | B. cereus PCM 482 |  | E. coli NCTC 1,MBC,,other,False,False,False,"The comparison of the antioxidant, antibacterial and antiviral potential of Polish fir honeydew and Manuka honeys.",2024.0,10.1038/s41598-024-82429-0,39732871.0,Scientific reports,PMC11682447,6,,,20.4,,3.14,,,919.0,,95.0,,18.92,0.957,28.85,17.7,4.59,,,20.4
PMC11682447,t3,7,S. aureus ATCC 25923,S. aureus,MBC,,untreated,20.0,,,,auto_A,Minimal inhibitory concentration (MIC 90) and minimal bactericidal concentration (MBC) for tested honeydew and Manuka honeys. || Honey | S. aureus ATCC 25923 |  | B. cereus PCM 482 |  | E. coli NCTC 1,MBC,,other,False,False,False,"The comparison of the antioxidant, antibacterial and antiviral potential of Polish fir honeydew and Manuka honeys.",2024.0,10.1038/s41598-024-82429-0,39732871.0,Scientific reports,PMC11682447,7,,,31.1,,1.27,,,597.0,,107.0,,23.48,1.06,31.0,18.9,4.83,,,31.1
PMC11682447,t3,7,B. cereus PCM 482,B. cereus/Bacillus,MBC,,untreated,20.0,,,,auto_A,Minimal inhibitory concentration (MIC 90) and minimal bactericidal concentration (MBC) for tested honeydew and Manuka honeys. || Honey | S. aureus ATCC 25923 |  | B. cereus PCM 482 |  | E. coli NCTC 1,MBC,,other,False,False,False,"The comparison of the antioxidant, antibacterial and antiviral potential of Polish fir honeydew and Manuka honeys.",2024.0,10.1038/s41598-024-82429-0,39732871.0,Scientific reports,PMC11682447,7,,,31.1,,1.27,,,597.0,,107.0,,23.48,1.06,31.0,18.9,4.83,,,31.1
PMC11682447,t3,7,E. coli NCTC 1893,E. coli,MBC,,untreated,20.0,,,,auto_A,Minimal inhibitory concentration (MIC 90) and minimal bactericidal concentration (MBC) for tested honeydew and Manuka honeys. || Honey | S. aureus ATCC 25923 |  | B. cereus PCM 482 |  | E. coli NCTC 1,MBC,,other,False,False,False,"The comparison of the antioxidant, antibacterial and antiviral potential of Polish fir honeydew and Manuka honeys.",2024.0,10.1038/s41598-024-82429-0,39732871.0,Scientific reports,PMC11682447,7,,,31.1,,1.27,,,597.0,,107.0,,23.48,1.06,31.0,18.9,4.83,,,31.1
PMC11682447,t3,8,S. aureus ATCC 25923,S. aureus,MBC,,untreated,25.0,,,,auto_A,Minimal inhibitory concentration (MIC 90) and minimal bactericidal concentration (MBC) for tested honeydew and Manuka honeys. || Honey | S. aureus ATCC 25923 |  | B. cereus PCM 482 |  | E. coli NCTC 1,MBC,,other,False,False,False,"The comparison of the antioxidant, antibacterial and antiviral potential of Polish fir honeydew and Manuka honeys.",2024.0,10.1038/s41598-024-82429-0,39732871.0,Scientific reports,PMC11682447,8,,,18.9,,4.74,,,891.2,,90.0,,15.34,0.87,24.05,18.2,4.46,,,18.9
PMC11682447,t3,8,B. cereus PCM 482,B. cereus/Bacillus,MBC,,untreated,25.0,,,,auto_A,Minimal inhibitory concentration (MIC 90) and minimal bactericidal concentration (MBC) for tested honeydew and Manuka honeys. || Honey | S. aureus ATCC 25923 |  | B. cereus PCM 482 |  | E. coli NCTC 1,MBC,,other,False,False,False,"The comparison of the antioxidant, antibacterial and antiviral potential of Polish fir honeydew and Manuka honeys.",2024.0,10.1038/s41598-024-82429-0,39732871.0,Scientific reports,PMC11682447,8,,,18.9,,4.74,,,891.2,,90.0,,15.34,0.87,24.05,18.2,4.46,,,18.9
PMC11682447,t3,8,E. coli NCTC 1893,E. coli,MBC,,untreated,25.0,,,,auto_A,Minimal inhibitory concentration (MIC 90) and minimal bactericidal concentration (MBC) for tested honeydew and Manuka honeys. || Honey | S. aureus ATCC 25923 |  | B. cereus PCM 482 |  | E. coli NCTC 1,MBC,,other,False,False,False,"The comparison of the antioxidant, antibacterial and antiviral potential of Polish fir honeydew and Manuka honeys.",2024.0,10.1038/s41598-024-82429-0,39732871.0,Scientific reports,PMC11682447,8,,,18.9,,4.74,,,891.2,,90.0,,15.34,0.87,24.05,18.2,4.46,,,18.9
PMC11682447,t3,9,S. aureus ATCC 25923,S. aureus,MBC,,untreated,20.0,,,,auto_A,Minimal inhibitory concentration (MIC 90) and minimal bactericidal concentration (MBC) for tested honeydew and Manuka honeys. || Honey | S. aureus ATCC 25923 |  | B. cereus PCM 482 |  | E. coli NCTC 1,MBC,,other,False,False,False,"The comparison of the antioxidant, antibacterial and antiviral potential of Polish fir honeydew and Manuka honeys.",2024.0,10.1038/s41598-024-82429-0,39732871.0,Scientific reports,PMC11682447,9,,,43.5,,5.05,,,1102.4,,107.0,,12.4,1.155,26.5,16.0,5.22,,,43.5
PMC11682447,t3,9,B. cereus PCM 482,B. cereus/Bacillus,MBC,,untreated,25.0,,,,auto_A,Minimal inhibitory concentration (MIC 90) and minimal bactericidal concentration (MBC) for tested honeydew and Manuka honeys. || Honey | S. aureus ATCC 25923 |  | B. cereus PCM 482 |  | E. coli NCTC 1,MBC,,other,False,False,False,"The comparison of the antioxidant, antibacterial and antiviral potential of Polish fir honeydew and Manuka honeys.",2024.0,10.1038/s41598-024-82429-0,39732871.0,Scientific reports,PMC11682447,9,,,43.5,,5.05,,,1102.4,,107.0,,12.4,1.155,26.5,16.0,5.22,,,43.5
PMC11682447,t3,9,E. coli NCTC 1893,E. coli,MBC,,untreated,25.0,,,,auto_A,Minimal inhibitory concentration (MIC 90) and minimal bactericidal concentration (MBC) for tested honeydew and Manuka honeys. || Honey | S. aureus ATCC 25923 |  | B. cereus PCM 482 |  | E. coli NCTC 1,MBC,,other,False,False,False,"The comparison of the antioxidant, antibacterial and antiviral potential of Polish fir honeydew and Manuka honeys.",2024.0,10.1038/s41598-024-82429-0,39732871.0,Scientific reports,PMC11682447,9,,,43.5,,5.05,,,1102.4,,107.0,,12.4,1.155,26.5,16.0,5.22,,,43.5
PMC11682447,t3,10,S. aureus ATCC 25923,S. aureus,MBC,,untreated,20.0,,,,auto_A,Minimal inhibitory concentration (MIC 90) and minimal bactericidal concentration (MBC) for tested honeydew and Manuka honeys. || Honey | S. aureus ATCC 25923 |  | B. cereus PCM 482 |  | E. coli NCTC 1,MBC,,other,False,False,False,"The comparison of the antioxidant, antibacterial and antiviral potential of Polish fir honeydew and Manuka honeys.",2024.0,10.1038/s41598-024-82429-0,39732871.0,Scientific reports,PMC11682447,10,,,22.2,,5.89,,,811.6,,94.0,,12.54,0.967,24.4,19.8,4.98,,,22.2
PMC11682447,t3,10,B. cereus PCM 482,B. cereus/Bacillus,MBC,,untreated,20.0,,,,auto_A,Minimal inhibitory concentration (MIC 90) and minimal bactericidal concentration (MBC) for tested honeydew and Manuka honeys. || Honey | S. aureus ATCC 25923 |  | B. cereus PCM 482 |  | E. coli NCTC 1,MBC,,other,False,False,False,"The comparison of the antioxidant, antibacterial and antiviral potential of Polish fir honeydew and Manuka honeys.",2024.0,10.1038/s41598-024-82429-0,39732871.0,Scientific reports,PMC11682447,10,,,22.2,,5.89,,,811.6,,94.0,,12.54,0.967,24.4,19.8,4.98,,,22.2
PMC11682447,t3,10,E. coli NCTC 1893,E. coli,MBC,,untreated,20.0,,,,auto_A,Minimal inhibitory concentration (MIC 90) and minimal bactericidal concentration (MBC) for tested honeydew and Manuka honeys. || Honey | S. aureus ATCC 25923 |  | B. cereus PCM 482 |  | E. coli NCTC 1,MBC,,other,False,False,False,"The comparison of the antioxidant, antibacterial and antiviral potential of Polish fir honeydew and Manuka honeys.",2024.0,10.1038/s41598-024-82429-0,39732871.0,Scientific reports,PMC11682447,10,,,22.2,,5.89,,,811.6,,94.0,,12.54,0.967,24.4,19.8,4.98,,,22.2
PMC11682447,t3,11,S. aureus ATCC 25923,S. aureus,MBC,,untreated,20.0,,,,auto_A,Minimal inhibitory concentration (MIC 90) and minimal bactericidal concentration (MBC) for tested honeydew and Manuka honeys. || Honey | S. aureus ATCC 25923 |  | B. cereus PCM 482 |  | E. coli NCTC 1,MBC,,other,False,False,False,"The comparison of the antioxidant, antibacterial and antiviral potential of Polish fir honeydew and Manuka honeys.",2024.0,10.1038/s41598-024-82429-0,39732871.0,Scientific reports,PMC11682447,11,,,18.6,,0.98,,,583.9,,122.0,,18.35,0.869,31.3,17.8,4.56,,,18.6
PMC11682447,t3,11,B. cereus PCM 482,B. cereus/Bacillus,MBC,,untreated,20.0,,,,auto_A,Minimal inhibitory concentration (MIC 90) and minimal bactericidal concentration (MBC) for tested honeydew and Manuka honeys. || Honey | S. aureus ATCC 25923 |  | B. cereus PCM 482 |  | E. coli NCTC 1,MBC,,other,False,False,False,"The comparison of the antioxidant, antibacterial and antiviral potential of Polish fir honeydew and Manuka honeys.",2024.0,10.1038/s41598-024-82429-0,39732871.0,Scientific reports,PMC11682447,11,,,18.6,,0.98,,,583.9,,122.0,,18.35,0.869,31.3,17.8,4.56,,,18.6
PMC11682447,t3,11,E. coli NCTC 1893,E. coli,MBC,,untreated,15.0,,,,auto_A,Minimal inhibitory concentration (MIC 90) and minimal bactericidal concentration (MBC) for tested honeydew and Manuka honeys. || Honey | S. aureus ATCC 25923 |  | B. cereus PCM 482 |  | E. coli NCTC 1,MBC,,other,False,False,False,"The comparison of the antioxidant, antibacterial and antiviral potential of Polish fir honeydew and Manuka honeys.",2024.0,10.1038/s41598-024-82429-0,39732871.0,Scientific reports,PMC11682447,11,,,18.6,,0.98,,,583.9,,122.0,,18.35,0.869,31.3,17.8,4.56,,,18.6
PMC11682447,t3,12,S. aureus ATCC 25923,S. aureus,MBC,,untreated,20.0,,,,auto_A,Minimal inhibitory concentration (MIC 90) and minimal bactericidal concentration (MBC) for tested honeydew and Manuka honeys. || Honey | S. aureus ATCC 25923 |  | B. cereus PCM 482 |  | E. coli NCTC 1,MBC,,other,False,False,False,"The comparison of the antioxidant, antibacterial and antiviral potential of Polish fir honeydew and Manuka honeys.",2024.0,10.1038/s41598-024-82429-0,39732871.0,Scientific reports,PMC11682447,12,,,19.2,,0.88,,,752.44,,90.0,,14.75,1.069,30.9,19.2,4.88,,,19.2
PMC11682447,t3,12,B. cereus PCM 482,B. cereus/Bacillus,MBC,,untreated,20.0,,,,auto_A,Minimal inhibitory concentration (MIC 90) and minimal bactericidal concentration (MBC) for tested honeydew and Manuka honeys. || Honey | S. aureus ATCC 25923 |  | B. cereus PCM 482 |  | E. coli NCTC 1,MBC,,other,False,False,False,"The comparison of the antioxidant, antibacterial and antiviral potential of Polish fir honeydew and Manuka honeys.",2024.0,10.1038/s41598-024-82429-0,39732871.0,Scientific reports,PMC11682447,12,,,19.2,,0.88,,,752.44,,90.0,,14.75,1.069,30.9,19.2,4.88,,,19.2
PMC11682447,t3,12,E. coli NCTC 1893,E. coli,MBC,,untreated,20.0,,,,auto_A,Minimal inhibitory concentration (MIC 90) and minimal bactericidal concentration (MBC) for tested honeydew and Manuka honeys. || Honey | S. aureus ATCC 25923 |  | B. cereus PCM 482 |  | E. coli NCTC 1,MBC,,other,False,False,False,"The comparison of the antioxidant, antibacterial and antiviral potential of Polish fir honeydew and Manuka honeys.",2024.0,10.1038/s41598-024-82429-0,39732871.0,Scientific reports,PMC11682447,12,,,19.2,,0.88,,,752.44,,90.0,,14.75,1.069,30.9,19.2,4.88,,,19.2
PMC11682447,t3,Mean ± SD*,S. aureus ATCC 25923,S. aureus,MBC,,untreated,20.5,,,,auto_A,Minimal inhibitory concentration (MIC 90) and minimal bactericidal concentration (MBC) for tested honeydew and Manuka honeys. || Honey | S. aureus ATCC 25923 |  | B. cereus PCM 482 |  | E. coli NCTC 1,MBC,,other,False,False,False,"The comparison of the antioxidant, antibacterial and antiviral potential of Polish fir honeydew and Manuka honeys.",2024.0,10.1038/s41598-024-82429-0,39732871.0,Scientific reports,PMC11682447,meansd,,,19.5,,4.29,,,824.6,,123.65,,11.85,0.7505,25.005000000000003,17.225,4.605,,,19.5
PMC11682447,t3,Mean ± SD*,B. cereus PCM 482,B. cereus/Bacillus,MBC,,untreated,21.0,,,,auto_A,Minimal inhibitory concentration (MIC 90) and minimal bactericidal concentration (MBC) for tested honeydew and Manuka honeys. || Honey | S. aureus ATCC 25923 |  | B. cereus PCM 482 |  | E. coli NCTC 1,MBC,,other,False,False,False,"The comparison of the antioxidant, antibacterial and antiviral potential of Polish fir honeydew and Manuka honeys.",2024.0,10.1038/s41598-024-82429-0,39732871.0,Scientific reports,PMC11682447,meansd,,,19.5,,4.29,,,824.6,,123.65,,11.85,0.7505,25.005000000000003,17.225,4.605,,,19.5
PMC11682447,t3,Mean ± SD*,E. coli NCTC 1893,E. coli,MBC,,untreated,22.5,,,,auto_A,Minimal inhibitory concentration (MIC 90) and minimal bactericidal concentration (MBC) for tested honeydew and Manuka honeys. || Honey | S. aureus ATCC 25923 |  | B. cereus PCM 482 |  | E. coli NCTC 1,MBC,,other,False,False,False,"The comparison of the antioxidant, antibacterial and antiviral potential of Polish fir honeydew and Manuka honeys.",2024.0,10.1038/s41598-024-82429-0,39732871.0,Scientific reports,PMC11682447,meansd,,,19.5,,4.29,,,824.6,,123.65,,11.85,0.7505,25.005000000000003,17.225,4.605,,,19.5
PMC11682447,t3,M-1,S. aureus ATCC 25923,S. aureus,MBC,,untreated,15.0,,,,auto_A,Minimal inhibitory concentration (MIC 90) and minimal bactericidal concentration (MBC) for tested honeydew and Manuka honeys. || Honey | S. aureus ATCC 25923 |  | B. cereus PCM 482 |  | E. coli NCTC 1,MBC,,other,False,False,False,"The comparison of the antioxidant, antibacterial and antiviral potential of Polish fir honeydew and Manuka honeys.",2024.0,10.1038/s41598-024-82429-0,39732871.0,Scientific reports,PMC11682447,m1,,,17.0,,4.84,,,873.9,,150.0,,7.39,0.673,17.05,16.2,4.64,,,17.0
PMC11682447,t3,M-1,B. cereus PCM 482,B. cereus/Bacillus,MBC,,untreated,15.0,,,,auto_A,Minimal inhibitory concentration (MIC 90) and minimal bactericidal concentration (MBC) for tested honeydew and Manuka honeys. || Honey | S. aureus ATCC 25923 |  | B. cereus PCM 482 |  | E. coli NCTC 1,MBC,,other,False,False,False,"The comparison of the antioxidant, antibacterial and antiviral potential of Polish fir honeydew and Manuka honeys.",2024.0,10.1038/s41598-024-82429-0,39732871.0,Scientific reports,PMC11682447,m1,,,17.0,,4.84,,,873.9,,150.0,,7.39,0.673,17.05,16.2,4.64,,,17.0
PMC11682447,t3,M-1,E. coli NCTC 1893,E. coli,MBC,,untreated,20.0,,,,auto_A,Minimal inhibitory concentration (MIC 90) and minimal bactericidal concentration (MBC) for tested honeydew and Manuka honeys. || Honey | S. aureus ATCC 25923 |  | B. cereus PCM 482 |  | E. coli NCTC 1,MBC,,other,False,False,False,"The comparison of the antioxidant, antibacterial and antiviral potential of Polish fir honeydew and Manuka honeys.",2024.0,10.1038/s41598-024-82429-0,39732871.0,Scientific reports,PMC11682447,m1,,,17.0,,4.84,,,873.9,,150.0,,7.39,0.673,17.05,16.2,4.64,,,17.0
PMC11682447,t3,M-2,S. aureus ATCC 25923,S. aureus,MBC,,untreated,10.0,,,,auto_A,Minimal inhibitory concentration (MIC 90) and minimal bactericidal concentration (MBC) for tested honeydew and Manuka honeys. || Honey | S. aureus ATCC 25923 |  | B. cereus PCM 482 |  | E. coli NCTC 1,MBC,,other,False,False,False,"The comparison of the antioxidant, antibacterial and antiviral potential of Polish fir honeydew and Manuka honeys.",2024.0,10.1038/s41598-024-82429-0,39732871.0,Scientific reports,PMC11682447,m2,,,12.9,,5.66,,,839.4,,141.0,,6.72,0.535,18.9,17.4,4.37,,,12.9
PMC11682447,t3,M-2,B. cereus PCM 482,B. cereus/Bacillus,MBC,,untreated,10.0,,,,auto_A,Minimal inhibitory concentration (MIC 90) and minimal bactericidal concentration (MBC) for tested honeydew and Manuka honeys. || Honey | S. aureus ATCC 25923 |  | B. cereus PCM 482 |  | E. coli NCTC 1,MBC,,other,False,False,False,"The comparison of the antioxidant, antibacterial and antiviral potential of Polish fir honeydew and Manuka honeys.",2024.0,10.1038/s41598-024-82429-0,39732871.0,Scientific reports,PMC11682447,m2,,,12.9,,5.66,,,839.4,,141.0,,6.72,0.535,18.9,17.4,4.37,,,12.9
PMC11682447,t3,M-2,E. coli NCTC 1893,E. coli,MBC,,untreated,15.0,,,,auto_A,Minimal inhibitory concentration (MIC 90) and minimal bactericidal concentration (MBC) for tested honeydew and Manuka honeys. || Honey | S. aureus ATCC 25923 |  | B. cereus PCM 482 |  | E. coli NCTC 1,MBC,,other,False,False,False,"The comparison of the antioxidant, antibacterial and antiviral potential of Polish fir honeydew and Manuka honeys.",2024.0,10.1038/s41598-024-82429-0,39732871.0,Scientific reports,PMC11682447,m2,,,12.9,,5.66,,,839.4,,141.0,,6.72,0.535,18.9,17.4,4.37,,,12.9
PMC11682447,t3,M-3,S. aureus ATCC 25923,S. aureus,MBC,,untreated,8.0,,,,auto_A,Minimal inhibitory concentration (MIC 90) and minimal bactericidal concentration (MBC) for tested honeydew and Manuka honeys. || Honey | S. aureus ATCC 25923 |  | B. cereus PCM 482 |  | E. coli NCTC 1,MBC,,other,False,False,False,"The comparison of the antioxidant, antibacterial and antiviral potential of Polish fir honeydew and Manuka honeys.",2024.0,10.1038/s41598-024-82429-0,39732871.0,Scientific reports,PMC11682447,m3,,,12.2,,7.49,,,920.5,,,,5.77,0.458,17.9,16.0,4.39,,,12.2
PMC11682447,t3,M-3,B. cereus PCM 482,B. cereus/Bacillus,MBC,,untreated,8.0,,,,auto_A,Minimal inhibitory concentration (MIC 90) and minimal bactericidal concentration (MBC) for tested honeydew and Manuka honeys. || Honey | S. aureus ATCC 25923 |  | B. cereus PCM 482 |  | E. coli NCTC 1,MBC,,other,False,False,False,"The comparison of the antioxidant, antibacterial and antiviral potential of Polish fir honeydew and Manuka honeys.",2024.0,10.1038/s41598-024-82429-0,39732871.0,Scientific reports,PMC11682447,m3,,,12.2,,7.49,,,920.5,,,,5.77,0.458,17.9,16.0,4.39,,,12.2
PMC11682447,t3,M-3,E. coli NCTC 1893,E. coli,MBC,,untreated,15.0,,,,auto_A,Minimal inhibitory concentration (MIC 90) and minimal bactericidal concentration (MBC) for tested honeydew and Manuka honeys. || Honey | S. aureus ATCC 25923 |  | B. cereus PCM 482 |  | E. coli NCTC 1,MBC,,other,False,False,False,"The comparison of the antioxidant, antibacterial and antiviral potential of Polish fir honeydew and Manuka honeys.",2024.0,10.1038/s41598-024-82429-0,39732871.0,Scientific reports,PMC11682447,m3,,,12.2,,7.49,,,920.5,,,,5.77,0.458,17.9,16.0,4.39,,,12.2
PMC11682447,t3,M-4,S. aureus ATCC 25923,S. aureus,MBC,,untreated,8.0,,,,auto_A,Minimal inhibitory concentration (MIC 90) and minimal bactericidal concentration (MBC) for tested honeydew and Manuka honeys. || Honey | S. aureus ATCC 25923 |  | B. cereus PCM 482 |  | E. coli NCTC 1,MBC,,other,False,False,False,"The comparison of the antioxidant, antibacterial and antiviral potential of Polish fir honeydew and Manuka honeys.",2024.0,10.1038/s41598-024-82429-0,39732871.0,Scientific reports,PMC11682447,m4,,,11.6,,4.28,,,790.5,,149.0,,6.47,0.457,20.0,15.5,4.33,,,11.6
PMC11682447,t3,M-4,B. cereus PCM 482,B. cereus/Bacillus,MBC,,untreated,8.0,,,,auto_A,Minimal inhibitory concentration (MIC 90) and minimal bactericidal concentration (MBC) for tested honeydew and Manuka honeys. || Honey | S. aureus ATCC 25923 |  | B. cereus PCM 482 |  | E. coli NCTC 1,MBC,,other,False,False,False,"The comparison of the antioxidant, antibacterial and antiviral potential of Polish fir honeydew and Manuka honeys.",2024.0,10.1038/s41598-024-82429-0,39732871.0,Scientific reports,PMC11682447,m4,,,11.6,,4.28,,,790.5,,149.0,,6.47,0.457,20.0,15.5,4.33,,,11.6
PMC11682447,t3,M-4,E. coli NCTC 1893,E. coli,MBC,,untreated,15.0,,,,auto_A,Minimal inhibitory concentration (MIC 90) and minimal bactericidal concentration (MBC) for tested honeydew and Manuka honeys. || Honey | S. aureus ATCC 25923 |  | B. cereus PCM 482 |  | E. coli NCTC 1,MBC,,other,False,False,False,"The comparison of the antioxidant, antibacterial and antiviral potential of Polish fir honeydew and Manuka honeys.",2024.0,10.1038/s41598-024-82429-0,39732871.0,Scientific reports,PMC11682447,m4,,,11.6,,4.28,,,790.5,,149.0,,6.47,0.457,20.0,15.5,4.33,,,11.6
PMC11682447,t3,Mean ± SD*,S. aureus ATCC 25923,S. aureus,MBC,,untreated,10.25,,,,auto_A,Minimal inhibitory concentration (MIC 90) and minimal bactericidal concentration (MBC) for tested honeydew and Manuka honeys. || Honey | S. aureus ATCC 25923 |  | B. cereus PCM 482 |  | E. coli NCTC 1,MBC,,other,False,False,False,"The comparison of the antioxidant, antibacterial and antiviral potential of Polish fir honeydew and Manuka honeys.",2024.0,10.1038/s41598-024-82429-0,39732871.0,Scientific reports,PMC11682447,meansd,,,19.5,,4.29,,,824.6,,123.65,,11.85,0.7505,25.005000000000003,17.225,4.605,,,19.5
PMC11682447,t3,Mean ± SD*,B. cereus PCM 482,B. cereus/Bacillus,MBC,,untreated,10.25,,,,auto_A,Minimal inhibitory concentration (MIC 90) and minimal bactericidal concentration (MBC) for tested honeydew and Manuka honeys. || Honey | S. aureus ATCC 25923 |  | B. cereus PCM 482 |  | E. coli NCTC 1,MBC,,other,False,False,False,"The comparison of the antioxidant, antibacterial and antiviral potential of Polish fir honeydew and Manuka honeys.",2024.0,10.1038/s41598-024-82429-0,39732871.0,Scientific reports,PMC11682447,meansd,,,19.5,,4.29,,,824.6,,123.65,,11.85,0.7505,25.005000000000003,17.225,4.605,,,19.5
PMC11682447,t3,Mean ± SD*,E. coli NCTC 1893,E. coli,MBC,,untreated,16.25,,,,auto_A,Minimal inhibitory concentration (MIC 90) and minimal bactericidal concentration (MBC) for tested honeydew and Manuka honeys. || Honey | S. aureus ATCC 25923 |  | B. cereus PCM 482 |  | E. coli NCTC 1,MBC,,other,False,False,False,"The comparison of the antioxidant, antibacterial and antiviral potential of Polish fir honeydew and Manuka honeys.",2024.0,10.1038/s41598-024-82429-0,39732871.0,Scientific reports,PMC11682447,meansd,,,19.5,,4.29,,,824.6,,123.65,,11.85,0.7505,25.005000000000003,17.225,4.605,,,19.5
PMC11941359,t6,MBC (S. aureus),MBC (S. aureus),S. aureus,MBC,,untreated,1.0,,,,auto_A,Correlation between antimicrobial activities and antioxidant activities. ||  | MBC (S. aureus) | MBC (E. coli) || TPC | 0.306 | 0.360 || DPPH | 0.332 | 0.445 * || ABTS | 0.558 ** | 0.550 **,MBC,,other,False,False,False,"Physicochemical Characteristics, Antioxidant Capacity, and Antimicrobial Activity of Stingless Bee Honey from Malaysia: &lt;i&gt;Heterotrigona itama&lt;/i&gt;, &lt;i&gt;Lophotrigona canifrons&lt;/i&gt;, and &lt;i&gt;Tetrigona binghami&lt;/i&gt;.",2025.0,10.3390/foods14060995,40232034.0,"Foods (Basel, Switzerland)",PMC11941359,mbcsaureus,,,,,,,,,,0.134,,,,,,,,,
PMC11941359,t6,MBC (E. coli),MBC (E. coli),E. coli,MBC,,untreated,1.0,,,,auto_A,Correlation between antimicrobial activities and antioxidant activities. ||  | MBC (S. aureus) | MBC (E. coli) || TPC | 0.306 | 0.360 || DPPH | 0.332 | 0.445 * || ABTS | 0.558 ** | 0.550 **,MBC,,other,False,False,False,"Physicochemical Characteristics, Antioxidant Capacity, and Antimicrobial Activity of Stingless Bee Honey from Malaysia: &lt;i&gt;Heterotrigona itama&lt;/i&gt;, &lt;i&gt;Lophotrigona canifrons&lt;/i&gt;, and &lt;i&gt;Tetrigona binghami&lt;/i&gt;.",2025.0,10.3390/foods14060995,40232034.0,"Foods (Basel, Switzerland)",PMC11941359,mbcecoli,,,,,0.029,,,,,0.052,,,,,,,,,
PMC12249035,t4,SH1,E. coli (%),E. coli,MBC,,untreated,30.0,,%,,auto_A,Antibacterial activity of SH samples against four foodborne pathogens. || Samples | E. coli (%) |  | S. aureus (%) |  | L. monocytogenes (%) |  | S. typhimurium (%) |  || MIC | MBC | MIC | MBC | MIC |,MBC,%,% (basis unspecified),False,False,False,"Physicochemical Properties, Antioxidant and Antibacterial Activities and Anti-Hepatocarcinogenic Effect and Potential Mechanism of &lt;i&gt;Schefflera oleifera&lt;/i&gt; Honey Against HepG2 Cells.",2025.0,10.3390/foods14132376,40647128.0,"Foods (Basel, Switzerland)",PMC12249035,sh1,,,,,,,26.898,25.218,,,,,,,22.781,3.493,,,30.855
PMC12249035,t4,SH1,S. aureus (%),S. aureus,MBC,,untreated,35.0,,%,,auto_A,Antibacterial activity of SH samples against four foodborne pathogens. || Samples | E. coli (%) |  | S. aureus (%) |  | L. monocytogenes (%) |  | S. typhimurium (%) |  || MIC | MBC | MIC | MBC | MIC |,MBC,%,% (basis unspecified),False,False,False,"Physicochemical Properties, Antioxidant and Antibacterial Activities and Anti-Hepatocarcinogenic Effect and Potential Mechanism of &lt;i&gt;Schefflera oleifera&lt;/i&gt; Honey Against HepG2 Cells.",2025.0,10.3390/foods14132376,40647128.0,"Foods (Basel, Switzerland)",PMC12249035,sh1,,,,,,,26.898,25.218,,,,,,,22.781,3.493,,,30.855
PMC12249035,t4,SH1,L. monocytogenes (%),L. monocytogenes,MBC,,untreated,30.0,,%,,auto_A,Antibacterial activity of SH samples against four foodborne pathogens. || Samples | E. coli (%) |  | S. aureus (%) |  | L. monocytogenes (%) |  | S. typhimurium (%) |  || MIC | MBC | MIC | MBC | MIC |,MBC,%,% (basis unspecified),False,False,False,"Physicochemical Properties, Antioxidant and Antibacterial Activities and Anti-Hepatocarcinogenic Effect and Potential Mechanism of &lt;i&gt;Schefflera oleifera&lt;/i&gt; Honey Against HepG2 Cells.",2025.0,10.3390/foods14132376,40647128.0,"Foods (Basel, Switzerland)",PMC12249035,sh1,,,,,,,26.898,25.218,,,,,,,22.781,3.493,,,30.855
PMC12249035,t4,SH1,S. typhimurium (%),Salmonella,MBC,,untreated,15.0,,%,,auto_A,Antibacterial activity of SH samples against four foodborne pathogens. || Samples | E. coli (%) |  | S. aureus (%) |  | L. monocytogenes (%) |  | S. typhimurium (%) |  || MIC | MBC | MIC | MBC | MIC |,MBC,%,% (basis unspecified),False,False,False,"Physicochemical Properties, Antioxidant and Antibacterial Activities and Anti-Hepatocarcinogenic Effect and Potential Mechanism of &lt;i&gt;Schefflera oleifera&lt;/i&gt; Honey Against HepG2 Cells.",2025.0,10.3390/foods14132376,40647128.0,"Foods (Basel, Switzerland)",PMC12249035,sh1,,,,,,,26.898,25.218,,,,,,,22.781,3.493,,,30.855
PMC12249035,t4,SH2,E. coli (%),E. coli,MBC,,untreated,30.0,,%,,auto_A,Antibacterial activity of SH samples against four foodborne pathogens. || Samples | E. coli (%) |  | S. aureus (%) |  | L. monocytogenes (%) |  | S. typhimurium (%) |  || MIC | MBC | MIC | MBC | MIC |,MBC,%,% (basis unspecified),False,False,False,"Physicochemical Properties, Antioxidant and Antibacterial Activities and Anti-Hepatocarcinogenic Effect and Potential Mechanism of &lt;i&gt;Schefflera oleifera&lt;/i&gt; Honey Against HepG2 Cells.",2025.0,10.3390/foods14132376,40647128.0,"Foods (Basel, Switzerland)",PMC12249035,sh2,,,,,,,24.466,22.625,,,,,,,23.81,3.363,,,29.658
PMC12249035,t4,SH2,S. aureus (%),S. aureus,MBC,,untreated,35.0,,%,,auto_A,Antibacterial activity of SH samples against four foodborne pathogens. || Samples | E. coli (%) |  | S. aureus (%) |  | L. monocytogenes (%) |  | S. typhimurium (%) |  || MIC | MBC | MIC | MBC | MIC |,MBC,%,% (basis unspecified),False,False,False,"Physicochemical Properties, Antioxidant and Antibacterial Activities and Anti-Hepatocarcinogenic Effect and Potential Mechanism of &lt;i&gt;Schefflera oleifera&lt;/i&gt; Honey Against HepG2 Cells.",2025.0,10.3390/foods14132376,40647128.0,"Foods (Basel, Switzerland)",PMC12249035,sh2,,,,,,,24.466,22.625,,,,,,,23.81,3.363,,,29.658
PMC12249035,t4,SH2,L. monocytogenes (%),L. monocytogenes,MBC,,untreated,35.0,,%,,auto_A,Antibacterial activity of SH samples against four foodborne pathogens. || Samples | E. coli (%) |  | S. aureus (%) |  | L. monocytogenes (%) |  | S. typhimurium (%) |  || MIC | MBC | MIC | MBC | MIC |,MBC,%,% (basis unspecified),False,False,False,"Physicochemical Properties, Antioxidant and Antibacterial Activities and Anti-Hepatocarcinogenic Effect and Potential Mechanism of &lt;i&gt;Schefflera oleifera&lt;/i&gt; Honey Against HepG2 Cells.",2025.0,10.3390/foods14132376,40647128.0,"Foods (Basel, Switzerland)",PMC12249035,sh2,,,,,,,24.466,22.625,,,,,,,23.81,3.363,,,29.658
PMC12249035,t4,SH2,S. typhimurium (%),Salmonella,MBC,,untreated,15.0,,%,,auto_A,Antibacterial activity of SH samples against four foodborne pathogens. || Samples | E. coli (%) |  | S. aureus (%) |  | L. monocytogenes (%) |  | S. typhimurium (%) |  || MIC | MBC | MIC | MBC | MIC |,MBC,%,% (basis unspecified),False,False,False,"Physicochemical Properties, Antioxidant and Antibacterial Activities and Anti-Hepatocarcinogenic Effect and Potential Mechanism of &lt;i&gt;Schefflera oleifera&lt;/i&gt; Honey Against HepG2 Cells.",2025.0,10.3390/foods14132376,40647128.0,"Foods (Basel, Switzerland)",PMC12249035,sh2,,,,,,,24.466,22.625,,,,,,,23.81,3.363,,,29.658
PMC12249035,t4,SH3,E. coli (%),E. coli,MBC,,untreated,35.0,,%,,auto_A,Antibacterial activity of SH samples against four foodborne pathogens. || Samples | E. coli (%) |  | S. aureus (%) |  | L. monocytogenes (%) |  | S. typhimurium (%) |  || MIC | MBC | MIC | MBC | MIC |,MBC,%,% (basis unspecified),False,False,False,"Physicochemical Properties, Antioxidant and Antibacterial Activities and Anti-Hepatocarcinogenic Effect and Potential Mechanism of &lt;i&gt;Schefflera oleifera&lt;/i&gt; Honey Against HepG2 Cells.",2025.0,10.3390/foods14132376,40647128.0,"Foods (Basel, Switzerland)",PMC12249035,sh3,,,,,,,32.087,50.519,,,,,,,20.62,3.503,,,33.466
PMC12249035,t4,SH3,S. aureus (%),S. aureus,MBC,,untreated,40.0,,%,,auto_A,Antibacterial activity of SH samples against four foodborne pathogens. || Samples | E. coli (%) |  | S. aureus (%) |  | L. monocytogenes (%) |  | S. typhimurium (%) |  || MIC | MBC | MIC | MBC | MIC |,MBC,%,% (basis unspecified),False,False,False,"Physicochemical Properties, Antioxidant and Antibacterial Activities and Anti-Hepatocarcinogenic Effect and Potential Mechanism of &lt;i&gt;Schefflera oleifera&lt;/i&gt; Honey Against HepG2 Cells.",2025.0,10.3390/foods14132376,40647128.0,"Foods (Basel, Switzerland)",PMC12249035,sh3,,,,,,,32.087,50.519,,,,,,,20.62,3.503,,,33.466
PMC12249035,t4,SH3,L. monocytogenes (%),L. monocytogenes,MBC,,untreated,30.0,,%,,auto_A,Antibacterial activity of SH samples against four foodborne pathogens. || Samples | E. coli (%) |  | S. aureus (%) |  | L. monocytogenes (%) |  | S. typhimurium (%) |  || MIC | MBC | MIC | MBC | MIC |,MBC,%,% (basis unspecified),False,False,False,"Physicochemical Properties, Antioxidant and Antibacterial Activities and Anti-Hepatocarcinogenic Effect and Potential Mechanism of &lt;i&gt;Schefflera oleifera&lt;/i&gt; Honey Against HepG2 Cells.",2025.0,10.3390/foods14132376,40647128.0,"Foods (Basel, Switzerland)",PMC12249035,sh3,,,,,,,32.087,50.519,,,,,,,20.62,3.503,,,33.466
PMC12249035,t4,SH3,S. typhimurium (%),Salmonella,MBC,,untreated,20.0,,%,,auto_A,Antibacterial activity of SH samples against four foodborne pathogens. || Samples | E. coli (%) |  | S. aureus (%) |  | L. monocytogenes (%) |  | S. typhimurium (%) |  || MIC | MBC | MIC | MBC | MIC |,MBC,%,% (basis unspecified),False,False,False,"Physicochemical Properties, Antioxidant and Antibacterial Activities and Anti-Hepatocarcinogenic Effect and Potential Mechanism of &lt;i&gt;Schefflera oleifera&lt;/i&gt; Honey Against HepG2 Cells.",2025.0,10.3390/foods14132376,40647128.0,"Foods (Basel, Switzerland)",PMC12249035,sh3,,,,,,,32.087,50.519,,,,,,,20.62,3.503,,,33.466
PMC12249035,t4,SH4,E. coli (%),E. coli,MBC,,untreated,30.0,,%,,auto_A,Antibacterial activity of SH samples against four foodborne pathogens. || Samples | E. coli (%) |  | S. aureus (%) |  | L. monocytogenes (%) |  | S. typhimurium (%) |  || MIC | MBC | MIC | MBC | MIC |,MBC,%,% (basis unspecified),False,False,False,"Physicochemical Properties, Antioxidant and Antibacterial Activities and Anti-Hepatocarcinogenic Effect and Potential Mechanism of &lt;i&gt;Schefflera oleifera&lt;/i&gt; Honey Against HepG2 Cells.",2025.0,10.3390/foods14132376,40647128.0,"Foods (Basel, Switzerland)",PMC12249035,sh4,,,,,,,32.087,38.688,,,,,,,25.034,3.303,,,34.997
PMC12249035,t4,SH4,S. aureus (%),S. aureus,MBC,,untreated,30.0,,%,,auto_A,Antibacterial activity of SH samples against four foodborne pathogens. || Samples | E. coli (%) |  | S. aureus (%) |  | L. monocytogenes (%) |  | S. typhimurium (%) |  || MIC | MBC | MIC | MBC | MIC |,MBC,%,% (basis unspecified),False,False,False,"Physicochemical Properties, Antioxidant and Antibacterial Activities and Anti-Hepatocarcinogenic Effect and Potential Mechanism of &lt;i&gt;Schefflera oleifera&lt;/i&gt; Honey Against HepG2 Cells.",2025.0,10.3390/foods14132376,40647128.0,"Foods (Basel, Switzerland)",PMC12249035,sh4,,,,,,,32.087,38.688,,,,,,,25.034,3.303,,,34.997
PMC12249035,t4,SH4,L. monocytogenes (%),L. monocytogenes,MBC,,untreated,25.0,,%,,auto_A,Antibacterial activity of SH samples against four foodborne pathogens. || Samples | E. coli (%) |  | S. aureus (%) |  | L. monocytogenes (%) |  | S. typhimurium (%) |  || MIC | MBC | MIC | MBC | MIC |,MBC,%,% (basis unspecified),False,False,False,"Physicochemical Properties, Antioxidant and Antibacterial Activities and Anti-Hepatocarcinogenic Effect and Potential Mechanism of &lt;i&gt;Schefflera oleifera&lt;/i&gt; Honey Against HepG2 Cells.",2025.0,10.3390/foods14132376,40647128.0,"Foods (Basel, Switzerland)",PMC12249035,sh4,,,,,,,32.087,38.688,,,,,,,25.034,3.303,,,34.997
PMC12249035,t4,SH4,S. typhimurium (%),Salmonella,MBC,,untreated,20.0,,%,,auto_A,Antibacterial activity of SH samples against four foodborne pathogens. || Samples | E. coli (%) |  | S. aureus (%) |  | L. monocytogenes (%) |  | S. typhimurium (%) |  || MIC | MBC | MIC | MBC | MIC |,MBC,%,% (basis unspecified),False,False,False,"Physicochemical Properties, Antioxidant and Antibacterial Activities and Anti-Hepatocarcinogenic Effect and Potential Mechanism of &lt;i&gt;Schefflera oleifera&lt;/i&gt; Honey Against HepG2 Cells.",2025.0,10.3390/foods14132376,40647128.0,"Foods (Basel, Switzerland)",PMC12249035,sh4,,,,,,,32.087,38.688,,,,,,,25.034,3.303,,,34.997
PMC12249035,t4,SH5,E. coli (%),E. coli,MBC,,untreated,30.0,,%,,auto_A,Antibacterial activity of SH samples against four foodborne pathogens. || Samples | E. coli (%) |  | S. aureus (%) |  | L. monocytogenes (%) |  | S. typhimurium (%) |  || MIC | MBC | MIC | MBC | MIC |,MBC,%,% (basis unspecified),False,False,False,"Physicochemical Properties, Antioxidant and Antibacterial Activities and Anti-Hepatocarcinogenic Effect and Potential Mechanism of &lt;i&gt;Schefflera oleifera&lt;/i&gt; Honey Against HepG2 Cells.",2025.0,10.3390/foods14132376,40647128.0,"Foods (Basel, Switzerland)",PMC12249035,sh5,,,,,,,33.384,48.052,,,,,,,22.313,3.873,,,27.189
PMC12249035,t4,SH5,S. aureus (%),S. aureus,MBC,,untreated,30.0,,%,,auto_A,Antibacterial activity of SH samples against four foodborne pathogens. || Samples | E. coli (%) |  | S. aureus (%) |  | L. monocytogenes (%) |  | S. typhimurium (%) |  || MIC | MBC | MIC | MBC | MIC |,MBC,%,% (basis unspecified),False,False,False,"Physicochemical Properties, Antioxidant and Antibacterial Activities and Anti-Hepatocarcinogenic Effect and Potential Mechanism of &lt;i&gt;Schefflera oleifera&lt;/i&gt; Honey Against HepG2 Cells.",2025.0,10.3390/foods14132376,40647128.0,"Foods (Basel, Switzerland)",PMC12249035,sh5,,,,,,,33.384,48.052,,,,,,,22.313,3.873,,,27.189
PMC12249035,t4,SH5,L. monocytogenes (%),L. monocytogenes,MBC,,untreated,25.0,,%,,auto_A,Antibacterial activity of SH samples against four foodborne pathogens. || Samples | E. coli (%) |  | S. aureus (%) |  | L. monocytogenes (%) |  | S. typhimurium (%) |  || MIC | MBC | MIC | MBC | MIC |,MBC,%,% (basis unspecified),False,False,False,"Physicochemical Properties, Antioxidant and Antibacterial Activities and Anti-Hepatocarcinogenic Effect and Potential Mechanism of &lt;i&gt;Schefflera oleifera&lt;/i&gt; Honey Against HepG2 Cells.",2025.0,10.3390/foods14132376,40647128.0,"Foods (Basel, Switzerland)",PMC12249035,sh5,,,,,,,33.384,48.052,,,,,,,22.313,3.873,,,27.189
PMC12249035,t4,SH5,S. typhimurium (%),Salmonella,MBC,,untreated,20.0,,%,,auto_A,Antibacterial activity of SH samples against four foodborne pathogens. || Samples | E. coli (%) |  | S. aureus (%) |  | L. monocytogenes (%) |  | S. typhimurium (%) |  || MIC | MBC | MIC | MBC | MIC |,MBC,%,% (basis unspecified),False,False,False,"Physicochemical Properties, Antioxidant and Antibacterial Activities and Anti-Hepatocarcinogenic Effect and Potential Mechanism of &lt;i&gt;Schefflera oleifera&lt;/i&gt; Honey Against HepG2 Cells.",2025.0,10.3390/foods14132376,40647128.0,"Foods (Basel, Switzerland)",PMC12249035,sh5,,,,,,,33.384,48.052,,,,,,,22.313,3.873,,,27.189
PMC12249035,t4,SH6,E. coli (%),E. coli,MBC,,untreated,40.0,,%,,auto_A,Antibacterial activity of SH samples against four foodborne pathogens. || Samples | E. coli (%) |  | S. aureus (%) |  | L. monocytogenes (%) |  | S. typhimurium (%) |  || MIC | MBC | MIC | MBC | MIC |,MBC,%,% (basis unspecified),False,False,False,"Physicochemical Properties, Antioxidant and Antibacterial Activities and Anti-Hepatocarcinogenic Effect and Potential Mechanism of &lt;i&gt;Schefflera oleifera&lt;/i&gt; Honey Against HepG2 Cells.",2025.0,10.3390/foods14132376,40647128.0,"Foods (Basel, Switzerland)",PMC12249035,sh6,,,,,,,28.357,37.481,,,,,,,25.347,2.907,,,32.035
PMC12249035,t4,SH6,S. aureus (%),S. aureus,MBC,,untreated,35.0,,%,,auto_A,Antibacterial activity of SH samples against four foodborne pathogens. || Samples | E. coli (%) |  | S. aureus (%) |  | L. monocytogenes (%) |  | S. typhimurium (%) |  || MIC | MBC | MIC | MBC | MIC |,MBC,%,% (basis unspecified),False,False,False,"Physicochemical Properties, Antioxidant and Antibacterial Activities and Anti-Hepatocarcinogenic Effect and Potential Mechanism of &lt;i&gt;Schefflera oleifera&lt;/i&gt; Honey Against HepG2 Cells.",2025.0,10.3390/foods14132376,40647128.0,"Foods (Basel, Switzerland)",PMC12249035,sh6,,,,,,,28.357,37.481,,,,,,,25.347,2.907,,,32.035
PMC12249035,t4,SH6,L. monocytogenes (%),L. monocytogenes,MBC,,untreated,35.0,,%,,auto_A,Antibacterial activity of SH samples against four foodborne pathogens. || Samples | E. coli (%) |  | S. aureus (%) |  | L. monocytogenes (%) |  | S. typhimurium (%) |  || MIC | MBC | MIC | MBC | MIC |,MBC,%,% (basis unspecified),False,False,False,"Physicochemical Properties, Antioxidant and Antibacterial Activities and Anti-Hepatocarcinogenic Effect and Potential Mechanism of &lt;i&gt;Schefflera oleifera&lt;/i&gt; Honey Against HepG2 Cells.",2025.0,10.3390/foods14132376,40647128.0,"Foods (Basel, Switzerland)",PMC12249035,sh6,,,,,,,28.357,37.481,,,,,,,25.347,2.907,,,32.035
PMC12249035,t4,SH6,S. typhimurium (%),Salmonella,MBC,,untreated,20.0,,%,,auto_A,Antibacterial activity of SH samples against four foodborne pathogens. || Samples | E. coli (%) |  | S. aureus (%) |  | L. monocytogenes (%) |  | S. typhimurium (%) |  || MIC | MBC | MIC | MBC | MIC |,MBC,%,% (basis unspecified),False,False,False,"Physicochemical Properties, Antioxidant and Antibacterial Activities and Anti-Hepatocarcinogenic Effect and Potential Mechanism of &lt;i&gt;Schefflera oleifera&lt;/i&gt; Honey Against HepG2 Cells.",2025.0,10.3390/foods14132376,40647128.0,"Foods (Basel, Switzerland)",PMC12249035,sh6,,,,,,,28.357,37.481,,,,,,,25.347,2.907,,,32.035
PMC12249035,t4,SH7,E. coli (%),E. coli,MBC,,untreated,30.0,,%,,auto_A,Antibacterial activity of SH samples against four foodborne pathogens. || Samples | E. coli (%) |  | S. aureus (%) |  | L. monocytogenes (%) |  | S. typhimurium (%) |  || MIC | MBC | MIC | MBC | MIC |,MBC,%,% (basis unspecified),False,False,False,"Physicochemical Properties, Antioxidant and Antibacterial Activities and Anti-Hepatocarcinogenic Effect and Potential Mechanism of &lt;i&gt;Schefflera oleifera&lt;/i&gt; Honey Against HepG2 Cells.",2025.0,10.3390/foods14132376,40647128.0,"Foods (Basel, Switzerland)",PMC12249035,sh7,,,,,,,28.033,42.848,,,,,,,22.091,2.917,,,29.103
PMC12249035,t4,SH7,S. aureus (%),S. aureus,MBC,,untreated,40.0,,%,,auto_A,Antibacterial activity of SH samples against four foodborne pathogens. || Samples | E. coli (%) |  | S. aureus (%) |  | L. monocytogenes (%) |  | S. typhimurium (%) |  || MIC | MBC | MIC | MBC | MIC |,MBC,%,% (basis unspecified),False,False,False,"Physicochemical Properties, Antioxidant and Antibacterial Activities and Anti-Hepatocarcinogenic Effect and Potential Mechanism of &lt;i&gt;Schefflera oleifera&lt;/i&gt; Honey Against HepG2 Cells.",2025.0,10.3390/foods14132376,40647128.0,"Foods (Basel, Switzerland)",PMC12249035,sh7,,,,,,,28.033,42.848,,,,,,,22.091,2.917,,,29.103
PMC12249035,t4,SH7,L. monocytogenes (%),L. monocytogenes,MBC,,untreated,25.0,,%,,auto_A,Antibacterial activity of SH samples against four foodborne pathogens. || Samples | E. coli (%) |  | S. aureus (%) |  | L. monocytogenes (%) |  | S. typhimurium (%) |  || MIC | MBC | MIC | MBC | MIC |,MBC,%,% (basis unspecified),False,False,False,"Physicochemical Properties, Antioxidant and Antibacterial Activities and Anti-Hepatocarcinogenic Effect and Potential Mechanism of &lt;i&gt;Schefflera oleifera&lt;/i&gt; Honey Against HepG2 Cells.",2025.0,10.3390/foods14132376,40647128.0,"Foods (Basel, Switzerland)",PMC12249035,sh7,,,,,,,28.033,42.848,,,,,,,22.091,2.917,,,29.103
PMC12249035,t4,SH7,S. typhimurium (%),Salmonella,MBC,,untreated,15.0,,%,,auto_A,Antibacterial activity of SH samples against four foodborne pathogens. || Samples | E. coli (%) |  | S. aureus (%) |  | L. monocytogenes (%) |  | S. typhimurium (%) |  || MIC | MBC | MIC | MBC | MIC |,MBC,%,% (basis unspecified),False,False,False,"Physicochemical Properties, Antioxidant and Antibacterial Activities and Anti-Hepatocarcinogenic Effect and Potential Mechanism of &lt;i&gt;Schefflera oleifera&lt;/i&gt; Honey Against HepG2 Cells.",2025.0,10.3390/foods14132376,40647128.0,"Foods (Basel, Switzerland)",PMC12249035,sh7,,,,,,,28.033,42.848,,,,,,,22.091,2.917,,,29.103
PMC3389331,t1,H203,MRSA6,MRSA,MIC,,untreated,6.25,,%,,auto_A,"Comparison of bactericidal activity of honeys and bacterial susceptibility . || Honey variety | MRSA6 |  | VRE2 |  | E. coli |  | B. subtilis |  ||  | MIC (%, v/v) | MBC (%, v/v) | MIC (%, v/v) | MBC ",MIC,%,% (basis unspecified),False,False,False,"Powerful bacterial killing by buckwheat honeys is concentration-dependent, involves complete DNA degradation and requires hydrogen peroxide.",2012.0,10.3389/fmicb.2012.00242,22783246.0,Frontiers in microbiology,PMC3389331,h203,,,,0.248,,,,,,0.3,,,,,,,,,
PMC3389331,t1,H203,VRE2,other,MIC,,untreated,25.0,,%,,auto_A,"Comparison of bactericidal activity of honeys and bacterial susceptibility . || Honey variety | MRSA6 |  | VRE2 |  | E. coli |  | B. subtilis |  ||  | MIC (%, v/v) | MBC (%, v/v) | MIC (%, v/v) | MBC ",MIC,%,% (basis unspecified),False,False,False,"Powerful bacterial killing by buckwheat honeys is concentration-dependent, involves complete DNA degradation and requires hydrogen peroxide.",2012.0,10.3389/fmicb.2012.00242,22783246.0,Frontiers in microbiology,PMC3389331,h203,,,,0.248,,,,,,0.3,,,,,,,,,
PMC3389331,t1,H203,E. coli,E. coli,MIC,,untreated,25.0,,%,,auto_A,"Comparison of bactericidal activity of honeys and bacterial susceptibility . || Honey variety | MRSA6 |  | VRE2 |  | E. coli |  | B. subtilis |  ||  | MIC (%, v/v) | MBC (%, v/v) | MIC (%, v/v) | MBC ",MIC,%,% (basis unspecified),False,False,False,"Powerful bacterial killing by buckwheat honeys is concentration-dependent, involves complete DNA degradation and requires hydrogen peroxide.",2012.0,10.3389/fmicb.2012.00242,22783246.0,Frontiers in microbiology,PMC3389331,h203,,,,0.248,,,,,,0.3,,,,,,,,,
PMC3389331,t1,H203,B. subtilis,B. cereus/Bacillus,MIC,,untreated,12.5,,%,,auto_A,"Comparison of bactericidal activity of honeys and bacterial susceptibility . || Honey variety | MRSA6 |  | VRE2 |  | E. coli |  | B. subtilis |  ||  | MIC (%, v/v) | MBC (%, v/v) | MIC (%, v/v) | MBC ",MIC,%,% (basis unspecified),False,False,False,"Powerful bacterial killing by buckwheat honeys is concentration-dependent, involves complete DNA degradation and requires hydrogen peroxide.",2012.0,10.3389/fmicb.2012.00242,22783246.0,Frontiers in microbiology,PMC3389331,h203,,,,0.248,,,,,,0.3,,,,,,,,,
PMC3389331,t1,H204,MRSA6,MRSA,MIC,,untreated,6.25,,%,,auto_A,"Comparison of bactericidal activity of honeys and bacterial susceptibility . || Honey variety | MRSA6 |  | VRE2 |  | E. coli |  | B. subtilis |  ||  | MIC (%, v/v) | MBC (%, v/v) | MIC (%, v/v) | MBC ",MIC,%,% (basis unspecified),False,False,False,"Powerful bacterial killing by buckwheat honeys is concentration-dependent, involves complete DNA degradation and requires hydrogen peroxide.",2012.0,10.3389/fmicb.2012.00242,22783246.0,Frontiers in microbiology,PMC3389331,h204,,,,0.74,,,,,,0.32,,,,,,,,,
PMC3389331,t1,H204,VRE2,other,MIC,,untreated,25.0,,%,,auto_A,"Comparison of bactericidal activity of honeys and bacterial susceptibility . || Honey variety | MRSA6 |  | VRE2 |  | E. coli |  | B. subtilis |  ||  | MIC (%, v/v) | MBC (%, v/v) | MIC (%, v/v) | MBC ",MIC,%,% (basis unspecified),False,False,False,"Powerful bacterial killing by buckwheat honeys is concentration-dependent, involves complete DNA degradation and requires hydrogen peroxide.",2012.0,10.3389/fmicb.2012.00242,22783246.0,Frontiers in microbiology,PMC3389331,h204,,,,0.74,,,,,,0.32,,,,,,,,,
PMC3389331,t1,H204,E. coli,E. coli,MIC,,untreated,12.5,,%,,auto_A,"Comparison of bactericidal activity of honeys and bacterial susceptibility . || Honey variety | MRSA6 |  | VRE2 |  | E. coli |  | B. subtilis |  ||  | MIC (%, v/v) | MBC (%, v/v) | MIC (%, v/v) | MBC ",MIC,%,% (basis unspecified),False,False,False,"Powerful bacterial killing by buckwheat honeys is concentration-dependent, involves complete DNA degradation and requires hydrogen peroxide.",2012.0,10.3389/fmicb.2012.00242,22783246.0,Frontiers in microbiology,PMC3389331,h204,,,,0.74,,,,,,0.32,,,,,,,,,
PMC3389331,t1,H204,B. subtilis,B. cereus/Bacillus,MIC,,untreated,12.5,,%,,auto_A,"Comparison of bactericidal activity of honeys and bacterial susceptibility . || Honey variety | MRSA6 |  | VRE2 |  | E. coli |  | B. subtilis |  ||  | MIC (%, v/v) | MBC (%, v/v) | MIC (%, v/v) | MBC ",MIC,%,% (basis unspecified),False,False,False,"Powerful bacterial killing by buckwheat honeys is concentration-dependent, involves complete DNA degradation and requires hydrogen peroxide.",2012.0,10.3389/fmicb.2012.00242,22783246.0,Frontiers in microbiology,PMC3389331,h204,,,,0.74,,,,,,0.32,,,,,,,,,
PMC3389331,t1,H205,MRSA6,MRSA,MIC,,untreated,6.25,,%,,auto_A,"Comparison of bactericidal activity of honeys and bacterial susceptibility . || Honey variety | MRSA6 |  | VRE2 |  | E. coli |  | B. subtilis |  ||  | MIC (%, v/v) | MBC (%, v/v) | MIC (%, v/v) | MBC ",MIC,%,% (basis unspecified),False,False,False,"Powerful bacterial killing by buckwheat honeys is concentration-dependent, involves complete DNA degradation and requires hydrogen peroxide.",2012.0,10.3389/fmicb.2012.00242,22783246.0,Frontiers in microbiology,PMC3389331,h205,,,,1.17,,,,,,0.463,,,,,,,,,
PMC3389331,t1,H205,VRE2,other,MIC,,untreated,25.0,,%,,auto_A,"Comparison of bactericidal activity of honeys and bacterial susceptibility . || Honey variety | MRSA6 |  | VRE2 |  | E. coli |  | B. subtilis |  ||  | MIC (%, v/v) | MBC (%, v/v) | MIC (%, v/v) | MBC ",MIC,%,% (basis unspecified),False,False,False,"Powerful bacterial killing by buckwheat honeys is concentration-dependent, involves complete DNA degradation and requires hydrogen peroxide.",2012.0,10.3389/fmicb.2012.00242,22783246.0,Frontiers in microbiology,PMC3389331,h205,,,,1.17,,,,,,0.463,,,,,,,,,
PMC3389331,t1,H205,E. coli,E. coli,MIC,,untreated,12.5,,%,,auto_A,"Comparison of bactericidal activity of honeys and bacterial susceptibility . || Honey variety | MRSA6 |  | VRE2 |  | E. coli |  | B. subtilis |  ||  | MIC (%, v/v) | MBC (%, v/v) | MIC (%, v/v) | MBC ",MIC,%,% (basis unspecified),False,False,False,"Powerful bacterial killing by buckwheat honeys is concentration-dependent, involves complete DNA degradation and requires hydrogen peroxide.",2012.0,10.3389/fmicb.2012.00242,22783246.0,Frontiers in microbiology,PMC3389331,h205,,,,1.17,,,,,,0.463,,,,,,,,,
PMC3389331,t1,H205,B. subtilis,B. cereus/Bacillus,MIC,,untreated,12.5,,%,,auto_A,"Comparison of bactericidal activity of honeys and bacterial susceptibility . || Honey variety | MRSA6 |  | VRE2 |  | E. coli |  | B. subtilis |  ||  | MIC (%, v/v) | MBC (%, v/v) | MIC (%, v/v) | MBC ",MIC,%,% (basis unspecified),False,False,False,"Powerful bacterial killing by buckwheat honeys is concentration-dependent, involves complete DNA degradation and requires hydrogen peroxide.",2012.0,10.3389/fmicb.2012.00242,22783246.0,Frontiers in microbiology,PMC3389331,h205,,,,1.17,,,,,,0.463,,,,,,,,,
PMC3389331,t1,H206,MRSA6,MRSA,MIC,,untreated,3.125,,%,,auto_A,"Comparison of bactericidal activity of honeys and bacterial susceptibility . || Honey variety | MRSA6 |  | VRE2 |  | E. coli |  | B. subtilis |  ||  | MIC (%, v/v) | MBC (%, v/v) | MIC (%, v/v) | MBC ",MIC,%,% (basis unspecified),False,False,False,"Powerful bacterial killing by buckwheat honeys is concentration-dependent, involves complete DNA degradation and requires hydrogen peroxide.",2012.0,10.3389/fmicb.2012.00242,22783246.0,Frontiers in microbiology,PMC3389331,h206,,,,1.11,,,,,,0.965,,,,,,,,,
PMC3389331,t1,H206,VRE2,other,MIC,,untreated,6.25,,%,,auto_A,"Comparison of bactericidal activity of honeys and bacterial susceptibility . || Honey variety | MRSA6 |  | VRE2 |  | E. coli |  | B. subtilis |  ||  | MIC (%, v/v) | MBC (%, v/v) | MIC (%, v/v) | MBC ",MIC,%,% (basis unspecified),False,False,False,"Powerful bacterial killing by buckwheat honeys is concentration-dependent, involves complete DNA degradation and requires hydrogen peroxide.",2012.0,10.3389/fmicb.2012.00242,22783246.0,Frontiers in microbiology,PMC3389331,h206,,,,1.11,,,,,,0.965,,,,,,,,,
PMC3389331,t1,H206,E. coli,E. coli,MIC,,untreated,6.25,,%,,auto_A,"Comparison of bactericidal activity of honeys and bacterial susceptibility . || Honey variety | MRSA6 |  | VRE2 |  | E. coli |  | B. subtilis |  ||  | MIC (%, v/v) | MBC (%, v/v) | MIC (%, v/v) | MBC ",MIC,%,% (basis unspecified),False,False,False,"Powerful bacterial killing by buckwheat honeys is concentration-dependent, involves complete DNA degradation and requires hydrogen peroxide.",2012.0,10.3389/fmicb.2012.00242,22783246.0,Frontiers in microbiology,PMC3389331,h206,,,,1.11,,,,,,0.965,,,,,,,,,
PMC3389331,t1,H206,B. subtilis,B. cereus/Bacillus,MIC,,untreated,12.5,,%,,auto_A,"Comparison of bactericidal activity of honeys and bacterial susceptibility . || Honey variety | MRSA6 |  | VRE2 |  | E. coli |  | B. subtilis |  ||  | MIC (%, v/v) | MBC (%, v/v) | MIC (%, v/v) | MBC ",MIC,%,% (basis unspecified),False,False,False,"Powerful bacterial killing by buckwheat honeys is concentration-dependent, involves complete DNA degradation and requires hydrogen peroxide.",2012.0,10.3389/fmicb.2012.00242,22783246.0,Frontiers in microbiology,PMC3389331,h206,,,,1.11,,,,,,0.965,,,,,,,,,
PMC4417269,t1,1,MRSA 50,MRSA,zone,,untreated,15.67,,mm,,auto_A,Effect of honey on growth of pathogenic bacteria causing skin disease by agar well diffusion method || Source | Type of pollen | Zone of Inhibition (mm) |  |  |  |  || Bacterial strain |  |  |  |  |  ,zone,mm,mm,False,False,False,"Activities of different types of Thai honey on pathogenic bacteria causing skin diseases, tyrosinase enzyme and generating free radicals.",2015.0,10.1186/0717-6287-48-4,25654191.0,Biological research,PMC4417269,1,,,,,,,40.46,301.93,,,,,,,,,,,
PMC4417269,t1,1,Corynebacterium sp.,S. pyogenes,zone,,untreated,19.67,,mm,,auto_A,Effect of honey on growth of pathogenic bacteria causing skin disease by agar well diffusion method || Source | Type of pollen | Zone of Inhibition (mm) |  |  |  |  || Bacterial strain |  |  |  |  |  ,zone,mm,mm,False,False,False,"Activities of different types of Thai honey on pathogenic bacteria causing skin diseases, tyrosinase enzyme and generating free radicals.",2015.0,10.1186/0717-6287-48-4,25654191.0,Biological research,PMC4417269,1,,,,,,,40.46,301.93,,,,,,,,,,,
PMC4417269,t1,1,P.acnes,other,zone,,untreated,21.33,,mm,,auto_A,Effect of honey on growth of pathogenic bacteria causing skin disease by agar well diffusion method || Source | Type of pollen | Zone of Inhibition (mm) |  |  |  |  || Bacterial strain |  |  |  |  |  ,zone,mm,mm,False,False,False,"Activities of different types of Thai honey on pathogenic bacteria causing skin diseases, tyrosinase enzyme and generating free radicals.",2015.0,10.1186/0717-6287-48-4,25654191.0,Biological research,PMC4417269,1,,,,,,,40.46,301.93,,,,,,,,,,,
PMC4417269,t1,Lychee,MRSA 49,MRSA,zone,,untreated,12.0,,mm,,auto_A,Effect of honey on growth of pathogenic bacteria causing skin disease by agar well diffusion method || Source | Type of pollen | Zone of Inhibition (mm) |  |  |  |  || Bacterial strain |  |  |  |  |  ,zone,mm,mm,False,False,False,"Activities of different types of Thai honey on pathogenic bacteria causing skin diseases, tyrosinase enzyme and generating free radicals.",2015.0,10.1186/0717-6287-48-4,25654191.0,Biological research,PMC4417269,lychee,,,,,,,6.64,47.125,,,,,,,,,,,
PMC4417269,t1,Lychee,MRSA 50,MRSA,zone,,untreated,11.33,,mm,,auto_A,Effect of honey on growth of pathogenic bacteria causing skin disease by agar well diffusion method || Source | Type of pollen | Zone of Inhibition (mm) |  |  |  |  || Bacterial strain |  |  |  |  |  ,zone,mm,mm,False,False,False,"Activities of different types of Thai honey on pathogenic bacteria causing skin diseases, tyrosinase enzyme and generating free radicals.",2015.0,10.1186/0717-6287-48-4,25654191.0,Biological research,PMC4417269,lychee,,,,,,,6.64,47.125,,,,,,,,,,,
PMC4417269,t1,Lychee,Corynebacterium sp.,S. pyogenes,zone,,untreated,13.33,,mm,,auto_A,Effect of honey on growth of pathogenic bacteria causing skin disease by agar well diffusion method || Source | Type of pollen | Zone of Inhibition (mm) |  |  |  |  || Bacterial strain |  |  |  |  |  ,zone,mm,mm,False,False,False,"Activities of different types of Thai honey on pathogenic bacteria causing skin diseases, tyrosinase enzyme and generating free radicals.",2015.0,10.1186/0717-6287-48-4,25654191.0,Biological research,PMC4417269,lychee,,,,,,,6.64,47.125,,,,,,,,,,,
PMC4417269,t1,Lychee,P.acnes,other,zone,,untreated,6.5,,mm,,auto_A,Effect of honey on growth of pathogenic bacteria causing skin disease by agar well diffusion method || Source | Type of pollen | Zone of Inhibition (mm) |  |  |  |  || Bacterial strain |  |  |  |  |  ,zone,mm,mm,False,False,False,"Activities of different types of Thai honey on pathogenic bacteria causing skin diseases, tyrosinase enzyme and generating free radicals.",2015.0,10.1186/0717-6287-48-4,25654191.0,Biological research,PMC4417269,lychee,,,,,,,6.64,47.125,,,,,,,,,,,
PMC4417269,t1,Polyflora,MRSA 49,MRSA,zone,,untreated,14.33,,mm,,auto_A,Effect of honey on growth of pathogenic bacteria causing skin disease by agar well diffusion method || Source | Type of pollen | Zone of Inhibition (mm) |  |  |  |  || Bacterial strain |  |  |  |  |  ,zone,mm,mm,False,False,False,"Activities of different types of Thai honey on pathogenic bacteria causing skin diseases, tyrosinase enzyme and generating free radicals.",2015.0,10.1186/0717-6287-48-4,25654191.0,Biological research,PMC4417269,polyflora,,,,,,,12.63,50.865,,,,,,,,,,,
PMC4417269,t1,Polyflora,MRSA 50,MRSA,zone,,untreated,17.33,,mm,,auto_A,Effect of honey on growth of pathogenic bacteria causing skin disease by agar well diffusion method || Source | Type of pollen | Zone of Inhibition (mm) |  |  |  |  || Bacterial strain |  |  |  |  |  ,zone,mm,mm,False,False,False,"Activities of different types of Thai honey on pathogenic bacteria causing skin diseases, tyrosinase enzyme and generating free radicals.",2015.0,10.1186/0717-6287-48-4,25654191.0,Biological research,PMC4417269,polyflora,,,,,,,12.63,50.865,,,,,,,,,,,
PMC4417269,t1,Polyflora,Corynebacterium sp.,S. pyogenes,zone,,untreated,16.33,,mm,,auto_A,Effect of honey on growth of pathogenic bacteria causing skin disease by agar well diffusion method || Source | Type of pollen | Zone of Inhibition (mm) |  |  |  |  || Bacterial strain |  |  |  |  |  ,zone,mm,mm,False,False,False,"Activities of different types of Thai honey on pathogenic bacteria causing skin diseases, tyrosinase enzyme and generating free radicals.",2015.0,10.1186/0717-6287-48-4,25654191.0,Biological research,PMC4417269,polyflora,,,,,,,12.63,50.865,,,,,,,,,,,
PMC4417269,t1,Polyflora,P.acnes,other,zone,,untreated,9.33,,mm,,auto_A,Effect of honey on growth of pathogenic bacteria causing skin disease by agar well diffusion method || Source | Type of pollen | Zone of Inhibition (mm) |  |  |  |  || Bacterial strain |  |  |  |  |  ,zone,mm,mm,False,False,False,"Activities of different types of Thai honey on pathogenic bacteria causing skin diseases, tyrosinase enzyme and generating free radicals.",2015.0,10.1186/0717-6287-48-4,25654191.0,Biological research,PMC4417269,polyflora,,,,,,,12.63,50.865,,,,,,,,,,,
PMC4417269,t1,2,MRSA 50,MRSA,zone,,untreated,13.0,,mm,,auto_A,Effect of honey on growth of pathogenic bacteria causing skin disease by agar well diffusion method || Source | Type of pollen | Zone of Inhibition (mm) |  |  |  |  || Bacterial strain |  |  |  |  |  ,zone,mm,mm,False,False,False,"Activities of different types of Thai honey on pathogenic bacteria causing skin diseases, tyrosinase enzyme and generating free radicals.",2015.0,10.1186/0717-6287-48-4,25654191.0,Biological research,PMC4417269,2,,,,,,,81.91,467.66,,,,,,,,,,,
PMC4417269,t1,2,Corynebacterium sp.,S. pyogenes,zone,,untreated,16.33,,mm,,auto_A,Effect of honey on growth of pathogenic bacteria causing skin disease by agar well diffusion method || Source | Type of pollen | Zone of Inhibition (mm) |  |  |  |  || Bacterial strain |  |  |  |  |  ,zone,mm,mm,False,False,False,"Activities of different types of Thai honey on pathogenic bacteria causing skin diseases, tyrosinase enzyme and generating free radicals.",2015.0,10.1186/0717-6287-48-4,25654191.0,Biological research,PMC4417269,2,,,,,,,81.91,467.66,,,,,,,,,,,
PMC4417269,t1,2,P.acnes,other,zone,,untreated,15.0,,mm,,auto_A,Effect of honey on growth of pathogenic bacteria causing skin disease by agar well diffusion method || Source | Type of pollen | Zone of Inhibition (mm) |  |  |  |  || Bacterial strain |  |  |  |  |  ,zone,mm,mm,False,False,False,"Activities of different types of Thai honey on pathogenic bacteria causing skin diseases, tyrosinase enzyme and generating free radicals.",2015.0,10.1186/0717-6287-48-4,25654191.0,Biological research,PMC4417269,2,,,,,,,81.91,467.66,,,,,,,,,,,
PMC4417269,t1,Sunflower,MRSA 49,MRSA,zone,,untreated,9.67,,mm,,auto_A,Effect of honey on growth of pathogenic bacteria causing skin disease by agar well diffusion method || Source | Type of pollen | Zone of Inhibition (mm) |  |  |  |  || Bacterial strain |  |  |  |  |  ,zone,mm,mm,False,False,False,"Activities of different types of Thai honey on pathogenic bacteria causing skin diseases, tyrosinase enzyme and generating free radicals.",2015.0,10.1186/0717-6287-48-4,25654191.0,Biological research,PMC4417269,sunflower,,,,,,,15.66,57.295,,,,,,,,,,,
PMC4417269,t1,Sunflower,MRSA 50,MRSA,zone,,untreated,11.33,,mm,,auto_A,Effect of honey on growth of pathogenic bacteria causing skin disease by agar well diffusion method || Source | Type of pollen | Zone of Inhibition (mm) |  |  |  |  || Bacterial strain |  |  |  |  |  ,zone,mm,mm,False,False,False,"Activities of different types of Thai honey on pathogenic bacteria causing skin diseases, tyrosinase enzyme and generating free radicals.",2015.0,10.1186/0717-6287-48-4,25654191.0,Biological research,PMC4417269,sunflower,,,,,,,15.66,57.295,,,,,,,,,,,
PMC4417269,t1,Sunflower,Corynebacterium sp.,S. pyogenes,zone,,untreated,10.33,,mm,,auto_A,Effect of honey on growth of pathogenic bacteria causing skin disease by agar well diffusion method || Source | Type of pollen | Zone of Inhibition (mm) |  |  |  |  || Bacterial strain |  |  |  |  |  ,zone,mm,mm,False,False,False,"Activities of different types of Thai honey on pathogenic bacteria causing skin diseases, tyrosinase enzyme and generating free radicals.",2015.0,10.1186/0717-6287-48-4,25654191.0,Biological research,PMC4417269,sunflower,,,,,,,15.66,57.295,,,,,,,,,,,
PMC4417269,t1,Sunflower,P.acnes,other,zone,,untreated,7.0,,mm,,auto_A,Effect of honey on growth of pathogenic bacteria causing skin disease by agar well diffusion method || Source | Type of pollen | Zone of Inhibition (mm) |  |  |  |  || Bacterial strain |  |  |  |  |  ,zone,mm,mm,False,False,False,"Activities of different types of Thai honey on pathogenic bacteria causing skin diseases, tyrosinase enzyme and generating free radicals.",2015.0,10.1186/0717-6287-48-4,25654191.0,Biological research,PMC4417269,sunflower,,,,,,,15.66,57.295,,,,,,,,,,,
PMC4417269,t1,Polyflora,MRSA 49,MRSA,zone,,untreated,11.67,,mm,,auto_A,Effect of honey on growth of pathogenic bacteria causing skin disease by agar well diffusion method || Source | Type of pollen | Zone of Inhibition (mm) |  |  |  |  || Bacterial strain |  |  |  |  |  ,zone,mm,mm,False,False,False,"Activities of different types of Thai honey on pathogenic bacteria causing skin diseases, tyrosinase enzyme and generating free radicals.",2015.0,10.1186/0717-6287-48-4,25654191.0,Biological research,PMC4417269,polyflora,,,,,,,12.63,50.865,,,,,,,,,,,
PMC4417269,t1,Polyflora,MRSA 50,MRSA,zone,,untreated,15.33,,mm,,auto_A,Effect of honey on growth of pathogenic bacteria causing skin disease by agar well diffusion method || Source | Type of pollen | Zone of Inhibition (mm) |  |  |  |  || Bacterial strain |  |  |  |  |  ,zone,mm,mm,False,False,False,"Activities of different types of Thai honey on pathogenic bacteria causing skin diseases, tyrosinase enzyme and generating free radicals.",2015.0,10.1186/0717-6287-48-4,25654191.0,Biological research,PMC4417269,polyflora,,,,,,,12.63,50.865,,,,,,,,,,,
PMC4417269,t1,Polyflora,Corynebacterium sp.,S. pyogenes,zone,,untreated,15.0,,mm,,auto_A,Effect of honey on growth of pathogenic bacteria causing skin disease by agar well diffusion method || Source | Type of pollen | Zone of Inhibition (mm) |  |  |  |  || Bacterial strain |  |  |  |  |  ,zone,mm,mm,False,False,False,"Activities of different types of Thai honey on pathogenic bacteria causing skin diseases, tyrosinase enzyme and generating free radicals.",2015.0,10.1186/0717-6287-48-4,25654191.0,Biological research,PMC4417269,polyflora,,,,,,,12.63,50.865,,,,,,,,,,,
PMC4417269,t1,Polyflora,P.acnes,other,zone,,untreated,10.0,,mm,,auto_A,Effect of honey on growth of pathogenic bacteria causing skin disease by agar well diffusion method || Source | Type of pollen | Zone of Inhibition (mm) |  |  |  |  || Bacterial strain |  |  |  |  |  ,zone,mm,mm,False,False,False,"Activities of different types of Thai honey on pathogenic bacteria causing skin diseases, tyrosinase enzyme and generating free radicals.",2015.0,10.1186/0717-6287-48-4,25654191.0,Biological research,PMC4417269,polyflora,,,,,,,12.63,50.865,,,,,,,,,,,
PMC4417269,t1,3,MRSA 50,MRSA,zone,,untreated,18.33,,mm,,auto_A,Effect of honey on growth of pathogenic bacteria causing skin disease by agar well diffusion method || Source | Type of pollen | Zone of Inhibition (mm) |  |  |  |  || Bacterial strain |  |  |  |  |  ,zone,mm,mm,False,False,False,"Activities of different types of Thai honey on pathogenic bacteria causing skin diseases, tyrosinase enzyme and generating free radicals.",2015.0,10.1186/0717-6287-48-4,25654191.0,Biological research,PMC4417269,3,,,,,,,53.88,312.53,,,,,,,,,,,
PMC4417269,t1,3,Corynebacterium sp.,S. pyogenes,zone,,untreated,24.0,,mm,,auto_A,Effect of honey on growth of pathogenic bacteria causing skin disease by agar well diffusion method || Source | Type of pollen | Zone of Inhibition (mm) |  |  |  |  || Bacterial strain |  |  |  |  |  ,zone,mm,mm,False,False,False,"Activities of different types of Thai honey on pathogenic bacteria causing skin diseases, tyrosinase enzyme and generating free radicals.",2015.0,10.1186/0717-6287-48-4,25654191.0,Biological research,PMC4417269,3,,,,,,,53.88,312.53,,,,,,,,,,,
PMC4417269,t1,3,P.acnes,other,zone,,untreated,22.67,,mm,,auto_A,Effect of honey on growth of pathogenic bacteria causing skin disease by agar well diffusion method || Source | Type of pollen | Zone of Inhibition (mm) |  |  |  |  || Bacterial strain |  |  |  |  |  ,zone,mm,mm,False,False,False,"Activities of different types of Thai honey on pathogenic bacteria causing skin diseases, tyrosinase enzyme and generating free radicals.",2015.0,10.1186/0717-6287-48-4,25654191.0,Biological research,PMC4417269,3,,,,,,,53.88,312.53,,,,,,,,,,,
PMC4417269,t1,Lychee,MRSA 50,MRSA,zone,,untreated,19.33,,mm,,auto_A,Effect of honey on growth of pathogenic bacteria causing skin disease by agar well diffusion method || Source | Type of pollen | Zone of Inhibition (mm) |  |  |  |  || Bacterial strain |  |  |  |  |  ,zone,mm,mm,False,False,False,"Activities of different types of Thai honey on pathogenic bacteria causing skin diseases, tyrosinase enzyme and generating free radicals.",2015.0,10.1186/0717-6287-48-4,25654191.0,Biological research,PMC4417269,lychee,,,,,,,6.64,47.125,,,,,,,,,,,
PMC4417269,t1,Lychee,Corynebacterium sp.,S. pyogenes,zone,,untreated,17.33,,mm,,auto_A,Effect of honey on growth of pathogenic bacteria causing skin disease by agar well diffusion method || Source | Type of pollen | Zone of Inhibition (mm) |  |  |  |  || Bacterial strain |  |  |  |  |  ,zone,mm,mm,False,False,False,"Activities of different types of Thai honey on pathogenic bacteria causing skin diseases, tyrosinase enzyme and generating free radicals.",2015.0,10.1186/0717-6287-48-4,25654191.0,Biological research,PMC4417269,lychee,,,,,,,6.64,47.125,,,,,,,,,,,
PMC4417269,t1,Lychee,P.acnes,other,zone,,untreated,10.33,,mm,,auto_A,Effect of honey on growth of pathogenic bacteria causing skin disease by agar well diffusion method || Source | Type of pollen | Zone of Inhibition (mm) |  |  |  |  || Bacterial strain |  |  |  |  |  ,zone,mm,mm,False,False,False,"Activities of different types of Thai honey on pathogenic bacteria causing skin diseases, tyrosinase enzyme and generating free radicals.",2015.0,10.1186/0717-6287-48-4,25654191.0,Biological research,PMC4417269,lychee,,,,,,,6.64,47.125,,,,,,,,,,,
PMC4417269,t1,Polyflora,MRSA 50,MRSA,zone,,untreated,20.33,,mm,,auto_A,Effect of honey on growth of pathogenic bacteria causing skin disease by agar well diffusion method || Source | Type of pollen | Zone of Inhibition (mm) |  |  |  |  || Bacterial strain |  |  |  |  |  ,zone,mm,mm,False,False,False,"Activities of different types of Thai honey on pathogenic bacteria causing skin diseases, tyrosinase enzyme and generating free radicals.",2015.0,10.1186/0717-6287-48-4,25654191.0,Biological research,PMC4417269,polyflora,,,,,,,12.63,50.865,,,,,,,,,,,
PMC4417269,t1,Polyflora,Corynebacterium sp.,S. pyogenes,zone,,untreated,19.67,,mm,,auto_A,Effect of honey on growth of pathogenic bacteria causing skin disease by agar well diffusion method || Source | Type of pollen | Zone of Inhibition (mm) |  |  |  |  || Bacterial strain |  |  |  |  |  ,zone,mm,mm,False,False,False,"Activities of different types of Thai honey on pathogenic bacteria causing skin diseases, tyrosinase enzyme and generating free radicals.",2015.0,10.1186/0717-6287-48-4,25654191.0,Biological research,PMC4417269,polyflora,,,,,,,12.63,50.865,,,,,,,,,,,
PMC4417269,t1,4,MRSA 50,MRSA,zone,,untreated,13.0,,mm,,auto_A,Effect of honey on growth of pathogenic bacteria causing skin disease by agar well diffusion method || Source | Type of pollen | Zone of Inhibition (mm) |  |  |  |  || Bacterial strain |  |  |  |  |  ,zone,mm,mm,False,False,False,"Activities of different types of Thai honey on pathogenic bacteria causing skin diseases, tyrosinase enzyme and generating free radicals.",2015.0,10.1186/0717-6287-48-4,25654191.0,Biological research,PMC4417269,4,,,,,,,178.31,734.76,,,,,,,,,,,
PMC4417269,t1,4,Corynebacterium sp.,S. pyogenes,zone,,untreated,16.0,,mm,,auto_A,Effect of honey on growth of pathogenic bacteria causing skin disease by agar well diffusion method || Source | Type of pollen | Zone of Inhibition (mm) |  |  |  |  || Bacterial strain |  |  |  |  |  ,zone,mm,mm,False,False,False,"Activities of different types of Thai honey on pathogenic bacteria causing skin diseases, tyrosinase enzyme and generating free radicals.",2015.0,10.1186/0717-6287-48-4,25654191.0,Biological research,PMC4417269,4,,,,,,,178.31,734.76,,,,,,,,,,,
PMC4417269,t1,4,P.acnes,other,zone,,untreated,15.33,,mm,,auto_A,Effect of honey on growth of pathogenic bacteria causing skin disease by agar well diffusion method || Source | Type of pollen | Zone of Inhibition (mm) |  |  |  |  || Bacterial strain |  |  |  |  |  ,zone,mm,mm,False,False,False,"Activities of different types of Thai honey on pathogenic bacteria causing skin diseases, tyrosinase enzyme and generating free radicals.",2015.0,10.1186/0717-6287-48-4,25654191.0,Biological research,PMC4417269,4,,,,,,,178.31,734.76,,,,,,,,,,,
PMC4417269,t1,5,MRSA 50,MRSA,zone,,untreated,13.67,,mm,,auto_A,Effect of honey on growth of pathogenic bacteria causing skin disease by agar well diffusion method || Source | Type of pollen | Zone of Inhibition (mm) |  |  |  |  || Bacterial strain |  |  |  |  |  ,zone,mm,mm,False,False,False,"Activities of different types of Thai honey on pathogenic bacteria causing skin diseases, tyrosinase enzyme and generating free radicals.",2015.0,10.1186/0717-6287-48-4,25654191.0,Biological research,PMC4417269,5,,,,,,,79.75,674.81,,,,,,,,,,,
PMC4417269,t1,5,Corynebacterium sp.,S. pyogenes,zone,,untreated,21.0,,mm,,auto_A,Effect of honey on growth of pathogenic bacteria causing skin disease by agar well diffusion method || Source | Type of pollen | Zone of Inhibition (mm) |  |  |  |  || Bacterial strain |  |  |  |  |  ,zone,mm,mm,False,False,False,"Activities of different types of Thai honey on pathogenic bacteria causing skin diseases, tyrosinase enzyme and generating free radicals.",2015.0,10.1186/0717-6287-48-4,25654191.0,Biological research,PMC4417269,5,,,,,,,79.75,674.81,,,,,,,,,,,
PMC4417269,t1,5,P.acnes,other,zone,,untreated,13.67,,mm,,auto_A,Effect of honey on growth of pathogenic bacteria causing skin disease by agar well diffusion method || Source | Type of pollen | Zone of Inhibition (mm) |  |  |  |  || Bacterial strain |  |  |  |  |  ,zone,mm,mm,False,False,False,"Activities of different types of Thai honey on pathogenic bacteria causing skin diseases, tyrosinase enzyme and generating free radicals.",2015.0,10.1186/0717-6287-48-4,25654191.0,Biological research,PMC4417269,5,,,,,,,79.75,674.81,,,,,,,,,,,
PMC4417269,t1,6,MRSA 50,MRSA,zone,,untreated,10.0,,mm,,auto_A,Effect of honey on growth of pathogenic bacteria causing skin disease by agar well diffusion method || Source | Type of pollen | Zone of Inhibition (mm) |  |  |  |  || Bacterial strain |  |  |  |  |  ,zone,mm,mm,False,False,False,"Activities of different types of Thai honey on pathogenic bacteria causing skin diseases, tyrosinase enzyme and generating free radicals.",2015.0,10.1186/0717-6287-48-4,25654191.0,Biological research,PMC4417269,6,,,,,,,55.99,311.87,,,,,,,,,,,
PMC4417269,t1,6,Corynebacterium sp.,S. pyogenes,zone,,untreated,10.67,,mm,,auto_A,Effect of honey on growth of pathogenic bacteria causing skin disease by agar well diffusion method || Source | Type of pollen | Zone of Inhibition (mm) |  |  |  |  || Bacterial strain |  |  |  |  |  ,zone,mm,mm,False,False,False,"Activities of different types of Thai honey on pathogenic bacteria causing skin diseases, tyrosinase enzyme and generating free radicals.",2015.0,10.1186/0717-6287-48-4,25654191.0,Biological research,PMC4417269,6,,,,,,,55.99,311.87,,,,,,,,,,,
PMC4417269,t1,6,P.acnes,other,zone,,untreated,11.33,,mm,,auto_A,Effect of honey on growth of pathogenic bacteria causing skin disease by agar well diffusion method || Source | Type of pollen | Zone of Inhibition (mm) |  |  |  |  || Bacterial strain |  |  |  |  |  ,zone,mm,mm,False,False,False,"Activities of different types of Thai honey on pathogenic bacteria causing skin diseases, tyrosinase enzyme and generating free radicals.",2015.0,10.1186/0717-6287-48-4,25654191.0,Biological research,PMC4417269,6,,,,,,,55.99,311.87,,,,,,,,,,,
PMC4417269,t1,Sunflower,MRSA 49,MRSA,zone,,untreated,0.0,,mm,,auto_A,Effect of honey on growth of pathogenic bacteria causing skin disease by agar well diffusion method || Source | Type of pollen | Zone of Inhibition (mm) |  |  |  |  || Bacterial strain |  |  |  |  |  ,zone,mm,mm,False,False,False,"Activities of different types of Thai honey on pathogenic bacteria causing skin diseases, tyrosinase enzyme and generating free radicals.",2015.0,10.1186/0717-6287-48-4,25654191.0,Biological research,PMC4417269,sunflower,,,,,,,15.66,57.295,,,,,,,,,,,
PMC4417269,t1,Sunflower,MRSA 50,MRSA,zone,,untreated,0.0,,mm,,auto_A,Effect of honey on growth of pathogenic bacteria causing skin disease by agar well diffusion method || Source | Type of pollen | Zone of Inhibition (mm) |  |  |  |  || Bacterial strain |  |  |  |  |  ,zone,mm,mm,False,False,False,"Activities of different types of Thai honey on pathogenic bacteria causing skin diseases, tyrosinase enzyme and generating free radicals.",2015.0,10.1186/0717-6287-48-4,25654191.0,Biological research,PMC4417269,sunflower,,,,,,,15.66,57.295,,,,,,,,,,,
PMC4417269,t1,Sunflower,Corynebacterium sp.,S. pyogenes,zone,,untreated,0.0,,mm,,auto_A,Effect of honey on growth of pathogenic bacteria causing skin disease by agar well diffusion method || Source | Type of pollen | Zone of Inhibition (mm) |  |  |  |  || Bacterial strain |  |  |  |  |  ,zone,mm,mm,False,False,False,"Activities of different types of Thai honey on pathogenic bacteria causing skin diseases, tyrosinase enzyme and generating free radicals.",2015.0,10.1186/0717-6287-48-4,25654191.0,Biological research,PMC4417269,sunflower,,,,,,,15.66,57.295,,,,,,,,,,,
PMC4417269,t1,Sunflower,P.acnes,other,zone,,untreated,0.0,,mm,,auto_A,Effect of honey on growth of pathogenic bacteria causing skin disease by agar well diffusion method || Source | Type of pollen | Zone of Inhibition (mm) |  |  |  |  || Bacterial strain |  |  |  |  |  ,zone,mm,mm,False,False,False,"Activities of different types of Thai honey on pathogenic bacteria causing skin diseases, tyrosinase enzyme and generating free radicals.",2015.0,10.1186/0717-6287-48-4,25654191.0,Biological research,PMC4417269,sunflower,,,,,,,15.66,57.295,,,,,,,,,,,
PMC4417269,t1,Polyflora,MRSA 49,MRSA,zone,,untreated,13.67,,mm,,auto_A,Effect of honey on growth of pathogenic bacteria causing skin disease by agar well diffusion method || Source | Type of pollen | Zone of Inhibition (mm) |  |  |  |  || Bacterial strain |  |  |  |  |  ,zone,mm,mm,False,False,False,"Activities of different types of Thai honey on pathogenic bacteria causing skin diseases, tyrosinase enzyme and generating free radicals.",2015.0,10.1186/0717-6287-48-4,25654191.0,Biological research,PMC4417269,polyflora,,,,,,,12.63,50.865,,,,,,,,,,,
PMC4417269,t1,Polyflora,MRSA 50,MRSA,zone,,untreated,14.0,,mm,,auto_A,Effect of honey on growth of pathogenic bacteria causing skin disease by agar well diffusion method || Source | Type of pollen | Zone of Inhibition (mm) |  |  |  |  || Bacterial strain |  |  |  |  |  ,zone,mm,mm,False,False,False,"Activities of different types of Thai honey on pathogenic bacteria causing skin diseases, tyrosinase enzyme and generating free radicals.",2015.0,10.1186/0717-6287-48-4,25654191.0,Biological research,PMC4417269,polyflora,,,,,,,12.63,50.865,,,,,,,,,,,
PMC4417269,t1,Polyflora,Corynebacterium sp.,S. pyogenes,zone,,untreated,17.33,,mm,,auto_A,Effect of honey on growth of pathogenic bacteria causing skin disease by agar well diffusion method || Source | Type of pollen | Zone of Inhibition (mm) |  |  |  |  || Bacterial strain |  |  |  |  |  ,zone,mm,mm,False,False,False,"Activities of different types of Thai honey on pathogenic bacteria causing skin diseases, tyrosinase enzyme and generating free radicals.",2015.0,10.1186/0717-6287-48-4,25654191.0,Biological research,PMC4417269,polyflora,,,,,,,12.63,50.865,,,,,,,,,,,
PMC4417269,t1,Polyflora,P.acnes,other,zone,,untreated,10.33,,mm,,auto_A,Effect of honey on growth of pathogenic bacteria causing skin disease by agar well diffusion method || Source | Type of pollen | Zone of Inhibition (mm) |  |  |  |  || Bacterial strain |  |  |  |  |  ,zone,mm,mm,False,False,False,"Activities of different types of Thai honey on pathogenic bacteria causing skin diseases, tyrosinase enzyme and generating free radicals.",2015.0,10.1186/0717-6287-48-4,25654191.0,Biological research,PMC4417269,polyflora,,,,,,,12.63,50.865,,,,,,,,,,,
PMC4417269,t1,Sesame,MRSA 49,MRSA,zone,,untreated,0.0,,mm,,auto_A,Effect of honey on growth of pathogenic bacteria causing skin disease by agar well diffusion method || Source | Type of pollen | Zone of Inhibition (mm) |  |  |  |  || Bacterial strain |  |  |  |  |  ,zone,mm,mm,False,False,False,"Activities of different types of Thai honey on pathogenic bacteria causing skin diseases, tyrosinase enzyme and generating free radicals.",2015.0,10.1186/0717-6287-48-4,25654191.0,Biological research,PMC4417269,sesame,,,,,,,9.12,54.97,,,,,,,,,,,
PMC4417269,t1,Sesame,MRSA 50,MRSA,zone,,untreated,10.33,,mm,,auto_A,Effect of honey on growth of pathogenic bacteria causing skin disease by agar well diffusion method || Source | Type of pollen | Zone of Inhibition (mm) |  |  |  |  || Bacterial strain |  |  |  |  |  ,zone,mm,mm,False,False,False,"Activities of different types of Thai honey on pathogenic bacteria causing skin diseases, tyrosinase enzyme and generating free radicals.",2015.0,10.1186/0717-6287-48-4,25654191.0,Biological research,PMC4417269,sesame,,,,,,,9.12,54.97,,,,,,,,,,,
PMC4417269,t1,Sesame,Corynebacterium sp.,S. pyogenes,zone,,untreated,10.0,,mm,,auto_A,Effect of honey on growth of pathogenic bacteria causing skin disease by agar well diffusion method || Source | Type of pollen | Zone of Inhibition (mm) |  |  |  |  || Bacterial strain |  |  |  |  |  ,zone,mm,mm,False,False,False,"Activities of different types of Thai honey on pathogenic bacteria causing skin diseases, tyrosinase enzyme and generating free radicals.",2015.0,10.1186/0717-6287-48-4,25654191.0,Biological research,PMC4417269,sesame,,,,,,,9.12,54.97,,,,,,,,,,,
PMC4417269,t1,Sesame,P.acnes,other,zone,,untreated,0.0,,mm,,auto_A,Effect of honey on growth of pathogenic bacteria causing skin disease by agar well diffusion method || Source | Type of pollen | Zone of Inhibition (mm) |  |  |  |  || Bacterial strain |  |  |  |  |  ,zone,mm,mm,False,False,False,"Activities of different types of Thai honey on pathogenic bacteria causing skin diseases, tyrosinase enzyme and generating free radicals.",2015.0,10.1186/0717-6287-48-4,25654191.0,Biological research,PMC4417269,sesame,,,,,,,9.12,54.97,,,,,,,,,,,
PMC4417269,t1,Mānuka honey,MRSA 50,MRSA,zone,,untreated,20.33,,mm,,auto_A,Effect of honey on growth of pathogenic bacteria causing skin disease by agar well diffusion method || Source | Type of pollen | Zone of Inhibition (mm) |  |  |  |  || Bacterial strain |  |  |  |  |  ,zone,mm,mm,False,False,False,"Activities of different types of Thai honey on pathogenic bacteria causing skin diseases, tyrosinase enzyme and generating free radicals.",2015.0,10.1186/0717-6287-48-4,25654191.0,Biological research,PMC4417269,mnukahoney,,,,,,,162.87,831.88,,,,,,,,,,,
PMC4417269,t1,Mānuka honey,Corynebacterium sp.,S. pyogenes,zone,,untreated,19.67,,mm,,auto_A,Effect of honey on growth of pathogenic bacteria causing skin disease by agar well diffusion method || Source | Type of pollen | Zone of Inhibition (mm) |  |  |  |  || Bacterial strain |  |  |  |  |  ,zone,mm,mm,False,False,False,"Activities of different types of Thai honey on pathogenic bacteria causing skin diseases, tyrosinase enzyme and generating free radicals.",2015.0,10.1186/0717-6287-48-4,25654191.0,Biological research,PMC4417269,mnukahoney,,,,,,,162.87,831.88,,,,,,,,,,,
PMC4417269,t1,Mānuka honey,P.acnes,other,zone,,untreated,22.0,,mm,,auto_A,Effect of honey on growth of pathogenic bacteria causing skin disease by agar well diffusion method || Source | Type of pollen | Zone of Inhibition (mm) |  |  |  |  || Bacterial strain |  |  |  |  |  ,zone,mm,mm,False,False,False,"Activities of different types of Thai honey on pathogenic bacteria causing skin diseases, tyrosinase enzyme and generating free radicals.",2015.0,10.1186/0717-6287-48-4,25654191.0,Biological research,PMC4417269,mnukahoney,,,,,,,162.87,831.88,,,,,,,,,,,
PMC4417269,t2,Mānuka honey,MRSA 49,MRSA,MIC,,untreated,6.25,,%,,auto_A,Minimum inhibitory concentration (MIC) and minimum bactericidal concentration (MBC) values of honey against pathogenic bacteria causing skin disease || Source | Type of pollen | MIC and MBC (% honey) ,MIC,%,% (basis unspecified),False,False,False,"Activities of different types of Thai honey on pathogenic bacteria causing skin diseases, tyrosinase enzyme and generating free radicals.",2015.0,10.1186/0717-6287-48-4,25654191.0,Biological research,PMC4417269,mnukahoney,,,,,,,162.87,831.88,,,,,,,,,,,
PMC4417269,t2,Mānuka honey,MRSA 50,MRSA,MIC,,untreated,6.25,,%,,auto_A,Minimum inhibitory concentration (MIC) and minimum bactericidal concentration (MBC) values of honey against pathogenic bacteria causing skin disease || Source | Type of pollen | MIC and MBC (% honey) ,MIC,%,% (basis unspecified),False,False,False,"Activities of different types of Thai honey on pathogenic bacteria causing skin diseases, tyrosinase enzyme and generating free radicals.",2015.0,10.1186/0717-6287-48-4,25654191.0,Biological research,PMC4417269,mnukahoney,,,,,,,162.87,831.88,,,,,,,,,,,
PMC4417269,t2,Mānuka honey,Corynebacterium sp.,S. pyogenes,MIC,,untreated,6.25,,%,,auto_A,Minimum inhibitory concentration (MIC) and minimum bactericidal concentration (MBC) values of honey against pathogenic bacteria causing skin disease || Source | Type of pollen | MIC and MBC (% honey) ,MIC,%,% (basis unspecified),False,False,False,"Activities of different types of Thai honey on pathogenic bacteria causing skin diseases, tyrosinase enzyme and generating free radicals.",2015.0,10.1186/0717-6287-48-4,25654191.0,Biological research,PMC4417269,mnukahoney,,,,,,,162.87,831.88,,,,,,,,,,,
PMC4417269,t2,Mānuka honey,P.acnes,other,MIC,,untreated,3.125,,%,,auto_A,Minimum inhibitory concentration (MIC) and minimum bactericidal concentration (MBC) values of honey against pathogenic bacteria causing skin disease || Source | Type of pollen | MIC and MBC (% honey) ,MIC,%,% (basis unspecified),False,False,False,"Activities of different types of Thai honey on pathogenic bacteria causing skin diseases, tyrosinase enzyme and generating free radicals.",2015.0,10.1186/0717-6287-48-4,25654191.0,Biological research,PMC4417269,mnukahoney,,,,,,,162.87,831.88,,,,,,,,,,,
PMC6027671,t3,Sample 1,E. coli,E. coli,MBC,,untreated,10.0,,%,,auto_A_t,Minimum inhibitory concentration (MIC) and minimum bactericidal concentration (MBC) values of honey samples against uropathogen strains (%  w/v ). || Strain | Sample 1 |  | Sample 2 |  | Sample 3 |  |,MBC,%w/v,%w/v,False,False,False,Honey Bee as Alternative Medicine to Treat Eleven Multidrug-Resistant Bacteria Causing Urinary Tract Infection during Pregnancy.,2018.0,10.3390/scipharm86020014,29652864.0,Scientia pharmaceutica,PMC6027671,sample1,,,,,,,,,,,,,,,,3.44,,,
PMC6027671,t3,Sample 1,E. coli,E. coli,MIC,,untreated,10.0,,%,,auto_A_t,Minimum inhibitory concentration (MIC) and minimum bactericidal concentration (MBC) values of honey samples against uropathogen strains (%  w/v ). || Strain | Sample 1 |  | Sample 2 |  | Sample 3 |  |,MIC,%w/v,%w/v,False,False,False,Honey Bee as Alternative Medicine to Treat Eleven Multidrug-Resistant Bacteria Causing Urinary Tract Infection during Pregnancy.,2018.0,10.3390/scipharm86020014,29652864.0,Scientia pharmaceutica,PMC6027671,sample1,,,,,,,,,,,,,,,,3.44,,,
PMC6027671,t3,Sample 2,E. coli,E. coli,MBC,,untreated,10.0,,%,,auto_A_t,Minimum inhibitory concentration (MIC) and minimum bactericidal concentration (MBC) values of honey samples against uropathogen strains (%  w/v ). || Strain | Sample 1 |  | Sample 2 |  | Sample 3 |  |,MBC,%w/v,%w/v,False,False,False,Honey Bee as Alternative Medicine to Treat Eleven Multidrug-Resistant Bacteria Causing Urinary Tract Infection during Pregnancy.,2018.0,10.3390/scipharm86020014,29652864.0,Scientia pharmaceutica,PMC6027671,sample2,,,,,,,,,,,,,,,,4.54,,,
PMC6027671,t3,Sample 2,E. coli,E. coli,MIC,,untreated,10.0,,%,,auto_A_t,Minimum inhibitory concentration (MIC) and minimum bactericidal concentration (MBC) values of honey samples against uropathogen strains (%  w/v ). || Strain | Sample 1 |  | Sample 2 |  | Sample 3 |  |,MIC,%w/v,%w/v,False,False,False,Honey Bee as Alternative Medicine to Treat Eleven Multidrug-Resistant Bacteria Causing Urinary Tract Infection during Pregnancy.,2018.0,10.3390/scipharm86020014,29652864.0,Scientia pharmaceutica,PMC6027671,sample2,,,,,,,,,,,,,,,,4.54,,,
PMC6027671,t3,Sample 3,E. coli,E. coli,MBC,,untreated,5.0,,%,,auto_A_t,Minimum inhibitory concentration (MIC) and minimum bactericidal concentration (MBC) values of honey samples against uropathogen strains (%  w/v ). || Strain | Sample 1 |  | Sample 2 |  | Sample 3 |  |,MBC,%w/v,%w/v,False,False,False,Honey Bee as Alternative Medicine to Treat Eleven Multidrug-Resistant Bacteria Causing Urinary Tract Infection during Pregnancy.,2018.0,10.3390/scipharm86020014,29652864.0,Scientia pharmaceutica,PMC6027671,sample3,,,,,,,,,,,,,,,,3.86,,,
PMC6027671,t3,Sample 3,E. coli,E. coli,MIC,,untreated,10.0,,%,,auto_A_t,Minimum inhibitory concentration (MIC) and minimum bactericidal concentration (MBC) values of honey samples against uropathogen strains (%  w/v ). || Strain | Sample 1 |  | Sample 2 |  | Sample 3 |  |,MIC,%w/v,%w/v,False,False,False,Honey Bee as Alternative Medicine to Treat Eleven Multidrug-Resistant Bacteria Causing Urinary Tract Infection during Pregnancy.,2018.0,10.3390/scipharm86020014,29652864.0,Scientia pharmaceutica,PMC6027671,sample3,,,,,,,,,,,,,,,,3.86,,,
PMC6027671,t3,Sample 4,E. coli,E. coli,MBC,,untreated,10.0,,%,,auto_A_t,Minimum inhibitory concentration (MIC) and minimum bactericidal concentration (MBC) values of honey samples against uropathogen strains (%  w/v ). || Strain | Sample 1 |  | Sample 2 |  | Sample 3 |  |,MBC,%w/v,%w/v,False,False,False,Honey Bee as Alternative Medicine to Treat Eleven Multidrug-Resistant Bacteria Causing Urinary Tract Infection during Pregnancy.,2018.0,10.3390/scipharm86020014,29652864.0,Scientia pharmaceutica,PMC6027671,sample4,,,,,,,,,,,,,,,,3.19,,,
PMC6027671,t3,Sample 4,E. coli,E. coli,MIC,,untreated,10.0,,%,,auto_A_t,Minimum inhibitory concentration (MIC) and minimum bactericidal concentration (MBC) values of honey samples against uropathogen strains (%  w/v ). || Strain | Sample 1 |  | Sample 2 |  | Sample 3 |  |,MIC,%w/v,%w/v,False,False,False,Honey Bee as Alternative Medicine to Treat Eleven Multidrug-Resistant Bacteria Causing Urinary Tract Infection during Pregnancy.,2018.0,10.3390/scipharm86020014,29652864.0,Scientia pharmaceutica,PMC6027671,sample4,,,,,,,,,,,,,,,,3.19,,,
PMC6027671,t3,Sample 5,E. coli,E. coli,MBC,,untreated,10.0,,%,,auto_A_t,Minimum inhibitory concentration (MIC) and minimum bactericidal concentration (MBC) values of honey samples against uropathogen strains (%  w/v ). || Strain | Sample 1 |  | Sample 2 |  | Sample 3 |  |,MBC,%w/v,%w/v,False,False,False,Honey Bee as Alternative Medicine to Treat Eleven Multidrug-Resistant Bacteria Causing Urinary Tract Infection during Pregnancy.,2018.0,10.3390/scipharm86020014,29652864.0,Scientia pharmaceutica,PMC6027671,sample5,,,,,,,,,,,,,,,,3.54,,,
PMC6027671,t3,Sample 5,E. coli,E. coli,MIC,,untreated,10.0,,%,,auto_A_t,Minimum inhibitory concentration (MIC) and minimum bactericidal concentration (MBC) values of honey samples against uropathogen strains (%  w/v ). || Strain | Sample 1 |  | Sample 2 |  | Sample 3 |  |,MIC,%w/v,%w/v,False,False,False,Honey Bee as Alternative Medicine to Treat Eleven Multidrug-Resistant Bacteria Causing Urinary Tract Infection during Pregnancy.,2018.0,10.3390/scipharm86020014,29652864.0,Scientia pharmaceutica,PMC6027671,sample5,,,,,,,,,,,,,,,,3.54,,,
PMC6027671,t3,Sample 6,E. coli,E. coli,MBC,,untreated,10.0,,%,,auto_A_t,Minimum inhibitory concentration (MIC) and minimum bactericidal concentration (MBC) values of honey samples against uropathogen strains (%  w/v ). || Strain | Sample 1 |  | Sample 2 |  | Sample 3 |  |,MBC,%w/v,%w/v,False,False,False,Honey Bee as Alternative Medicine to Treat Eleven Multidrug-Resistant Bacteria Causing Urinary Tract Infection during Pregnancy.,2018.0,10.3390/scipharm86020014,29652864.0,Scientia pharmaceutica,PMC6027671,sample6,,,,,,,,,,,,,,,,4.02,,,
PMC6027671,t3,Sample 6,E. coli,E. coli,MIC,,untreated,10.0,,%,,auto_A_t,Minimum inhibitory concentration (MIC) and minimum bactericidal concentration (MBC) values of honey samples against uropathogen strains (%  w/v ). || Strain | Sample 1 |  | Sample 2 |  | Sample 3 |  |,MIC,%w/v,%w/v,False,False,False,Honey Bee as Alternative Medicine to Treat Eleven Multidrug-Resistant Bacteria Causing Urinary Tract Infection during Pregnancy.,2018.0,10.3390/scipharm86020014,29652864.0,Scientia pharmaceutica,PMC6027671,sample6,,,,,,,,,,,,,,,,4.02,,,
PMC6027671,t3,Sample 1,K. pneumoniae,K. pneumoniae,MBC,,untreated,20.0,,%,,auto_A_t,Minimum inhibitory concentration (MIC) and minimum bactericidal concentration (MBC) values of honey samples against uropathogen strains (%  w/v ). || Strain | Sample 1 |  | Sample 2 |  | Sample 3 |  |,MBC,%w/v,%w/v,False,False,False,Honey Bee as Alternative Medicine to Treat Eleven Multidrug-Resistant Bacteria Causing Urinary Tract Infection during Pregnancy.,2018.0,10.3390/scipharm86020014,29652864.0,Scientia pharmaceutica,PMC6027671,sample1,,,,,,,,,,,,,,,,3.44,,,
PMC6027671,t3,Sample 1,K. pneumoniae,K. pneumoniae,MIC,,untreated,20.0,,%,,auto_A_t,Minimum inhibitory concentration (MIC) and minimum bactericidal concentration (MBC) values of honey samples against uropathogen strains (%  w/v ). || Strain | Sample 1 |  | Sample 2 |  | Sample 3 |  |,MIC,%w/v,%w/v,False,False,False,Honey Bee as Alternative Medicine to Treat Eleven Multidrug-Resistant Bacteria Causing Urinary Tract Infection during Pregnancy.,2018.0,10.3390/scipharm86020014,29652864.0,Scientia pharmaceutica,PMC6027671,sample1,,,,,,,,,,,,,,,,3.44,,,
PMC6027671,t3,Sample 2,K. pneumoniae,K. pneumoniae,MBC,,untreated,10.0,,%,,auto_A_t,Minimum inhibitory concentration (MIC) and minimum bactericidal concentration (MBC) values of honey samples against uropathogen strains (%  w/v ). || Strain | Sample 1 |  | Sample 2 |  | Sample 3 |  |,MBC,%w/v,%w/v,False,False,False,Honey Bee as Alternative Medicine to Treat Eleven Multidrug-Resistant Bacteria Causing Urinary Tract Infection during Pregnancy.,2018.0,10.3390/scipharm86020014,29652864.0,Scientia pharmaceutica,PMC6027671,sample2,,,,,,,,,,,,,,,,4.54,,,
PMC6027671,t3,Sample 2,K. pneumoniae,K. pneumoniae,MIC,,untreated,20.0,,%,,auto_A_t,Minimum inhibitory concentration (MIC) and minimum bactericidal concentration (MBC) values of honey samples against uropathogen strains (%  w/v ). || Strain | Sample 1 |  | Sample 2 |  | Sample 3 |  |,MIC,%w/v,%w/v,False,False,False,Honey Bee as Alternative Medicine to Treat Eleven Multidrug-Resistant Bacteria Causing Urinary Tract Infection during Pregnancy.,2018.0,10.3390/scipharm86020014,29652864.0,Scientia pharmaceutica,PMC6027671,sample2,,,,,,,,,,,,,,,,4.54,,,
PMC6027671,t3,Sample 3,K. pneumoniae,K. pneumoniae,MBC,,untreated,5.0,,%,,auto_A_t,Minimum inhibitory concentration (MIC) and minimum bactericidal concentration (MBC) values of honey samples against uropathogen strains (%  w/v ). || Strain | Sample 1 |  | Sample 2 |  | Sample 3 |  |,MBC,%w/v,%w/v,False,False,False,Honey Bee as Alternative Medicine to Treat Eleven Multidrug-Resistant Bacteria Causing Urinary Tract Infection during Pregnancy.,2018.0,10.3390/scipharm86020014,29652864.0,Scientia pharmaceutica,PMC6027671,sample3,,,,,,,,,,,,,,,,3.86,,,
PMC6027671,t3,Sample 3,K. pneumoniae,K. pneumoniae,MIC,,untreated,20.0,,%,,auto_A_t,Minimum inhibitory concentration (MIC) and minimum bactericidal concentration (MBC) values of honey samples against uropathogen strains (%  w/v ). || Strain | Sample 1 |  | Sample 2 |  | Sample 3 |  |,MIC,%w/v,%w/v,False,False,False,Honey Bee as Alternative Medicine to Treat Eleven Multidrug-Resistant Bacteria Causing Urinary Tract Infection during Pregnancy.,2018.0,10.3390/scipharm86020014,29652864.0,Scientia pharmaceutica,PMC6027671,sample3,,,,,,,,,,,,,,,,3.86,,,
PMC6027671,t3,Sample 4,K. pneumoniae,K. pneumoniae,MBC,,untreated,5.0,,%,,auto_A_t,Minimum inhibitory concentration (MIC) and minimum bactericidal concentration (MBC) values of honey samples against uropathogen strains (%  w/v ). || Strain | Sample 1 |  | Sample 2 |  | Sample 3 |  |,MBC,%w/v,%w/v,False,False,False,Honey Bee as Alternative Medicine to Treat Eleven Multidrug-Resistant Bacteria Causing Urinary Tract Infection during Pregnancy.,2018.0,10.3390/scipharm86020014,29652864.0,Scientia pharmaceutica,PMC6027671,sample4,,,,,,,,,,,,,,,,3.19,,,
PMC6027671,t3,Sample 4,K. pneumoniae,K. pneumoniae,MIC,,untreated,20.0,,%,,auto_A_t,Minimum inhibitory concentration (MIC) and minimum bactericidal concentration (MBC) values of honey samples against uropathogen strains (%  w/v ). || Strain | Sample 1 |  | Sample 2 |  | Sample 3 |  |,MIC,%w/v,%w/v,False,False,False,Honey Bee as Alternative Medicine to Treat Eleven Multidrug-Resistant Bacteria Causing Urinary Tract Infection during Pregnancy.,2018.0,10.3390/scipharm86020014,29652864.0,Scientia pharmaceutica,PMC6027671,sample4,,,,,,,,,,,,,,,,3.19,,,
PMC6027671,t3,Sample 5,K. pneumoniae,K. pneumoniae,MBC,,untreated,20.0,,%,,auto_A_t,Minimum inhibitory concentration (MIC) and minimum bactericidal concentration (MBC) values of honey samples against uropathogen strains (%  w/v ). || Strain | Sample 1 |  | Sample 2 |  | Sample 3 |  |,MBC,%w/v,%w/v,False,False,False,Honey Bee as Alternative Medicine to Treat Eleven Multidrug-Resistant Bacteria Causing Urinary Tract Infection during Pregnancy.,2018.0,10.3390/scipharm86020014,29652864.0,Scientia pharmaceutica,PMC6027671,sample5,,,,,,,,,,,,,,,,3.54,,,
PMC6027671,t3,Sample 5,K. pneumoniae,K. pneumoniae,MIC,,untreated,20.0,,%,,auto_A_t,Minimum inhibitory concentration (MIC) and minimum bactericidal concentration (MBC) values of honey samples against uropathogen strains (%  w/v ). || Strain | Sample 1 |  | Sample 2 |  | Sample 3 |  |,MIC,%w/v,%w/v,False,False,False,Honey Bee as Alternative Medicine to Treat Eleven Multidrug-Resistant Bacteria Causing Urinary Tract Infection during Pregnancy.,2018.0,10.3390/scipharm86020014,29652864.0,Scientia pharmaceutica,PMC6027671,sample5,,,,,,,,,,,,,,,,3.54,,,
PMC6027671,t3,Sample 6,K. pneumoniae,K. pneumoniae,MBC,,untreated,20.0,,%,,auto_A_t,Minimum inhibitory concentration (MIC) and minimum bactericidal concentration (MBC) values of honey samples against uropathogen strains (%  w/v ). || Strain | Sample 1 |  | Sample 2 |  | Sample 3 |  |,MBC,%w/v,%w/v,False,False,False,Honey Bee as Alternative Medicine to Treat Eleven Multidrug-Resistant Bacteria Causing Urinary Tract Infection during Pregnancy.,2018.0,10.3390/scipharm86020014,29652864.0,Scientia pharmaceutica,PMC6027671,sample6,,,,,,,,,,,,,,,,4.02,,,
PMC6027671,t3,Sample 6,K. pneumoniae,K. pneumoniae,MIC,,untreated,20.0,,%,,auto_A_t,Minimum inhibitory concentration (MIC) and minimum bactericidal concentration (MBC) values of honey samples against uropathogen strains (%  w/v ). || Strain | Sample 1 |  | Sample 2 |  | Sample 3 |  |,MIC,%w/v,%w/v,False,False,False,Honey Bee as Alternative Medicine to Treat Eleven Multidrug-Resistant Bacteria Causing Urinary Tract Infection during Pregnancy.,2018.0,10.3390/scipharm86020014,29652864.0,Scientia pharmaceutica,PMC6027671,sample6,,,,,,,,,,,,,,,,4.02,,,
PMC6027671,t3,Sample 1,P. mirabilis,Proteus,MBC,,untreated,10.0,,%,,auto_A_t,Minimum inhibitory concentration (MIC) and minimum bactericidal concentration (MBC) values of honey samples against uropathogen strains (%  w/v ). || Strain | Sample 1 |  | Sample 2 |  | Sample 3 |  |,MBC,%w/v,%w/v,False,False,False,Honey Bee as Alternative Medicine to Treat Eleven Multidrug-Resistant Bacteria Causing Urinary Tract Infection during Pregnancy.,2018.0,10.3390/scipharm86020014,29652864.0,Scientia pharmaceutica,PMC6027671,sample1,,,,,,,,,,,,,,,,3.44,,,
PMC6027671,t3,Sample 1,P. mirabilis,Proteus,MIC,,untreated,10.0,,%,,auto_A_t,Minimum inhibitory concentration (MIC) and minimum bactericidal concentration (MBC) values of honey samples against uropathogen strains (%  w/v ). || Strain | Sample 1 |  | Sample 2 |  | Sample 3 |  |,MIC,%w/v,%w/v,False,False,False,Honey Bee as Alternative Medicine to Treat Eleven Multidrug-Resistant Bacteria Causing Urinary Tract Infection during Pregnancy.,2018.0,10.3390/scipharm86020014,29652864.0,Scientia pharmaceutica,PMC6027671,sample1,,,,,,,,,,,,,,,,3.44,,,
PMC6027671,t3,Sample 2,P. mirabilis,Proteus,MBC,,untreated,10.0,,%,,auto_A_t,Minimum inhibitory concentration (MIC) and minimum bactericidal concentration (MBC) values of honey samples against uropathogen strains (%  w/v ). || Strain | Sample 1 |  | Sample 2 |  | Sample 3 |  |,MBC,%w/v,%w/v,False,False,False,Honey Bee as Alternative Medicine to Treat Eleven Multidrug-Resistant Bacteria Causing Urinary Tract Infection during Pregnancy.,2018.0,10.3390/scipharm86020014,29652864.0,Scientia pharmaceutica,PMC6027671,sample2,,,,,,,,,,,,,,,,4.54,,,
PMC6027671,t3,Sample 2,P. mirabilis,Proteus,MIC,,untreated,10.0,,%,,auto_A_t,Minimum inhibitory concentration (MIC) and minimum bactericidal concentration (MBC) values of honey samples against uropathogen strains (%  w/v ). || Strain | Sample 1 |  | Sample 2 |  | Sample 3 |  |,MIC,%w/v,%w/v,False,False,False,Honey Bee as Alternative Medicine to Treat Eleven Multidrug-Resistant Bacteria Causing Urinary Tract Infection during Pregnancy.,2018.0,10.3390/scipharm86020014,29652864.0,Scientia pharmaceutica,PMC6027671,sample2,,,,,,,,,,,,,,,,4.54,,,
PMC6027671,t3,Sample 3,P. mirabilis,Proteus,MBC,,untreated,5.0,,%,,auto_A_t,Minimum inhibitory concentration (MIC) and minimum bactericidal concentration (MBC) values of honey samples against uropathogen strains (%  w/v ). || Strain | Sample 1 |  | Sample 2 |  | Sample 3 |  |,MBC,%w/v,%w/v,False,False,False,Honey Bee as Alternative Medicine to Treat Eleven Multidrug-Resistant Bacteria Causing Urinary Tract Infection during Pregnancy.,2018.0,10.3390/scipharm86020014,29652864.0,Scientia pharmaceutica,PMC6027671,sample3,,,,,,,,,,,,,,,,3.86,,,
PMC6027671,t3,Sample 3,P. mirabilis,Proteus,MIC,,untreated,10.0,,%,,auto_A_t,Minimum inhibitory concentration (MIC) and minimum bactericidal concentration (MBC) values of honey samples against uropathogen strains (%  w/v ). || Strain | Sample 1 |  | Sample 2 |  | Sample 3 |  |,MIC,%w/v,%w/v,False,False,False,Honey Bee as Alternative Medicine to Treat Eleven Multidrug-Resistant Bacteria Causing Urinary Tract Infection during Pregnancy.,2018.0,10.3390/scipharm86020014,29652864.0,Scientia pharmaceutica,PMC6027671,sample3,,,,,,,,,,,,,,,,3.86,,,
PMC6027671,t3,Sample 4,P. mirabilis,Proteus,MBC,,untreated,10.0,,%,,auto_A_t,Minimum inhibitory concentration (MIC) and minimum bactericidal concentration (MBC) values of honey samples against uropathogen strains (%  w/v ). || Strain | Sample 1 |  | Sample 2 |  | Sample 3 |  |,MBC,%w/v,%w/v,False,False,False,Honey Bee as Alternative Medicine to Treat Eleven Multidrug-Resistant Bacteria Causing Urinary Tract Infection during Pregnancy.,2018.0,10.3390/scipharm86020014,29652864.0,Scientia pharmaceutica,PMC6027671,sample4,,,,,,,,,,,,,,,,3.19,,,
PMC6027671,t3,Sample 4,P. mirabilis,Proteus,MIC,,untreated,10.0,,%,,auto_A_t,Minimum inhibitory concentration (MIC) and minimum bactericidal concentration (MBC) values of honey samples against uropathogen strains (%  w/v ). || Strain | Sample 1 |  | Sample 2 |  | Sample 3 |  |,MIC,%w/v,%w/v,False,False,False,Honey Bee as Alternative Medicine to Treat Eleven Multidrug-Resistant Bacteria Causing Urinary Tract Infection during Pregnancy.,2018.0,10.3390/scipharm86020014,29652864.0,Scientia pharmaceutica,PMC6027671,sample4,,,,,,,,,,,,,,,,3.19,,,
PMC6027671,t3,Sample 5,P. mirabilis,Proteus,MBC,,untreated,10.0,,%,,auto_A_t,Minimum inhibitory concentration (MIC) and minimum bactericidal concentration (MBC) values of honey samples against uropathogen strains (%  w/v ). || Strain | Sample 1 |  | Sample 2 |  | Sample 3 |  |,MBC,%w/v,%w/v,False,False,False,Honey Bee as Alternative Medicine to Treat Eleven Multidrug-Resistant Bacteria Causing Urinary Tract Infection during Pregnancy.,2018.0,10.3390/scipharm86020014,29652864.0,Scientia pharmaceutica,PMC6027671,sample5,,,,,,,,,,,,,,,,3.54,,,
PMC6027671,t3,Sample 5,P. mirabilis,Proteus,MIC,,untreated,10.0,,%,,auto_A_t,Minimum inhibitory concentration (MIC) and minimum bactericidal concentration (MBC) values of honey samples against uropathogen strains (%  w/v ). || Strain | Sample 1 |  | Sample 2 |  | Sample 3 |  |,MIC,%w/v,%w/v,False,False,False,Honey Bee as Alternative Medicine to Treat Eleven Multidrug-Resistant Bacteria Causing Urinary Tract Infection during Pregnancy.,2018.0,10.3390/scipharm86020014,29652864.0,Scientia pharmaceutica,PMC6027671,sample5,,,,,,,,,,,,,,,,3.54,,,
PMC6027671,t3,Sample 6,P. mirabilis,Proteus,MBC,,untreated,20.0,,%,,auto_A_t,Minimum inhibitory concentration (MIC) and minimum bactericidal concentration (MBC) values of honey samples against uropathogen strains (%  w/v ). || Strain | Sample 1 |  | Sample 2 |  | Sample 3 |  |,MBC,%w/v,%w/v,False,False,False,Honey Bee as Alternative Medicine to Treat Eleven Multidrug-Resistant Bacteria Causing Urinary Tract Infection during Pregnancy.,2018.0,10.3390/scipharm86020014,29652864.0,Scientia pharmaceutica,PMC6027671,sample6,,,,,,,,,,,,,,,,4.02,,,
PMC6027671,t3,Sample 6,P. mirabilis,Proteus,MIC,,untreated,10.0,,%,,auto_A_t,Minimum inhibitory concentration (MIC) and minimum bactericidal concentration (MBC) values of honey samples against uropathogen strains (%  w/v ). || Strain | Sample 1 |  | Sample 2 |  | Sample 3 |  |,MIC,%w/v,%w/v,False,False,False,Honey Bee as Alternative Medicine to Treat Eleven Multidrug-Resistant Bacteria Causing Urinary Tract Infection during Pregnancy.,2018.0,10.3390/scipharm86020014,29652864.0,Scientia pharmaceutica,PMC6027671,sample6,,,,,,,,,,,,,,,,4.02,,,
PMC6027671,t3,Sample 1,P. vulgaris,other,MBC,,untreated,10.0,,%,,auto_A_t,Minimum inhibitory concentration (MIC) and minimum bactericidal concentration (MBC) values of honey samples against uropathogen strains (%  w/v ). || Strain | Sample 1 |  | Sample 2 |  | Sample 3 |  |,MBC,%w/v,%w/v,False,False,False,Honey Bee as Alternative Medicine to Treat Eleven Multidrug-Resistant Bacteria Causing Urinary Tract Infection during Pregnancy.,2018.0,10.3390/scipharm86020014,29652864.0,Scientia pharmaceutica,PMC6027671,sample1,,,,,,,,,,,,,,,,3.44,,,
PMC6027671,t3,Sample 1,P. vulgaris,other,MIC,,untreated,10.0,,%,,auto_A_t,Minimum inhibitory concentration (MIC) and minimum bactericidal concentration (MBC) values of honey samples against uropathogen strains (%  w/v ). || Strain | Sample 1 |  | Sample 2 |  | Sample 3 |  |,MIC,%w/v,%w/v,False,False,False,Honey Bee as Alternative Medicine to Treat Eleven Multidrug-Resistant Bacteria Causing Urinary Tract Infection during Pregnancy.,2018.0,10.3390/scipharm86020014,29652864.0,Scientia pharmaceutica,PMC6027671,sample1,,,,,,,,,,,,,,,,3.44,,,
PMC6027671,t3,Sample 2,P. vulgaris,other,MBC,,untreated,10.0,,%,,auto_A_t,Minimum inhibitory concentration (MIC) and minimum bactericidal concentration (MBC) values of honey samples against uropathogen strains (%  w/v ). || Strain | Sample 1 |  | Sample 2 |  | Sample 3 |  |,MBC,%w/v,%w/v,False,False,False,Honey Bee as Alternative Medicine to Treat Eleven Multidrug-Resistant Bacteria Causing Urinary Tract Infection during Pregnancy.,2018.0,10.3390/scipharm86020014,29652864.0,Scientia pharmaceutica,PMC6027671,sample2,,,,,,,,,,,,,,,,4.54,,,
PMC6027671,t3,Sample 2,P. vulgaris,other,MIC,,untreated,10.0,,%,,auto_A_t,Minimum inhibitory concentration (MIC) and minimum bactericidal concentration (MBC) values of honey samples against uropathogen strains (%  w/v ). || Strain | Sample 1 |  | Sample 2 |  | Sample 3 |  |,MIC,%w/v,%w/v,False,False,False,Honey Bee as Alternative Medicine to Treat Eleven Multidrug-Resistant Bacteria Causing Urinary Tract Infection during Pregnancy.,2018.0,10.3390/scipharm86020014,29652864.0,Scientia pharmaceutica,PMC6027671,sample2,,,,,,,,,,,,,,,,4.54,,,
PMC6027671,t3,Sample 3,P. vulgaris,other,MBC,,untreated,5.0,,%,,auto_A_t,Minimum inhibitory concentration (MIC) and minimum bactericidal concentration (MBC) values of honey samples against uropathogen strains (%  w/v ). || Strain | Sample 1 |  | Sample 2 |  | Sample 3 |  |,MBC,%w/v,%w/v,False,False,False,Honey Bee as Alternative Medicine to Treat Eleven Multidrug-Resistant Bacteria Causing Urinary Tract Infection during Pregnancy.,2018.0,10.3390/scipharm86020014,29652864.0,Scientia pharmaceutica,PMC6027671,sample3,,,,,,,,,,,,,,,,3.86,,,
PMC6027671,t3,Sample 3,P. vulgaris,other,MIC,,untreated,10.0,,%,,auto_A_t,Minimum inhibitory concentration (MIC) and minimum bactericidal concentration (MBC) values of honey samples against uropathogen strains (%  w/v ). || Strain | Sample 1 |  | Sample 2 |  | Sample 3 |  |,MIC,%w/v,%w/v,False,False,False,Honey Bee as Alternative Medicine to Treat Eleven Multidrug-Resistant Bacteria Causing Urinary Tract Infection during Pregnancy.,2018.0,10.3390/scipharm86020014,29652864.0,Scientia pharmaceutica,PMC6027671,sample3,,,,,,,,,,,,,,,,3.86,,,
PMC6027671,t3,Sample 4,P. vulgaris,other,MBC,,untreated,10.0,,%,,auto_A_t,Minimum inhibitory concentration (MIC) and minimum bactericidal concentration (MBC) values of honey samples against uropathogen strains (%  w/v ). || Strain | Sample 1 |  | Sample 2 |  | Sample 3 |  |,MBC,%w/v,%w/v,False,False,False,Honey Bee as Alternative Medicine to Treat Eleven Multidrug-Resistant Bacteria Causing Urinary Tract Infection during Pregnancy.,2018.0,10.3390/scipharm86020014,29652864.0,Scientia pharmaceutica,PMC6027671,sample4,,,,,,,,,,,,,,,,3.19,,,
PMC6027671,t3,Sample 4,P. vulgaris,other,MIC,,untreated,10.0,,%,,auto_A_t,Minimum inhibitory concentration (MIC) and minimum bactericidal concentration (MBC) values of honey samples against uropathogen strains (%  w/v ). || Strain | Sample 1 |  | Sample 2 |  | Sample 3 |  |,MIC,%w/v,%w/v,False,False,False,Honey Bee as Alternative Medicine to Treat Eleven Multidrug-Resistant Bacteria Causing Urinary Tract Infection during Pregnancy.,2018.0,10.3390/scipharm86020014,29652864.0,Scientia pharmaceutica,PMC6027671,sample4,,,,,,,,,,,,,,,,3.19,,,
PMC6027671,t3,Sample 5,P. vulgaris,other,MBC,,untreated,20.0,,%,,auto_A_t,Minimum inhibitory concentration (MIC) and minimum bactericidal concentration (MBC) values of honey samples against uropathogen strains (%  w/v ). || Strain | Sample 1 |  | Sample 2 |  | Sample 3 |  |,MBC,%w/v,%w/v,False,False,False,Honey Bee as Alternative Medicine to Treat Eleven Multidrug-Resistant Bacteria Causing Urinary Tract Infection during Pregnancy.,2018.0,10.3390/scipharm86020014,29652864.0,Scientia pharmaceutica,PMC6027671,sample5,,,,,,,,,,,,,,,,3.54,,,
PMC6027671,t3,Sample 5,P. vulgaris,other,MIC,,untreated,10.0,,%,,auto_A_t,Minimum inhibitory concentration (MIC) and minimum bactericidal concentration (MBC) values of honey samples against uropathogen strains (%  w/v ). || Strain | Sample 1 |  | Sample 2 |  | Sample 3 |  |,MIC,%w/v,%w/v,False,False,False,Honey Bee as Alternative Medicine to Treat Eleven Multidrug-Resistant Bacteria Causing Urinary Tract Infection during Pregnancy.,2018.0,10.3390/scipharm86020014,29652864.0,Scientia pharmaceutica,PMC6027671,sample5,,,,,,,,,,,,,,,,3.54,,,
PMC6027671,t3,Sample 6,P. vulgaris,other,MBC,,untreated,20.0,,%,,auto_A_t,Minimum inhibitory concentration (MIC) and minimum bactericidal concentration (MBC) values of honey samples against uropathogen strains (%  w/v ). || Strain | Sample 1 |  | Sample 2 |  | Sample 3 |  |,MBC,%w/v,%w/v,False,False,False,Honey Bee as Alternative Medicine to Treat Eleven Multidrug-Resistant Bacteria Causing Urinary Tract Infection during Pregnancy.,2018.0,10.3390/scipharm86020014,29652864.0,Scientia pharmaceutica,PMC6027671,sample6,,,,,,,,,,,,,,,,4.02,,,
PMC6027671,t3,Sample 6,P. vulgaris,other,MIC,,untreated,10.0,,%,,auto_A_t,Minimum inhibitory concentration (MIC) and minimum bactericidal concentration (MBC) values of honey samples against uropathogen strains (%  w/v ). || Strain | Sample 1 |  | Sample 2 |  | Sample 3 |  |,MIC,%w/v,%w/v,False,False,False,Honey Bee as Alternative Medicine to Treat Eleven Multidrug-Resistant Bacteria Causing Urinary Tract Infection during Pregnancy.,2018.0,10.3390/scipharm86020014,29652864.0,Scientia pharmaceutica,PMC6027671,sample6,,,,,,,,,,,,,,,,4.02,,,
PMC6027671,t3,Sample 1,P. aeruginosa,P. aeruginosa,MBC,,untreated,40.0,,%,,auto_A_t,Minimum inhibitory concentration (MIC) and minimum bactericidal concentration (MBC) values of honey samples against uropathogen strains (%  w/v ). || Strain | Sample 1 |  | Sample 2 |  | Sample 3 |  |,MBC,%w/v,%w/v,False,False,False,Honey Bee as Alternative Medicine to Treat Eleven Multidrug-Resistant Bacteria Causing Urinary Tract Infection during Pregnancy.,2018.0,10.3390/scipharm86020014,29652864.0,Scientia pharmaceutica,PMC6027671,sample1,,,,,,,,,,,,,,,,3.44,,,
PMC6027671,t3,Sample 1,P. aeruginosa,P. aeruginosa,MIC,,untreated,80.0,,%,,auto_A_t,Minimum inhibitory concentration (MIC) and minimum bactericidal concentration (MBC) values of honey samples against uropathogen strains (%  w/v ). || Strain | Sample 1 |  | Sample 2 |  | Sample 3 |  |,MIC,%w/v,%w/v,False,False,False,Honey Bee as Alternative Medicine to Treat Eleven Multidrug-Resistant Bacteria Causing Urinary Tract Infection during Pregnancy.,2018.0,10.3390/scipharm86020014,29652864.0,Scientia pharmaceutica,PMC6027671,sample1,,,,,,,,,,,,,,,,3.44,,,
PMC6027671,t3,Sample 2,P. aeruginosa,P. aeruginosa,MBC,,untreated,20.0,,%,,auto_A_t,Minimum inhibitory concentration (MIC) and minimum bactericidal concentration (MBC) values of honey samples against uropathogen strains (%  w/v ). || Strain | Sample 1 |  | Sample 2 |  | Sample 3 |  |,MBC,%w/v,%w/v,False,False,False,Honey Bee as Alternative Medicine to Treat Eleven Multidrug-Resistant Bacteria Causing Urinary Tract Infection during Pregnancy.,2018.0,10.3390/scipharm86020014,29652864.0,Scientia pharmaceutica,PMC6027671,sample2,,,,,,,,,,,,,,,,4.54,,,
PMC6027671,t3,Sample 2,P. aeruginosa,P. aeruginosa,MIC,,untreated,40.0,,%,,auto_A_t,Minimum inhibitory concentration (MIC) and minimum bactericidal concentration (MBC) values of honey samples against uropathogen strains (%  w/v ). || Strain | Sample 1 |  | Sample 2 |  | Sample 3 |  |,MIC,%w/v,%w/v,False,False,False,Honey Bee as Alternative Medicine to Treat Eleven Multidrug-Resistant Bacteria Causing Urinary Tract Infection during Pregnancy.,2018.0,10.3390/scipharm86020014,29652864.0,Scientia pharmaceutica,PMC6027671,sample2,,,,,,,,,,,,,,,,4.54,,,
PMC6027671,t3,Sample 3,P. aeruginosa,P. aeruginosa,MBC,,untreated,20.0,,%,,auto_A_t,Minimum inhibitory concentration (MIC) and minimum bactericidal concentration (MBC) values of honey samples against uropathogen strains (%  w/v ). || Strain | Sample 1 |  | Sample 2 |  | Sample 3 |  |,MBC,%w/v,%w/v,False,False,False,Honey Bee as Alternative Medicine to Treat Eleven Multidrug-Resistant Bacteria Causing Urinary Tract Infection during Pregnancy.,2018.0,10.3390/scipharm86020014,29652864.0,Scientia pharmaceutica,PMC6027671,sample3,,,,,,,,,,,,,,,,3.86,,,
PMC6027671,t3,Sample 3,P. aeruginosa,P. aeruginosa,MIC,,untreated,40.0,,%,,auto_A_t,Minimum inhibitory concentration (MIC) and minimum bactericidal concentration (MBC) values of honey samples against uropathogen strains (%  w/v ). || Strain | Sample 1 |  | Sample 2 |  | Sample 3 |  |,MIC,%w/v,%w/v,False,False,False,Honey Bee as Alternative Medicine to Treat Eleven Multidrug-Resistant Bacteria Causing Urinary Tract Infection during Pregnancy.,2018.0,10.3390/scipharm86020014,29652864.0,Scientia pharmaceutica,PMC6027671,sample3,,,,,,,,,,,,,,,,3.86,,,
PMC6027671,t3,Sample 4,P. aeruginosa,P. aeruginosa,MBC,,untreated,20.0,,%,,auto_A_t,Minimum inhibitory concentration (MIC) and minimum bactericidal concentration (MBC) values of honey samples against uropathogen strains (%  w/v ). || Strain | Sample 1 |  | Sample 2 |  | Sample 3 |  |,MBC,%w/v,%w/v,False,False,False,Honey Bee as Alternative Medicine to Treat Eleven Multidrug-Resistant Bacteria Causing Urinary Tract Infection during Pregnancy.,2018.0,10.3390/scipharm86020014,29652864.0,Scientia pharmaceutica,PMC6027671,sample4,,,,,,,,,,,,,,,,3.19,,,
PMC6027671,t3,Sample 4,P. aeruginosa,P. aeruginosa,MIC,,untreated,20.0,,%,,auto_A_t,Minimum inhibitory concentration (MIC) and minimum bactericidal concentration (MBC) values of honey samples against uropathogen strains (%  w/v ). || Strain | Sample 1 |  | Sample 2 |  | Sample 3 |  |,MIC,%w/v,%w/v,False,False,False,Honey Bee as Alternative Medicine to Treat Eleven Multidrug-Resistant Bacteria Causing Urinary Tract Infection during Pregnancy.,2018.0,10.3390/scipharm86020014,29652864.0,Scientia pharmaceutica,PMC6027671,sample4,,,,,,,,,,,,,,,,3.19,,,
PMC6027671,t3,Sample 5,P. aeruginosa,P. aeruginosa,MBC,,untreated,40.0,,%,,auto_A_t,Minimum inhibitory concentration (MIC) and minimum bactericidal concentration (MBC) values of honey samples against uropathogen strains (%  w/v ). || Strain | Sample 1 |  | Sample 2 |  | Sample 3 |  |,MBC,%w/v,%w/v,False,False,False,Honey Bee as Alternative Medicine to Treat Eleven Multidrug-Resistant Bacteria Causing Urinary Tract Infection during Pregnancy.,2018.0,10.3390/scipharm86020014,29652864.0,Scientia pharmaceutica,PMC6027671,sample5,,,,,,,,,,,,,,,,3.54,,,
PMC6027671,t3,Sample 5,P. aeruginosa,P. aeruginosa,MIC,,untreated,80.0,,%,,auto_A_t,Minimum inhibitory concentration (MIC) and minimum bactericidal concentration (MBC) values of honey samples against uropathogen strains (%  w/v ). || Strain | Sample 1 |  | Sample 2 |  | Sample 3 |  |,MIC,%w/v,%w/v,False,False,False,Honey Bee as Alternative Medicine to Treat Eleven Multidrug-Resistant Bacteria Causing Urinary Tract Infection during Pregnancy.,2018.0,10.3390/scipharm86020014,29652864.0,Scientia pharmaceutica,PMC6027671,sample5,,,,,,,,,,,,,,,,3.54,,,
PMC6027671,t3,Sample 6,P. aeruginosa,P. aeruginosa,MBC,,untreated,40.0,,%,,auto_A_t,Minimum inhibitory concentration (MIC) and minimum bactericidal concentration (MBC) values of honey samples against uropathogen strains (%  w/v ). || Strain | Sample 1 |  | Sample 2 |  | Sample 3 |  |,MBC,%w/v,%w/v,False,False,False,Honey Bee as Alternative Medicine to Treat Eleven Multidrug-Resistant Bacteria Causing Urinary Tract Infection during Pregnancy.,2018.0,10.3390/scipharm86020014,29652864.0,Scientia pharmaceutica,PMC6027671,sample6,,,,,,,,,,,,,,,,4.02,,,
PMC6027671,t3,Sample 6,P. aeruginosa,P. aeruginosa,MIC,,untreated,80.0,,%,,auto_A_t,Minimum inhibitory concentration (MIC) and minimum bactericidal concentration (MBC) values of honey samples against uropathogen strains (%  w/v ). || Strain | Sample 1 |  | Sample 2 |  | Sample 3 |  |,MIC,%w/v,%w/v,False,False,False,Honey Bee as Alternative Medicine to Treat Eleven Multidrug-Resistant Bacteria Causing Urinary Tract Infection during Pregnancy.,2018.0,10.3390/scipharm86020014,29652864.0,Scientia pharmaceutica,PMC6027671,sample6,,,,,,,,,,,,,,,,4.02,,,
PMC6027671,t3,Sample 1,S. aureus,S. aureus,MBC,,untreated,2.5,,%,,auto_A_t,Minimum inhibitory concentration (MIC) and minimum bactericidal concentration (MBC) values of honey samples against uropathogen strains (%  w/v ). || Strain | Sample 1 |  | Sample 2 |  | Sample 3 |  |,MBC,%w/v,%w/v,False,False,False,Honey Bee as Alternative Medicine to Treat Eleven Multidrug-Resistant Bacteria Causing Urinary Tract Infection during Pregnancy.,2018.0,10.3390/scipharm86020014,29652864.0,Scientia pharmaceutica,PMC6027671,sample1,,,,,,,,,,,,,,,,3.44,,,
PMC6027671,t3,Sample 1,S. aureus,S. aureus,MIC,,untreated,2.5,,%,,auto_A_t,Minimum inhibitory concentration (MIC) and minimum bactericidal concentration (MBC) values of honey samples against uropathogen strains (%  w/v ). || Strain | Sample 1 |  | Sample 2 |  | Sample 3 |  |,MIC,%w/v,%w/v,False,False,False,Honey Bee as Alternative Medicine to Treat Eleven Multidrug-Resistant Bacteria Causing Urinary Tract Infection during Pregnancy.,2018.0,10.3390/scipharm86020014,29652864.0,Scientia pharmaceutica,PMC6027671,sample1,,,,,,,,,,,,,,,,3.44,,,
PMC6027671,t3,Sample 2,S. aureus,S. aureus,MBC,,untreated,2.5,,%,,auto_A_t,Minimum inhibitory concentration (MIC) and minimum bactericidal concentration (MBC) values of honey samples against uropathogen strains (%  w/v ). || Strain | Sample 1 |  | Sample 2 |  | Sample 3 |  |,MBC,%w/v,%w/v,False,False,False,Honey Bee as Alternative Medicine to Treat Eleven Multidrug-Resistant Bacteria Causing Urinary Tract Infection during Pregnancy.,2018.0,10.3390/scipharm86020014,29652864.0,Scientia pharmaceutica,PMC6027671,sample2,,,,,,,,,,,,,,,,4.54,,,
PMC6027671,t3,Sample 2,S. aureus,S. aureus,MIC,,untreated,2.5,,%,,auto_A_t,Minimum inhibitory concentration (MIC) and minimum bactericidal concentration (MBC) values of honey samples against uropathogen strains (%  w/v ). || Strain | Sample 1 |  | Sample 2 |  | Sample 3 |  |,MIC,%w/v,%w/v,False,False,False,Honey Bee as Alternative Medicine to Treat Eleven Multidrug-Resistant Bacteria Causing Urinary Tract Infection during Pregnancy.,2018.0,10.3390/scipharm86020014,29652864.0,Scientia pharmaceutica,PMC6027671,sample2,,,,,,,,,,,,,,,,4.54,,,
PMC6027671,t3,Sample 3,S. aureus,S. aureus,MBC,,untreated,2.5,,%,,auto_A_t,Minimum inhibitory concentration (MIC) and minimum bactericidal concentration (MBC) values of honey samples against uropathogen strains (%  w/v ). || Strain | Sample 1 |  | Sample 2 |  | Sample 3 |  |,MBC,%w/v,%w/v,False,False,False,Honey Bee as Alternative Medicine to Treat Eleven Multidrug-Resistant Bacteria Causing Urinary Tract Infection during Pregnancy.,2018.0,10.3390/scipharm86020014,29652864.0,Scientia pharmaceutica,PMC6027671,sample3,,,,,,,,,,,,,,,,3.86,,,
PMC6027671,t3,Sample 3,S. aureus,S. aureus,MIC,,untreated,2.5,,%,,auto_A_t,Minimum inhibitory concentration (MIC) and minimum bactericidal concentration (MBC) values of honey samples against uropathogen strains (%  w/v ). || Strain | Sample 1 |  | Sample 2 |  | Sample 3 |  |,MIC,%w/v,%w/v,False,False,False,Honey Bee as Alternative Medicine to Treat Eleven Multidrug-Resistant Bacteria Causing Urinary Tract Infection during Pregnancy.,2018.0,10.3390/scipharm86020014,29652864.0,Scientia pharmaceutica,PMC6027671,sample3,,,,,,,,,,,,,,,,3.86,,,
PMC6027671,t3,Sample 4,S. aureus,S. aureus,MBC,,untreated,2.5,,%,,auto_A_t,Minimum inhibitory concentration (MIC) and minimum bactericidal concentration (MBC) values of honey samples against uropathogen strains (%  w/v ). || Strain | Sample 1 |  | Sample 2 |  | Sample 3 |  |,MBC,%w/v,%w/v,False,False,False,Honey Bee as Alternative Medicine to Treat Eleven Multidrug-Resistant Bacteria Causing Urinary Tract Infection during Pregnancy.,2018.0,10.3390/scipharm86020014,29652864.0,Scientia pharmaceutica,PMC6027671,sample4,,,,,,,,,,,,,,,,3.19,,,
PMC6027671,t3,Sample 4,S. aureus,S. aureus,MIC,,untreated,2.5,,%,,auto_A_t,Minimum inhibitory concentration (MIC) and minimum bactericidal concentration (MBC) values of honey samples against uropathogen strains (%  w/v ). || Strain | Sample 1 |  | Sample 2 |  | Sample 3 |  |,MIC,%w/v,%w/v,False,False,False,Honey Bee as Alternative Medicine to Treat Eleven Multidrug-Resistant Bacteria Causing Urinary Tract Infection during Pregnancy.,2018.0,10.3390/scipharm86020014,29652864.0,Scientia pharmaceutica,PMC6027671,sample4,,,,,,,,,,,,,,,,3.19,,,
PMC6027671,t3,Sample 5,S. aureus,S. aureus,MBC,,untreated,2.5,,%,,auto_A_t,Minimum inhibitory concentration (MIC) and minimum bactericidal concentration (MBC) values of honey samples against uropathogen strains (%  w/v ). || Strain | Sample 1 |  | Sample 2 |  | Sample 3 |  |,MBC,%w/v,%w/v,False,False,False,Honey Bee as Alternative Medicine to Treat Eleven Multidrug-Resistant Bacteria Causing Urinary Tract Infection during Pregnancy.,2018.0,10.3390/scipharm86020014,29652864.0,Scientia pharmaceutica,PMC6027671,sample5,,,,,,,,,,,,,,,,3.54,,,
PMC6027671,t3,Sample 5,S. aureus,S. aureus,MIC,,untreated,2.5,,%,,auto_A_t,Minimum inhibitory concentration (MIC) and minimum bactericidal concentration (MBC) values of honey samples against uropathogen strains (%  w/v ). || Strain | Sample 1 |  | Sample 2 |  | Sample 3 |  |,MIC,%w/v,%w/v,False,False,False,Honey Bee as Alternative Medicine to Treat Eleven Multidrug-Resistant Bacteria Causing Urinary Tract Infection during Pregnancy.,2018.0,10.3390/scipharm86020014,29652864.0,Scientia pharmaceutica,PMC6027671,sample5,,,,,,,,,,,,,,,,3.54,,,
PMC6027671,t3,Sample 6,S. aureus,S. aureus,MBC,,untreated,2.5,,%,,auto_A_t,Minimum inhibitory concentration (MIC) and minimum bactericidal concentration (MBC) values of honey samples against uropathogen strains (%  w/v ). || Strain | Sample 1 |  | Sample 2 |  | Sample 3 |  |,MBC,%w/v,%w/v,False,False,False,Honey Bee as Alternative Medicine to Treat Eleven Multidrug-Resistant Bacteria Causing Urinary Tract Infection during Pregnancy.,2018.0,10.3390/scipharm86020014,29652864.0,Scientia pharmaceutica,PMC6027671,sample6,,,,,,,,,,,,,,,,4.02,,,
PMC6027671,t3,Sample 6,S. aureus,S. aureus,MIC,,untreated,2.5,,%,,auto_A_t,Minimum inhibitory concentration (MIC) and minimum bactericidal concentration (MBC) values of honey samples against uropathogen strains (%  w/v ). || Strain | Sample 1 |  | Sample 2 |  | Sample 3 |  |,MIC,%w/v,%w/v,False,False,False,Honey Bee as Alternative Medicine to Treat Eleven Multidrug-Resistant Bacteria Causing Urinary Tract Infection during Pregnancy.,2018.0,10.3390/scipharm86020014,29652864.0,Scientia pharmaceutica,PMC6027671,sample6,,,,,,,,,,,,,,,,4.02,,,
PMC6027671,t3,Sample 1,E. faecalis,E. faecalis,MBC,,untreated,5.0,,%,,auto_A_t,Minimum inhibitory concentration (MIC) and minimum bactericidal concentration (MBC) values of honey samples against uropathogen strains (%  w/v ). || Strain | Sample 1 |  | Sample 2 |  | Sample 3 |  |,MBC,%w/v,%w/v,False,False,False,Honey Bee as Alternative Medicine to Treat Eleven Multidrug-Resistant Bacteria Causing Urinary Tract Infection during Pregnancy.,2018.0,10.3390/scipharm86020014,29652864.0,Scientia pharmaceutica,PMC6027671,sample1,,,,,,,,,,,,,,,,3.44,,,
PMC6027671,t3,Sample 1,E. faecalis,E. faecalis,MIC,,untreated,5.0,,%,,auto_A_t,Minimum inhibitory concentration (MIC) and minimum bactericidal concentration (MBC) values of honey samples against uropathogen strains (%  w/v ). || Strain | Sample 1 |  | Sample 2 |  | Sample 3 |  |,MIC,%w/v,%w/v,False,False,False,Honey Bee as Alternative Medicine to Treat Eleven Multidrug-Resistant Bacteria Causing Urinary Tract Infection during Pregnancy.,2018.0,10.3390/scipharm86020014,29652864.0,Scientia pharmaceutica,PMC6027671,sample1,,,,,,,,,,,,,,,,3.44,,,
PMC6027671,t3,Sample 2,E. faecalis,E. faecalis,MBC,,untreated,5.0,,%,,auto_A_t,Minimum inhibitory concentration (MIC) and minimum bactericidal concentration (MBC) values of honey samples against uropathogen strains (%  w/v ). || Strain | Sample 1 |  | Sample 2 |  | Sample 3 |  |,MBC,%w/v,%w/v,False,False,False,Honey Bee as Alternative Medicine to Treat Eleven Multidrug-Resistant Bacteria Causing Urinary Tract Infection during Pregnancy.,2018.0,10.3390/scipharm86020014,29652864.0,Scientia pharmaceutica,PMC6027671,sample2,,,,,,,,,,,,,,,,4.54,,,
PMC6027671,t3,Sample 2,E. faecalis,E. faecalis,MIC,,untreated,5.0,,%,,auto_A_t,Minimum inhibitory concentration (MIC) and minimum bactericidal concentration (MBC) values of honey samples against uropathogen strains (%  w/v ). || Strain | Sample 1 |  | Sample 2 |  | Sample 3 |  |,MIC,%w/v,%w/v,False,False,False,Honey Bee as Alternative Medicine to Treat Eleven Multidrug-Resistant Bacteria Causing Urinary Tract Infection during Pregnancy.,2018.0,10.3390/scipharm86020014,29652864.0,Scientia pharmaceutica,PMC6027671,sample2,,,,,,,,,,,,,,,,4.54,,,
PMC6027671,t3,Sample 3,E. faecalis,E. faecalis,MBC,,untreated,2.5,,%,,auto_A_t,Minimum inhibitory concentration (MIC) and minimum bactericidal concentration (MBC) values of honey samples against uropathogen strains (%  w/v ). || Strain | Sample 1 |  | Sample 2 |  | Sample 3 |  |,MBC,%w/v,%w/v,False,False,False,Honey Bee as Alternative Medicine to Treat Eleven Multidrug-Resistant Bacteria Causing Urinary Tract Infection during Pregnancy.,2018.0,10.3390/scipharm86020014,29652864.0,Scientia pharmaceutica,PMC6027671,sample3,,,,,,,,,,,,,,,,3.86,,,
PMC6027671,t3,Sample 3,E. faecalis,E. faecalis,MIC,,untreated,5.0,,%,,auto_A_t,Minimum inhibitory concentration (MIC) and minimum bactericidal concentration (MBC) values of honey samples against uropathogen strains (%  w/v ). || Strain | Sample 1 |  | Sample 2 |  | Sample 3 |  |,MIC,%w/v,%w/v,False,False,False,Honey Bee as Alternative Medicine to Treat Eleven Multidrug-Resistant Bacteria Causing Urinary Tract Infection during Pregnancy.,2018.0,10.3390/scipharm86020014,29652864.0,Scientia pharmaceutica,PMC6027671,sample3,,,,,,,,,,,,,,,,3.86,,,
PMC6027671,t3,Sample 4,E. faecalis,E. faecalis,MBC,,untreated,5.0,,%,,auto_A_t,Minimum inhibitory concentration (MIC) and minimum bactericidal concentration (MBC) values of honey samples against uropathogen strains (%  w/v ). || Strain | Sample 1 |  | Sample 2 |  | Sample 3 |  |,MBC,%w/v,%w/v,False,False,False,Honey Bee as Alternative Medicine to Treat Eleven Multidrug-Resistant Bacteria Causing Urinary Tract Infection during Pregnancy.,2018.0,10.3390/scipharm86020014,29652864.0,Scientia pharmaceutica,PMC6027671,sample4,,,,,,,,,,,,,,,,3.19,,,
PMC6027671,t3,Sample 4,E. faecalis,E. faecalis,MIC,,untreated,5.0,,%,,auto_A_t,Minimum inhibitory concentration (MIC) and minimum bactericidal concentration (MBC) values of honey samples against uropathogen strains (%  w/v ). || Strain | Sample 1 |  | Sample 2 |  | Sample 3 |  |,MIC,%w/v,%w/v,False,False,False,Honey Bee as Alternative Medicine to Treat Eleven Multidrug-Resistant Bacteria Causing Urinary Tract Infection during Pregnancy.,2018.0,10.3390/scipharm86020014,29652864.0,Scientia pharmaceutica,PMC6027671,sample4,,,,,,,,,,,,,,,,3.19,,,
PMC6027671,t3,Sample 5,E. faecalis,E. faecalis,MBC,,untreated,5.0,,%,,auto_A_t,Minimum inhibitory concentration (MIC) and minimum bactericidal concentration (MBC) values of honey samples against uropathogen strains (%  w/v ). || Strain | Sample 1 |  | Sample 2 |  | Sample 3 |  |,MBC,%w/v,%w/v,False,False,False,Honey Bee as Alternative Medicine to Treat Eleven Multidrug-Resistant Bacteria Causing Urinary Tract Infection during Pregnancy.,2018.0,10.3390/scipharm86020014,29652864.0,Scientia pharmaceutica,PMC6027671,sample5,,,,,,,,,,,,,,,,3.54,,,
PMC6027671,t3,Sample 5,E. faecalis,E. faecalis,MIC,,untreated,5.0,,%,,auto_A_t,Minimum inhibitory concentration (MIC) and minimum bactericidal concentration (MBC) values of honey samples against uropathogen strains (%  w/v ). || Strain | Sample 1 |  | Sample 2 |  | Sample 3 |  |,MIC,%w/v,%w/v,False,False,False,Honey Bee as Alternative Medicine to Treat Eleven Multidrug-Resistant Bacteria Causing Urinary Tract Infection during Pregnancy.,2018.0,10.3390/scipharm86020014,29652864.0,Scientia pharmaceutica,PMC6027671,sample5,,,,,,,,,,,,,,,,3.54,,,
PMC6027671,t3,Sample 6,E. faecalis,E. faecalis,MBC,,untreated,5.0,,%,,auto_A_t,Minimum inhibitory concentration (MIC) and minimum bactericidal concentration (MBC) values of honey samples against uropathogen strains (%  w/v ). || Strain | Sample 1 |  | Sample 2 |  | Sample 3 |  |,MBC,%w/v,%w/v,False,False,False,Honey Bee as Alternative Medicine to Treat Eleven Multidrug-Resistant Bacteria Causing Urinary Tract Infection during Pregnancy.,2018.0,10.3390/scipharm86020014,29652864.0,Scientia pharmaceutica,PMC6027671,sample6,,,,,,,,,,,,,,,,4.02,,,
PMC6027671,t3,Sample 6,E. faecalis,E. faecalis,MIC,,untreated,5.0,,%,,auto_A_t,Minimum inhibitory concentration (MIC) and minimum bactericidal concentration (MBC) values of honey samples against uropathogen strains (%  w/v ). || Strain | Sample 1 |  | Sample 2 |  | Sample 3 |  |,MIC,%w/v,%w/v,False,False,False,Honey Bee as Alternative Medicine to Treat Eleven Multidrug-Resistant Bacteria Causing Urinary Tract Infection during Pregnancy.,2018.0,10.3390/scipharm86020014,29652864.0,Scientia pharmaceutica,PMC6027671,sample6,,,,,,,,,,,,,,,,4.02,,,
PMC6268398,t2,Manuka,S. aureus ATCC 25923 (Oxa S),S. aureus,MIC,,untreated,7.0,,%,,auto_A,The antibacterial potency of honeys against the tested strains. || Honey variety | MIC% of the four varieties against the tested microbes |  |  |  || S. aureus ATCC 43300 (Oxa R) | S. aureus ATCC 2592,MIC,%,% (basis unspecified),True,False,False,Antibacterial and antioxidant potency of floral honeys from different botanical and geographical origins.,2012.0,10.3390/molecules170910540,22948516.0,"Molecules (Basel, Switzerland)",PMC6268398,manuka,,,,,90.88,,,,,,,,,,19.2,4.4,,,
PMC6268398,t2,Manuka,P. aeruginosa ATCC27853,P. aeruginosa,MIC,,untreated,6.0,,%,,auto_A,The antibacterial potency of honeys against the tested strains. || Honey variety | MIC% of the four varieties against the tested microbes |  |  |  || S. aureus ATCC 43300 (Oxa R) | S. aureus ATCC 2592,MIC,%,% (basis unspecified),True,False,False,Antibacterial and antioxidant potency of floral honeys from different botanical and geographical origins.,2012.0,10.3390/molecules170910540,22948516.0,"Molecules (Basel, Switzerland)",PMC6268398,manuka,,,,,90.88,,,,,,,,,,19.2,4.4,,,
PMC6268398,t2,Manuka,Candida albicans,fungal,MIC,,untreated,14.0,,%,,auto_A,The antibacterial potency of honeys against the tested strains. || Honey variety | MIC% of the four varieties against the tested microbes |  |  |  || S. aureus ATCC 43300 (Oxa R) | S. aureus ATCC 2592,MIC,%,% (basis unspecified),True,False,False,Antibacterial and antioxidant potency of floral honeys from different botanical and geographical origins.,2012.0,10.3390/molecules170910540,22948516.0,"Molecules (Basel, Switzerland)",PMC6268398,manuka,,,,,90.88,,,,,,,,,,19.2,4.4,,,
PMC6268398,t2,Acacia,S. aureus ATCC 25923 (Oxa S),S. aureus,MIC,,untreated,10.0,,%,,auto_A,The antibacterial potency of honeys against the tested strains. || Honey variety | MIC% of the four varieties against the tested microbes |  |  |  || S. aureus ATCC 43300 (Oxa R) | S. aureus ATCC 2592,MIC,%,% (basis unspecified),False,False,False,Antibacterial and antioxidant potency of floral honeys from different botanical and geographical origins.,2012.0,10.3390/molecules170910540,22948516.0,"Molecules (Basel, Switzerland)",PMC6268398,acacia,,,,,6.08,,,,,,,,,,17.0,5.4,,,
PMC6268398,t2,Acacia,P. aeruginosa ATCC27853,P. aeruginosa,MIC,,untreated,12.0,,%,,auto_A,The antibacterial potency of honeys against the tested strains. || Honey variety | MIC% of the four varieties against the tested microbes |  |  |  || S. aureus ATCC 43300 (Oxa R) | S. aureus ATCC 2592,MIC,%,% (basis unspecified),False,False,False,Antibacterial and antioxidant potency of floral honeys from different botanical and geographical origins.,2012.0,10.3390/molecules170910540,22948516.0,"Molecules (Basel, Switzerland)",PMC6268398,acacia,,,,,6.08,,,,,,,,,,17.0,5.4,,,
PMC6268398,t2,Acacia,Candida albicans,fungal,MIC,,untreated,13.0,,%,,auto_A,The antibacterial potency of honeys against the tested strains. || Honey variety | MIC% of the four varieties against the tested microbes |  |  |  || S. aureus ATCC 43300 (Oxa R) | S. aureus ATCC 2592,MIC,%,% (basis unspecified),False,False,False,Antibacterial and antioxidant potency of floral honeys from different botanical and geographical origins.,2012.0,10.3390/molecules170910540,22948516.0,"Molecules (Basel, Switzerland)",PMC6268398,acacia,,,,,6.08,,,,,,,,,,17.0,5.4,,,
PMC6268398,t2,Lavender,S. aureus ATCC 25923 (Oxa S),S. aureus,MIC,,untreated,25.0,,%,,auto_A,The antibacterial potency of honeys against the tested strains. || Honey variety | MIC% of the four varieties against the tested microbes |  |  |  || S. aureus ATCC 43300 (Oxa R) | S. aureus ATCC 2592,MIC,%,% (basis unspecified),False,False,False,Antibacterial and antioxidant potency of floral honeys from different botanical and geographical origins.,2012.0,10.3390/molecules170910540,22948516.0,"Molecules (Basel, Switzerland)",PMC6268398,lavender,,,,,6.96,,,,,,,,,,15.6,3.8,,,
PMC6268398,t2,Lavender,P. aeruginosa ATCC27853,P. aeruginosa,MIC,,untreated,25.0,,%,,auto_A,The antibacterial potency of honeys against the tested strains. || Honey variety | MIC% of the four varieties against the tested microbes |  |  |  || S. aureus ATCC 43300 (Oxa R) | S. aureus ATCC 2592,MIC,%,% (basis unspecified),False,False,False,Antibacterial and antioxidant potency of floral honeys from different botanical and geographical origins.,2012.0,10.3390/molecules170910540,22948516.0,"Molecules (Basel, Switzerland)",PMC6268398,lavender,,,,,6.96,,,,,,,,,,15.6,3.8,,,
PMC6268398,t2,Lavender,Candida albicans,fungal,MIC,,untreated,21.0,,%,,auto_A,The antibacterial potency of honeys against the tested strains. || Honey variety | MIC% of the four varieties against the tested microbes |  |  |  || S. aureus ATCC 43300 (Oxa R) | S. aureus ATCC 2592,MIC,%,% (basis unspecified),False,False,False,Antibacterial and antioxidant potency of floral honeys from different botanical and geographical origins.,2012.0,10.3390/molecules170910540,22948516.0,"Molecules (Basel, Switzerland)",PMC6268398,lavender,,,,,6.96,,,,,,,,,,15.6,3.8,,,
PMC6268398,t2,Wild carrot,S. aureus ATCC 25923 (Oxa S),S. aureus,MIC,,untreated,11.0,,%,,auto_A,The antibacterial potency of honeys against the tested strains. || Honey variety | MIC% of the four varieties against the tested microbes |  |  |  || S. aureus ATCC 43300 (Oxa R) | S. aureus ATCC 2592,MIC,%,% (basis unspecified),False,False,False,Antibacterial and antioxidant potency of floral honeys from different botanical and geographical origins.,2012.0,10.3390/molecules170910540,22948516.0,"Molecules (Basel, Switzerland)",PMC6268398,wildcarrot,,,,,13.98,,,,,,,,,,16.4,4.62,,,
PMC6268398,t2,Wild carrot,P. aeruginosa ATCC27853,P. aeruginosa,MIC,,untreated,13.0,,%,,auto_A,The antibacterial potency of honeys against the tested strains. || Honey variety | MIC% of the four varieties against the tested microbes |  |  |  || S. aureus ATCC 43300 (Oxa R) | S. aureus ATCC 2592,MIC,%,% (basis unspecified),False,False,False,Antibacterial and antioxidant potency of floral honeys from different botanical and geographical origins.,2012.0,10.3390/molecules170910540,22948516.0,"Molecules (Basel, Switzerland)",PMC6268398,wildcarrot,,,,,13.98,,,,,,,,,,16.4,4.62,,,
PMC6268398,t2,Wild carrot,Candida albicans,fungal,MIC,,untreated,12.0,,%,,auto_A,The antibacterial potency of honeys against the tested strains. || Honey variety | MIC% of the four varieties against the tested microbes |  |  |  || S. aureus ATCC 43300 (Oxa R) | S. aureus ATCC 2592,MIC,%,% (basis unspecified),False,False,False,Antibacterial and antioxidant potency of floral honeys from different botanical and geographical origins.,2012.0,10.3390/molecules170910540,22948516.0,"Molecules (Basel, Switzerland)",PMC6268398,wildcarrot,,,,,13.98,,,,,,,,,,16.4,4.62,,,
PMC6425412,t4,D/Tembien,E.coli (mm),E. coli,zone,,untreated,25.59,,mm,,auto_A,Antibacterial potential of the tested honey samples against selected bacterial species. || Districts |  | Tested Bacteria with Inhibition Zones |  |  || S.typhi (mm) | E.coli (mm) | S.aureus (mm) |  |,zone,mm,mm,False,False,False,"Comparative Assessment on Selected Physicochemical Parameters and Antioxidant and Antimicrobial Activities of Honey Samples from Selected Districts of the Amhara and Tigray Regions, Ethiopia.",2019.0,10.1155/2019/4101695,30949493.0,International journal of food science,PMC6425412,dtembien,,,,,,,,,,,,,,24.67,,4.0,,,66.03
PMC6425412,t4,D/Tembien,S.aureus (mm),S. aureus,zone,,untreated,25.28,,mm,,auto_A,Antibacterial potential of the tested honey samples against selected bacterial species. || Districts |  | Tested Bacteria with Inhibition Zones |  |  || S.typhi (mm) | E.coli (mm) | S.aureus (mm) |  |,zone,mm,mm,False,False,False,"Comparative Assessment on Selected Physicochemical Parameters and Antioxidant and Antimicrobial Activities of Honey Samples from Selected Districts of the Amhara and Tigray Regions, Ethiopia.",2019.0,10.1155/2019/4101695,30949493.0,International journal of food science,PMC6425412,dtembien,,,,,,,,,,,,,,24.67,,4.0,,,66.03
PMC6425412,t4,R/Azebo,E.coli (mm),E. coli,zone,,untreated,23.68,,mm,,auto_A,Antibacterial potential of the tested honey samples against selected bacterial species. || Districts |  | Tested Bacteria with Inhibition Zones |  |  || S.typhi (mm) | E.coli (mm) | S.aureus (mm) |  |,zone,mm,mm,False,False,False,"Comparative Assessment on Selected Physicochemical Parameters and Antioxidant and Antimicrobial Activities of Honey Samples from Selected Districts of the Amhara and Tigray Regions, Ethiopia.",2019.0,10.1155/2019/4101695,30949493.0,International journal of food science,PMC6425412,razebo,,,,,,,,,,,,,,38.11,,3.79,,,64.3
PMC6425412,t4,R/Azebo,S.aureus (mm),S. aureus,zone,,untreated,23.9,,mm,,auto_A,Antibacterial potential of the tested honey samples against selected bacterial species. || Districts |  | Tested Bacteria with Inhibition Zones |  |  || S.typhi (mm) | E.coli (mm) | S.aureus (mm) |  |,zone,mm,mm,False,False,False,"Comparative Assessment on Selected Physicochemical Parameters and Antioxidant and Antimicrobial Activities of Honey Samples from Selected Districts of the Amhara and Tigray Regions, Ethiopia.",2019.0,10.1155/2019/4101695,30949493.0,International journal of food science,PMC6425412,razebo,,,,,,,,,,,,,,38.11,,3.79,,,64.3
PMC6425412,t4,Geregera,E.coli (mm),E. coli,zone,,untreated,24.6,,mm,,auto_A,Antibacterial potential of the tested honey samples against selected bacterial species. || Districts |  | Tested Bacteria with Inhibition Zones |  |  || S.typhi (mm) | E.coli (mm) | S.aureus (mm) |  |,zone,mm,mm,False,False,False,"Comparative Assessment on Selected Physicochemical Parameters and Antioxidant and Antimicrobial Activities of Honey Samples from Selected Districts of the Amhara and Tigray Regions, Ethiopia.",2019.0,10.1155/2019/4101695,30949493.0,International journal of food science,PMC6425412,geregera,,,,,,,,,,,,,,29.67,,3.91,,,65.89
PMC6425412,t4,Geregera,S.aureus (mm),S. aureus,zone,,untreated,24.67,,mm,,auto_A,Antibacterial potential of the tested honey samples against selected bacterial species. || Districts |  | Tested Bacteria with Inhibition Zones |  |  || S.typhi (mm) | E.coli (mm) | S.aureus (mm) |  |,zone,mm,mm,False,False,False,"Comparative Assessment on Selected Physicochemical Parameters and Antioxidant and Antimicrobial Activities of Honey Samples from Selected Districts of the Amhara and Tigray Regions, Ethiopia.",2019.0,10.1155/2019/4101695,30949493.0,International journal of food science,PMC6425412,geregera,,,,,,,,,,,,,,29.67,,3.91,,,65.89
PMC6425412,t4,Liben,E.coli (mm),E. coli,zone,,untreated,23.23,,mm,,auto_A,Antibacterial potential of the tested honey samples against selected bacterial species. || Districts |  | Tested Bacteria with Inhibition Zones |  |  || S.typhi (mm) | E.coli (mm) | S.aureus (mm) |  |,zone,mm,mm,False,False,False,"Comparative Assessment on Selected Physicochemical Parameters and Antioxidant and Antimicrobial Activities of Honey Samples from Selected Districts of the Amhara and Tigray Regions, Ethiopia.",2019.0,10.1155/2019/4101695,30949493.0,International journal of food science,PMC6425412,liben,,,,,,,,,,,,,,32.33,,3.89,,,62.1
PMC6425412,t4,Liben,S.aureus (mm),S. aureus,zone,,untreated,23.47,,mm,,auto_A,Antibacterial potential of the tested honey samples against selected bacterial species. || Districts |  | Tested Bacteria with Inhibition Zones |  |  || S.typhi (mm) | E.coli (mm) | S.aureus (mm) |  |,zone,mm,mm,False,False,False,"Comparative Assessment on Selected Physicochemical Parameters and Antioxidant and Antimicrobial Activities of Honey Samples from Selected Districts of the Amhara and Tigray Regions, Ethiopia.",2019.0,10.1155/2019/4101695,30949493.0,International journal of food science,PMC6425412,liben,,,,,,,,,,,,,,32.33,,3.89,,,62.1
PMC7451694,t2,Schefflera Abyssinica,Escherichia coli,E. coli,MIC,,untreated,25.5,,%,,auto_A_t,The antimicrobial property of different mono-floral honeys as Minimum Inhibitory Concentration (MIC) that necessary to inhibit 100% of the microbial growth in vitro expressed as mean and standard devi,MIC,%,% (basis unspecified),False,False,False,"Physico-chemical, antioxidant and anti-microbial properties of some Ethiopian mono-floral honeys.",2020.0,10.1016/j.sjbs.2020.05.031,32884418.0,Saudi journal of biological sciences,PMC7451694,scheffleraabyssinica,,,,,,,,,,13.5,,,,19.9,,3.7,,,29.5
PMC7451694,t2,Guizotia scabra,Escherichia coli,E. coli,MIC,,untreated,25.2,,%,,auto_A_t,The antimicrobial property of different mono-floral honeys as Minimum Inhibitory Concentration (MIC) that necessary to inhibit 100% of the microbial growth in vitro expressed as mean and standard devi,MIC,%,% (basis unspecified),False,False,False,"Physico-chemical, antioxidant and anti-microbial properties of some Ethiopian mono-floral honeys.",2020.0,10.1016/j.sjbs.2020.05.031,32884418.0,Saudi journal of biological sciences,PMC7451694,guizotiascabra,,,,,,,,,,50.8,,,,28.9,,4.2,,,28.6
PMC7451694,t2,Vernonia amygdalina,Escherichia coli,E. coli,MIC,,untreated,15.5,,%,,auto_A_t,The antimicrobial property of different mono-floral honeys as Minimum Inhibitory Concentration (MIC) that necessary to inhibit 100% of the microbial growth in vitro expressed as mean and standard devi,MIC,%,% (basis unspecified),False,False,False,"Physico-chemical, antioxidant and anti-microbial properties of some Ethiopian mono-floral honeys.",2020.0,10.1016/j.sjbs.2020.05.031,32884418.0,Saudi journal of biological sciences,PMC7451694,vernoniaamygdalina,,,,,,,,,,115.5,,,,39.8,,4.1,,,29.0
PMC7451694,t2,Croton macrostachyus,Escherichia coli,E. coli,MIC,,untreated,17.5,,%,,auto_A_t,The antimicrobial property of different mono-floral honeys as Minimum Inhibitory Concentration (MIC) that necessary to inhibit 100% of the microbial growth in vitro expressed as mean and standard devi,MIC,%,% (basis unspecified),False,False,False,"Physico-chemical, antioxidant and anti-microbial properties of some Ethiopian mono-floral honeys.",2020.0,10.1016/j.sjbs.2020.05.031,32884418.0,Saudi journal of biological sciences,PMC7451694,crotonmacrostachyus,,,,,,,,,,93.3,,,,37.0,,3.5,,,31.4
PMC7451694,t2,Becium grandiflorum,Escherichia coli,E. coli,MIC,,untreated,21.5,,%,,auto_A_t,The antimicrobial property of different mono-floral honeys as Minimum Inhibitory Concentration (MIC) that necessary to inhibit 100% of the microbial growth in vitro expressed as mean and standard devi,MIC,%,% (basis unspecified),False,False,False,"Physico-chemical, antioxidant and anti-microbial properties of some Ethiopian mono-floral honeys.",2020.0,10.1016/j.sjbs.2020.05.031,32884418.0,Saudi journal of biological sciences,PMC7451694,beciumgrandiflorum,,,,,,,,,,6.1,,,,12.4,,3.7,,,33.6
PMC7451694,t2,Schefflera Abyssinica,Salmonella typhimurum,Salmonella,MIC,,untreated,24.6,,%,,auto_A_t,The antimicrobial property of different mono-floral honeys as Minimum Inhibitory Concentration (MIC) that necessary to inhibit 100% of the microbial growth in vitro expressed as mean and standard devi,MIC,%,% (basis unspecified),False,False,False,"Physico-chemical, antioxidant and anti-microbial properties of some Ethiopian mono-floral honeys.",2020.0,10.1016/j.sjbs.2020.05.031,32884418.0,Saudi journal of biological sciences,PMC7451694,scheffleraabyssinica,,,,,,,,,,13.5,,,,19.9,,3.7,,,29.5
PMC7451694,t2,Guizotia scabra,Salmonella typhimurum,Salmonella,MIC,,untreated,23.4,,%,,auto_A_t,The antimicrobial property of different mono-floral honeys as Minimum Inhibitory Concentration (MIC) that necessary to inhibit 100% of the microbial growth in vitro expressed as mean and standard devi,MIC,%,% (basis unspecified),False,False,False,"Physico-chemical, antioxidant and anti-microbial properties of some Ethiopian mono-floral honeys.",2020.0,10.1016/j.sjbs.2020.05.031,32884418.0,Saudi journal of biological sciences,PMC7451694,guizotiascabra,,,,,,,,,,50.8,,,,28.9,,4.2,,,28.6
PMC7451694,t2,Vernonia amygdalina,Salmonella typhimurum,Salmonella,MIC,,untreated,15.2,,%,,auto_A_t,The antimicrobial property of different mono-floral honeys as Minimum Inhibitory Concentration (MIC) that necessary to inhibit 100% of the microbial growth in vitro expressed as mean and standard devi,MIC,%,% (basis unspecified),False,False,False,"Physico-chemical, antioxidant and anti-microbial properties of some Ethiopian mono-floral honeys.",2020.0,10.1016/j.sjbs.2020.05.031,32884418.0,Saudi journal of biological sciences,PMC7451694,vernoniaamygdalina,,,,,,,,,,115.5,,,,39.8,,4.1,,,29.0
PMC7451694,t2,Croton macrostachyus,Salmonella typhimurum,Salmonella,MIC,,untreated,10.5,,%,,auto_A_t,The antimicrobial property of different mono-floral honeys as Minimum Inhibitory Concentration (MIC) that necessary to inhibit 100% of the microbial growth in vitro expressed as mean and standard devi,MIC,%,% (basis unspecified),False,False,False,"Physico-chemical, antioxidant and anti-microbial properties of some Ethiopian mono-floral honeys.",2020.0,10.1016/j.sjbs.2020.05.031,32884418.0,Saudi journal of biological sciences,PMC7451694,crotonmacrostachyus,,,,,,,,,,93.3,,,,37.0,,3.5,,,31.4
PMC7451694,t2,Becium grandiflorum,Salmonella typhimurum,Salmonella,MIC,,untreated,22.5,,%,,auto_A_t,The antimicrobial property of different mono-floral honeys as Minimum Inhibitory Concentration (MIC) that necessary to inhibit 100% of the microbial growth in vitro expressed as mean and standard devi,MIC,%,% (basis unspecified),False,False,False,"Physico-chemical, antioxidant and anti-microbial properties of some Ethiopian mono-floral honeys.",2020.0,10.1016/j.sjbs.2020.05.031,32884418.0,Saudi journal of biological sciences,PMC7451694,beciumgrandiflorum,,,,,,,,,,6.1,,,,12.4,,3.7,,,33.6
PMC7451694,t2,Schefflera Abyssinica,Pseudomonas aeruginosa,P. aeruginosa,MIC,,untreated,24.5,,%,,auto_A_t,The antimicrobial property of different mono-floral honeys as Minimum Inhibitory Concentration (MIC) that necessary to inhibit 100% of the microbial growth in vitro expressed as mean and standard devi,MIC,%,% (basis unspecified),False,False,False,"Physico-chemical, antioxidant and anti-microbial properties of some Ethiopian mono-floral honeys.",2020.0,10.1016/j.sjbs.2020.05.031,32884418.0,Saudi journal of biological sciences,PMC7451694,scheffleraabyssinica,,,,,,,,,,13.5,,,,19.9,,3.7,,,29.5
PMC7451694,t2,Guizotia scabra,Pseudomonas aeruginosa,P. aeruginosa,MIC,,untreated,26.2,,%,,auto_A_t,The antimicrobial property of different mono-floral honeys as Minimum Inhibitory Concentration (MIC) that necessary to inhibit 100% of the microbial growth in vitro expressed as mean and standard devi,MIC,%,% (basis unspecified),False,False,False,"Physico-chemical, antioxidant and anti-microbial properties of some Ethiopian mono-floral honeys.",2020.0,10.1016/j.sjbs.2020.05.031,32884418.0,Saudi journal of biological sciences,PMC7451694,guizotiascabra,,,,,,,,,,50.8,,,,28.9,,4.2,,,28.6
PMC7451694,t2,Vernonia amygdalina,Pseudomonas aeruginosa,P. aeruginosa,MIC,,untreated,14.5,,%,,auto_A_t,The antimicrobial property of different mono-floral honeys as Minimum Inhibitory Concentration (MIC) that necessary to inhibit 100% of the microbial growth in vitro expressed as mean and standard devi,MIC,%,% (basis unspecified),False,False,False,"Physico-chemical, antioxidant and anti-microbial properties of some Ethiopian mono-floral honeys.",2020.0,10.1016/j.sjbs.2020.05.031,32884418.0,Saudi journal of biological sciences,PMC7451694,vernoniaamygdalina,,,,,,,,,,115.5,,,,39.8,,4.1,,,29.0
PMC7451694,t2,Croton macrostachyus,Pseudomonas aeruginosa,P. aeruginosa,MIC,,untreated,18.5,,%,,auto_A_t,The antimicrobial property of different mono-floral honeys as Minimum Inhibitory Concentration (MIC) that necessary to inhibit 100% of the microbial growth in vitro expressed as mean and standard devi,MIC,%,% (basis unspecified),False,False,False,"Physico-chemical, antioxidant and anti-microbial properties of some Ethiopian mono-floral honeys.",2020.0,10.1016/j.sjbs.2020.05.031,32884418.0,Saudi journal of biological sciences,PMC7451694,crotonmacrostachyus,,,,,,,,,,93.3,,,,37.0,,3.5,,,31.4
PMC7451694,t2,Becium grandiflorum,Pseudomonas aeruginosa,P. aeruginosa,MIC,,untreated,20.5,,%,,auto_A_t,The antimicrobial property of different mono-floral honeys as Minimum Inhibitory Concentration (MIC) that necessary to inhibit 100% of the microbial growth in vitro expressed as mean and standard devi,MIC,%,% (basis unspecified),False,False,False,"Physico-chemical, antioxidant and anti-microbial properties of some Ethiopian mono-floral honeys.",2020.0,10.1016/j.sjbs.2020.05.031,32884418.0,Saudi journal of biological sciences,PMC7451694,beciumgrandiflorum,,,,,,,,,,6.1,,,,12.4,,3.7,,,33.6
PMC7451694,t2,Schefflera Abyssinica,Klebsiella pneumonia,K. pneumoniae,MIC,,untreated,24.5,,%,,auto_A_t,The antimicrobial property of different mono-floral honeys as Minimum Inhibitory Concentration (MIC) that necessary to inhibit 100% of the microbial growth in vitro expressed as mean and standard devi,MIC,%,% (basis unspecified),False,False,False,"Physico-chemical, antioxidant and anti-microbial properties of some Ethiopian mono-floral honeys.",2020.0,10.1016/j.sjbs.2020.05.031,32884418.0,Saudi journal of biological sciences,PMC7451694,scheffleraabyssinica,,,,,,,,,,13.5,,,,19.9,,3.7,,,29.5
PMC7451694,t2,Guizotia scabra,Klebsiella pneumonia,K. pneumoniae,MIC,,untreated,24.5,,%,,auto_A_t,The antimicrobial property of different mono-floral honeys as Minimum Inhibitory Concentration (MIC) that necessary to inhibit 100% of the microbial growth in vitro expressed as mean and standard devi,MIC,%,% (basis unspecified),False,False,False,"Physico-chemical, antioxidant and anti-microbial properties of some Ethiopian mono-floral honeys.",2020.0,10.1016/j.sjbs.2020.05.031,32884418.0,Saudi journal of biological sciences,PMC7451694,guizotiascabra,,,,,,,,,,50.8,,,,28.9,,4.2,,,28.6
PMC7451694,t2,Vernonia amygdalina,Klebsiella pneumonia,K. pneumoniae,MIC,,untreated,10.5,,%,,auto_A_t,The antimicrobial property of different mono-floral honeys as Minimum Inhibitory Concentration (MIC) that necessary to inhibit 100% of the microbial growth in vitro expressed as mean and standard devi,MIC,%,% (basis unspecified),False,False,False,"Physico-chemical, antioxidant and anti-microbial properties of some Ethiopian mono-floral honeys.",2020.0,10.1016/j.sjbs.2020.05.031,32884418.0,Saudi journal of biological sciences,PMC7451694,vernoniaamygdalina,,,,,,,,,,115.5,,,,39.8,,4.1,,,29.0
PMC7451694,t2,Croton macrostachyus,Klebsiella pneumonia,K. pneumoniae,MIC,,untreated,17.5,,%,,auto_A_t,The antimicrobial property of different mono-floral honeys as Minimum Inhibitory Concentration (MIC) that necessary to inhibit 100% of the microbial growth in vitro expressed as mean and standard devi,MIC,%,% (basis unspecified),False,False,False,"Physico-chemical, antioxidant and anti-microbial properties of some Ethiopian mono-floral honeys.",2020.0,10.1016/j.sjbs.2020.05.031,32884418.0,Saudi journal of biological sciences,PMC7451694,crotonmacrostachyus,,,,,,,,,,93.3,,,,37.0,,3.5,,,31.4
PMC7451694,t2,Becium grandiflorum,Klebsiella pneumonia,K. pneumoniae,MIC,,untreated,20.5,,%,,auto_A_t,The antimicrobial property of different mono-floral honeys as Minimum Inhibitory Concentration (MIC) that necessary to inhibit 100% of the microbial growth in vitro expressed as mean and standard devi,MIC,%,% (basis unspecified),False,False,False,"Physico-chemical, antioxidant and anti-microbial properties of some Ethiopian mono-floral honeys.",2020.0,10.1016/j.sjbs.2020.05.031,32884418.0,Saudi journal of biological sciences,PMC7451694,beciumgrandiflorum,,,,,,,,,,6.1,,,,12.4,,3.7,,,33.6
PMC7451694,t2,Schefflera Abyssinica,Bacillus subtilis,B. cereus/Bacillus,MIC,,untreated,26.5,,%,,auto_A_t,The antimicrobial property of different mono-floral honeys as Minimum Inhibitory Concentration (MIC) that necessary to inhibit 100% of the microbial growth in vitro expressed as mean and standard devi,MIC,%,% (basis unspecified),False,False,False,"Physico-chemical, antioxidant and anti-microbial properties of some Ethiopian mono-floral honeys.",2020.0,10.1016/j.sjbs.2020.05.031,32884418.0,Saudi journal of biological sciences,PMC7451694,scheffleraabyssinica,,,,,,,,,,13.5,,,,19.9,,3.7,,,29.5
PMC7451694,t2,Guizotia scabra,Bacillus subtilis,B. cereus/Bacillus,MIC,,untreated,27.5,,%,,auto_A_t,The antimicrobial property of different mono-floral honeys as Minimum Inhibitory Concentration (MIC) that necessary to inhibit 100% of the microbial growth in vitro expressed as mean and standard devi,MIC,%,% (basis unspecified),False,False,False,"Physico-chemical, antioxidant and anti-microbial properties of some Ethiopian mono-floral honeys.",2020.0,10.1016/j.sjbs.2020.05.031,32884418.0,Saudi journal of biological sciences,PMC7451694,guizotiascabra,,,,,,,,,,50.8,,,,28.9,,4.2,,,28.6
PMC7451694,t2,Vernonia amygdalina,Bacillus subtilis,B. cereus/Bacillus,MIC,,untreated,16.5,,%,,auto_A_t,The antimicrobial property of different mono-floral honeys as Minimum Inhibitory Concentration (MIC) that necessary to inhibit 100% of the microbial growth in vitro expressed as mean and standard devi,MIC,%,% (basis unspecified),False,False,False,"Physico-chemical, antioxidant and anti-microbial properties of some Ethiopian mono-floral honeys.",2020.0,10.1016/j.sjbs.2020.05.031,32884418.0,Saudi journal of biological sciences,PMC7451694,vernoniaamygdalina,,,,,,,,,,115.5,,,,39.8,,4.1,,,29.0
PMC7451694,t2,Croton macrostachyus,Bacillus subtilis,B. cereus/Bacillus,MIC,,untreated,18.5,,%,,auto_A_t,The antimicrobial property of different mono-floral honeys as Minimum Inhibitory Concentration (MIC) that necessary to inhibit 100% of the microbial growth in vitro expressed as mean and standard devi,MIC,%,% (basis unspecified),False,False,False,"Physico-chemical, antioxidant and anti-microbial properties of some Ethiopian mono-floral honeys.",2020.0,10.1016/j.sjbs.2020.05.031,32884418.0,Saudi journal of biological sciences,PMC7451694,crotonmacrostachyus,,,,,,,,,,93.3,,,,37.0,,3.5,,,31.4
PMC7451694,t2,Becium grandiflorum,Bacillus subtilis,B. cereus/Bacillus,MIC,,untreated,24.5,,%,,auto_A_t,The antimicrobial property of different mono-floral honeys as Minimum Inhibitory Concentration (MIC) that necessary to inhibit 100% of the microbial growth in vitro expressed as mean and standard devi,MIC,%,% (basis unspecified),False,False,False,"Physico-chemical, antioxidant and anti-microbial properties of some Ethiopian mono-floral honeys.",2020.0,10.1016/j.sjbs.2020.05.031,32884418.0,Saudi journal of biological sciences,PMC7451694,beciumgrandiflorum,,,,,,,,,,6.1,,,,12.4,,3.7,,,33.6
PMC7451694,t2,Schefflera Abyssinica,Staphylococcus aureus,S. aureus,MIC,,untreated,25.5,,%,,auto_A_t,The antimicrobial property of different mono-floral honeys as Minimum Inhibitory Concentration (MIC) that necessary to inhibit 100% of the microbial growth in vitro expressed as mean and standard devi,MIC,%,% (basis unspecified),False,False,False,"Physico-chemical, antioxidant and anti-microbial properties of some Ethiopian mono-floral honeys.",2020.0,10.1016/j.sjbs.2020.05.031,32884418.0,Saudi journal of biological sciences,PMC7451694,scheffleraabyssinica,,,,,,,,,,13.5,,,,19.9,,3.7,,,29.5
PMC7451694,t2,Guizotia scabra,Staphylococcus aureus,S. aureus,MIC,,untreated,25.5,,%,,auto_A_t,The antimicrobial property of different mono-floral honeys as Minimum Inhibitory Concentration (MIC) that necessary to inhibit 100% of the microbial growth in vitro expressed as mean and standard devi,MIC,%,% (basis unspecified),False,False,False,"Physico-chemical, antioxidant and anti-microbial properties of some Ethiopian mono-floral honeys.",2020.0,10.1016/j.sjbs.2020.05.031,32884418.0,Saudi journal of biological sciences,PMC7451694,guizotiascabra,,,,,,,,,,50.8,,,,28.9,,4.2,,,28.6
PMC7451694,t2,Vernonia amygdalina,Staphylococcus aureus,S. aureus,MIC,,untreated,15.5,,%,,auto_A_t,The antimicrobial property of different mono-floral honeys as Minimum Inhibitory Concentration (MIC) that necessary to inhibit 100% of the microbial growth in vitro expressed as mean and standard devi,MIC,%,% (basis unspecified),False,False,False,"Physico-chemical, antioxidant and anti-microbial properties of some Ethiopian mono-floral honeys.",2020.0,10.1016/j.sjbs.2020.05.031,32884418.0,Saudi journal of biological sciences,PMC7451694,vernoniaamygdalina,,,,,,,,,,115.5,,,,39.8,,4.1,,,29.0
PMC7451694,t2,Croton macrostachyus,Staphylococcus aureus,S. aureus,MIC,,untreated,10.5,,%,,auto_A_t,The antimicrobial property of different mono-floral honeys as Minimum Inhibitory Concentration (MIC) that necessary to inhibit 100% of the microbial growth in vitro expressed as mean and standard devi,MIC,%,% (basis unspecified),False,False,False,"Physico-chemical, antioxidant and anti-microbial properties of some Ethiopian mono-floral honeys.",2020.0,10.1016/j.sjbs.2020.05.031,32884418.0,Saudi journal of biological sciences,PMC7451694,crotonmacrostachyus,,,,,,,,,,93.3,,,,37.0,,3.5,,,31.4
PMC7451694,t2,Becium grandiflorum,Staphylococcus aureus,S. aureus,MIC,,untreated,23.5,,%,,auto_A_t,The antimicrobial property of different mono-floral honeys as Minimum Inhibitory Concentration (MIC) that necessary to inhibit 100% of the microbial growth in vitro expressed as mean and standard devi,MIC,%,% (basis unspecified),False,False,False,"Physico-chemical, antioxidant and anti-microbial properties of some Ethiopian mono-floral honeys.",2020.0,10.1016/j.sjbs.2020.05.031,32884418.0,Saudi journal of biological sciences,PMC7451694,beciumgrandiflorum,,,,,,,,,,6.1,,,,12.4,,3.7,,,33.6
PMC7451694,t2,Schefflera Abyssinica,Staphylococcus epidermis,other,MIC,,untreated,25.5,,%,,auto_A_t,The antimicrobial property of different mono-floral honeys as Minimum Inhibitory Concentration (MIC) that necessary to inhibit 100% of the microbial growth in vitro expressed as mean and standard devi,MIC,%,% (basis unspecified),False,False,False,"Physico-chemical, antioxidant and anti-microbial properties of some Ethiopian mono-floral honeys.",2020.0,10.1016/j.sjbs.2020.05.031,32884418.0,Saudi journal of biological sciences,PMC7451694,scheffleraabyssinica,,,,,,,,,,13.5,,,,19.9,,3.7,,,29.5
PMC7451694,t2,Guizotia scabra,Staphylococcus epidermis,other,MIC,,untreated,24.5,,%,,auto_A_t,The antimicrobial property of different mono-floral honeys as Minimum Inhibitory Concentration (MIC) that necessary to inhibit 100% of the microbial growth in vitro expressed as mean and standard devi,MIC,%,% (basis unspecified),False,False,False,"Physico-chemical, antioxidant and anti-microbial properties of some Ethiopian mono-floral honeys.",2020.0,10.1016/j.sjbs.2020.05.031,32884418.0,Saudi journal of biological sciences,PMC7451694,guizotiascabra,,,,,,,,,,50.8,,,,28.9,,4.2,,,28.6
PMC7451694,t2,Vernonia amygdalina,Staphylococcus epidermis,other,MIC,,untreated,10.5,,%,,auto_A_t,The antimicrobial property of different mono-floral honeys as Minimum Inhibitory Concentration (MIC) that necessary to inhibit 100% of the microbial growth in vitro expressed as mean and standard devi,MIC,%,% (basis unspecified),False,False,False,"Physico-chemical, antioxidant and anti-microbial properties of some Ethiopian mono-floral honeys.",2020.0,10.1016/j.sjbs.2020.05.031,32884418.0,Saudi journal of biological sciences,PMC7451694,vernoniaamygdalina,,,,,,,,,,115.5,,,,39.8,,4.1,,,29.0
PMC7451694,t2,Croton macrostachyus,Staphylococcus epidermis,other,MIC,,untreated,18.5,,%,,auto_A_t,The antimicrobial property of different mono-floral honeys as Minimum Inhibitory Concentration (MIC) that necessary to inhibit 100% of the microbial growth in vitro expressed as mean and standard devi,MIC,%,% (basis unspecified),False,False,False,"Physico-chemical, antioxidant and anti-microbial properties of some Ethiopian mono-floral honeys.",2020.0,10.1016/j.sjbs.2020.05.031,32884418.0,Saudi journal of biological sciences,PMC7451694,crotonmacrostachyus,,,,,,,,,,93.3,,,,37.0,,3.5,,,31.4
PMC7451694,t2,Becium grandiflorum,Staphylococcus epidermis,other,MIC,,untreated,20.5,,%,,auto_A_t,The antimicrobial property of different mono-floral honeys as Minimum Inhibitory Concentration (MIC) that necessary to inhibit 100% of the microbial growth in vitro expressed as mean and standard devi,MIC,%,% (basis unspecified),False,False,False,"Physico-chemical, antioxidant and anti-microbial properties of some Ethiopian mono-floral honeys.",2020.0,10.1016/j.sjbs.2020.05.031,32884418.0,Saudi journal of biological sciences,PMC7451694,beciumgrandiflorum,,,,,,,,,,6.1,,,,12.4,,3.7,,,33.6
PMC7451694,t2,Schefflera Abyssinica,Bacillus cereus,B. cereus/Bacillus,MIC,,untreated,27.5,,%,,auto_A_t,The antimicrobial property of different mono-floral honeys as Minimum Inhibitory Concentration (MIC) that necessary to inhibit 100% of the microbial growth in vitro expressed as mean and standard devi,MIC,%,% (basis unspecified),False,False,False,"Physico-chemical, antioxidant and anti-microbial properties of some Ethiopian mono-floral honeys.",2020.0,10.1016/j.sjbs.2020.05.031,32884418.0,Saudi journal of biological sciences,PMC7451694,scheffleraabyssinica,,,,,,,,,,13.5,,,,19.9,,3.7,,,29.5
PMC7451694,t2,Guizotia scabra,Bacillus cereus,B. cereus/Bacillus,MIC,,untreated,26.5,,%,,auto_A_t,The antimicrobial property of different mono-floral honeys as Minimum Inhibitory Concentration (MIC) that necessary to inhibit 100% of the microbial growth in vitro expressed as mean and standard devi,MIC,%,% (basis unspecified),False,False,False,"Physico-chemical, antioxidant and anti-microbial properties of some Ethiopian mono-floral honeys.",2020.0,10.1016/j.sjbs.2020.05.031,32884418.0,Saudi journal of biological sciences,PMC7451694,guizotiascabra,,,,,,,,,,50.8,,,,28.9,,4.2,,,28.6
PMC7451694,t2,Vernonia amygdalina,Bacillus cereus,B. cereus/Bacillus,MIC,,untreated,16.5,,%,,auto_A_t,The antimicrobial property of different mono-floral honeys as Minimum Inhibitory Concentration (MIC) that necessary to inhibit 100% of the microbial growth in vitro expressed as mean and standard devi,MIC,%,% (basis unspecified),False,False,False,"Physico-chemical, antioxidant and anti-microbial properties of some Ethiopian mono-floral honeys.",2020.0,10.1016/j.sjbs.2020.05.031,32884418.0,Saudi journal of biological sciences,PMC7451694,vernoniaamygdalina,,,,,,,,,,115.5,,,,39.8,,4.1,,,29.0
PMC7451694,t2,Croton macrostachyus,Bacillus cereus,B. cereus/Bacillus,MIC,,untreated,17.5,,%,,auto_A_t,The antimicrobial property of different mono-floral honeys as Minimum Inhibitory Concentration (MIC) that necessary to inhibit 100% of the microbial growth in vitro expressed as mean and standard devi,MIC,%,% (basis unspecified),False,False,False,"Physico-chemical, antioxidant and anti-microbial properties of some Ethiopian mono-floral honeys.",2020.0,10.1016/j.sjbs.2020.05.031,32884418.0,Saudi journal of biological sciences,PMC7451694,crotonmacrostachyus,,,,,,,,,,93.3,,,,37.0,,3.5,,,31.4
PMC7451694,t2,Becium grandiflorum,Bacillus cereus,B. cereus/Bacillus,MIC,,untreated,22.5,,%,,auto_A_t,The antimicrobial property of different mono-floral honeys as Minimum Inhibitory Concentration (MIC) that necessary to inhibit 100% of the microbial growth in vitro expressed as mean and standard devi,MIC,%,% (basis unspecified),False,False,False,"Physico-chemical, antioxidant and anti-microbial properties of some Ethiopian mono-floral honeys.",2020.0,10.1016/j.sjbs.2020.05.031,32884418.0,Saudi journal of biological sciences,PMC7451694,beciumgrandiflorum,,,,,,,,,,6.1,,,,12.4,,3.7,,,33.6
PMC7451694,t2,Schefflera Abyssinica,Micrococcus luteus,other,MIC,,untreated,25.5,,%,,auto_A_t,The antimicrobial property of different mono-floral honeys as Minimum Inhibitory Concentration (MIC) that necessary to inhibit 100% of the microbial growth in vitro expressed as mean and standard devi,MIC,%,% (basis unspecified),False,False,False,"Physico-chemical, antioxidant and anti-microbial properties of some Ethiopian mono-floral honeys.",2020.0,10.1016/j.sjbs.2020.05.031,32884418.0,Saudi journal of biological sciences,PMC7451694,scheffleraabyssinica,,,,,,,,,,13.5,,,,19.9,,3.7,,,29.5
PMC7451694,t2,Guizotia scabra,Micrococcus luteus,other,MIC,,untreated,25.5,,%,,auto_A_t,The antimicrobial property of different mono-floral honeys as Minimum Inhibitory Concentration (MIC) that necessary to inhibit 100% of the microbial growth in vitro expressed as mean and standard devi,MIC,%,% (basis unspecified),False,False,False,"Physico-chemical, antioxidant and anti-microbial properties of some Ethiopian mono-floral honeys.",2020.0,10.1016/j.sjbs.2020.05.031,32884418.0,Saudi journal of biological sciences,PMC7451694,guizotiascabra,,,,,,,,,,50.8,,,,28.9,,4.2,,,28.6
PMC7451694,t2,Vernonia amygdalina,Micrococcus luteus,other,MIC,,untreated,15.5,,%,,auto_A_t,The antimicrobial property of different mono-floral honeys as Minimum Inhibitory Concentration (MIC) that necessary to inhibit 100% of the microbial growth in vitro expressed as mean and standard devi,MIC,%,% (basis unspecified),False,False,False,"Physico-chemical, antioxidant and anti-microbial properties of some Ethiopian mono-floral honeys.",2020.0,10.1016/j.sjbs.2020.05.031,32884418.0,Saudi journal of biological sciences,PMC7451694,vernoniaamygdalina,,,,,,,,,,115.5,,,,39.8,,4.1,,,29.0
PMC7451694,t2,Croton macrostachyus,Micrococcus luteus,other,MIC,,untreated,18.5,,%,,auto_A_t,The antimicrobial property of different mono-floral honeys as Minimum Inhibitory Concentration (MIC) that necessary to inhibit 100% of the microbial growth in vitro expressed as mean and standard devi,MIC,%,% (basis unspecified),False,False,False,"Physico-chemical, antioxidant and anti-microbial properties of some Ethiopian mono-floral honeys.",2020.0,10.1016/j.sjbs.2020.05.031,32884418.0,Saudi journal of biological sciences,PMC7451694,crotonmacrostachyus,,,,,,,,,,93.3,,,,37.0,,3.5,,,31.4
PMC7451694,t2,Becium grandiflorum,Micrococcus luteus,other,MIC,,untreated,21.5,,%,,auto_A_t,The antimicrobial property of different mono-floral honeys as Minimum Inhibitory Concentration (MIC) that necessary to inhibit 100% of the microbial growth in vitro expressed as mean and standard devi,MIC,%,% (basis unspecified),False,False,False,"Physico-chemical, antioxidant and anti-microbial properties of some Ethiopian mono-floral honeys.",2020.0,10.1016/j.sjbs.2020.05.031,32884418.0,Saudi journal of biological sciences,PMC7451694,beciumgrandiflorum,,,,,,,,,,6.1,,,,12.4,,3.7,,,33.6
PMC7451694,t2,Schefflera Abyssinica,Candida albicans,fungal,MIC,,untreated,28.6,,%,,auto_A_t,The antimicrobial property of different mono-floral honeys as Minimum Inhibitory Concentration (MIC) that necessary to inhibit 100% of the microbial growth in vitro expressed as mean and standard devi,MIC,%,% (basis unspecified),False,False,False,"Physico-chemical, antioxidant and anti-microbial properties of some Ethiopian mono-floral honeys.",2020.0,10.1016/j.sjbs.2020.05.031,32884418.0,Saudi journal of biological sciences,PMC7451694,scheffleraabyssinica,,,,,,,,,,13.5,,,,19.9,,3.7,,,29.5
PMC7451694,t2,Guizotia scabra,Candida albicans,fungal,MIC,,untreated,26.5,,%,,auto_A_t,The antimicrobial property of different mono-floral honeys as Minimum Inhibitory Concentration (MIC) that necessary to inhibit 100% of the microbial growth in vitro expressed as mean and standard devi,MIC,%,% (basis unspecified),False,False,False,"Physico-chemical, antioxidant and anti-microbial properties of some Ethiopian mono-floral honeys.",2020.0,10.1016/j.sjbs.2020.05.031,32884418.0,Saudi journal of biological sciences,PMC7451694,guizotiascabra,,,,,,,,,,50.8,,,,28.9,,4.2,,,28.6
PMC7451694,t2,Vernonia amygdalina,Candida albicans,fungal,MIC,,untreated,18.5,,%,,auto_A_t,The antimicrobial property of different mono-floral honeys as Minimum Inhibitory Concentration (MIC) that necessary to inhibit 100% of the microbial growth in vitro expressed as mean and standard devi,MIC,%,% (basis unspecified),False,False,False,"Physico-chemical, antioxidant and anti-microbial properties of some Ethiopian mono-floral honeys.",2020.0,10.1016/j.sjbs.2020.05.031,32884418.0,Saudi journal of biological sciences,PMC7451694,vernoniaamygdalina,,,,,,,,,,115.5,,,,39.8,,4.1,,,29.0
PMC7451694,t2,Croton macrostachyus,Candida albicans,fungal,MIC,,untreated,20.0,,%,,auto_A_t,The antimicrobial property of different mono-floral honeys as Minimum Inhibitory Concentration (MIC) that necessary to inhibit 100% of the microbial growth in vitro expressed as mean and standard devi,MIC,%,% (basis unspecified),False,False,False,"Physico-chemical, antioxidant and anti-microbial properties of some Ethiopian mono-floral honeys.",2020.0,10.1016/j.sjbs.2020.05.031,32884418.0,Saudi journal of biological sciences,PMC7451694,crotonmacrostachyus,,,,,,,,,,93.3,,,,37.0,,3.5,,,31.4
PMC7451694,t2,Becium grandiflorum,Candida albicans,fungal,MIC,,untreated,25.5,,%,,auto_A_t,The antimicrobial property of different mono-floral honeys as Minimum Inhibitory Concentration (MIC) that necessary to inhibit 100% of the microbial growth in vitro expressed as mean and standard devi,MIC,%,% (basis unspecified),False,False,False,"Physico-chemical, antioxidant and anti-microbial properties of some Ethiopian mono-floral honeys.",2020.0,10.1016/j.sjbs.2020.05.031,32884418.0,Saudi journal of biological sciences,PMC7451694,beciumgrandiflorum,,,,,,,,,,6.1,,,,12.4,,3.7,,,33.6
PMC7451694,t2,Schefflera Abyssinica,Candida tropicans,fungal,MIC,,untreated,27.5,,%,,auto_A_t,The antimicrobial property of different mono-floral honeys as Minimum Inhibitory Concentration (MIC) that necessary to inhibit 100% of the microbial growth in vitro expressed as mean and standard devi,MIC,%,% (basis unspecified),False,False,False,"Physico-chemical, antioxidant and anti-microbial properties of some Ethiopian mono-floral honeys.",2020.0,10.1016/j.sjbs.2020.05.031,32884418.0,Saudi journal of biological sciences,PMC7451694,scheffleraabyssinica,,,,,,,,,,13.5,,,,19.9,,3.7,,,29.5
PMC7451694,t2,Guizotia scabra,Candida tropicans,fungal,MIC,,untreated,25.5,,%,,auto_A_t,The antimicrobial property of different mono-floral honeys as Minimum Inhibitory Concentration (MIC) that necessary to inhibit 100% of the microbial growth in vitro expressed as mean and standard devi,MIC,%,% (basis unspecified),False,False,False,"Physico-chemical, antioxidant and anti-microbial properties of some Ethiopian mono-floral honeys.",2020.0,10.1016/j.sjbs.2020.05.031,32884418.0,Saudi journal of biological sciences,PMC7451694,guizotiascabra,,,,,,,,,,50.8,,,,28.9,,4.2,,,28.6
PMC7451694,t2,Vernonia amygdalina,Candida tropicans,fungal,MIC,,untreated,16.5,,%,,auto_A_t,The antimicrobial property of different mono-floral honeys as Minimum Inhibitory Concentration (MIC) that necessary to inhibit 100% of the microbial growth in vitro expressed as mean and standard devi,MIC,%,% (basis unspecified),False,False,False,"Physico-chemical, antioxidant and anti-microbial properties of some Ethiopian mono-floral honeys.",2020.0,10.1016/j.sjbs.2020.05.031,32884418.0,Saudi journal of biological sciences,PMC7451694,vernoniaamygdalina,,,,,,,,,,115.5,,,,39.8,,4.1,,,29.0
PMC7451694,t2,Croton macrostachyus,Candida tropicans,fungal,MIC,,untreated,20.5,,%,,auto_A_t,The antimicrobial property of different mono-floral honeys as Minimum Inhibitory Concentration (MIC) that necessary to inhibit 100% of the microbial growth in vitro expressed as mean and standard devi,MIC,%,% (basis unspecified),False,False,False,"Physico-chemical, antioxidant and anti-microbial properties of some Ethiopian mono-floral honeys.",2020.0,10.1016/j.sjbs.2020.05.031,32884418.0,Saudi journal of biological sciences,PMC7451694,crotonmacrostachyus,,,,,,,,,,93.3,,,,37.0,,3.5,,,31.4
PMC7451694,t2,Becium grandiflorum,Candida tropicans,fungal,MIC,,untreated,26.5,,%,,auto_A_t,The antimicrobial property of different mono-floral honeys as Minimum Inhibitory Concentration (MIC) that necessary to inhibit 100% of the microbial growth in vitro expressed as mean and standard devi,MIC,%,% (basis unspecified),False,False,False,"Physico-chemical, antioxidant and anti-microbial properties of some Ethiopian mono-floral honeys.",2020.0,10.1016/j.sjbs.2020.05.031,32884418.0,Saudi journal of biological sciences,PMC7451694,beciumgrandiflorum,,,,,,,,,,6.1,,,,12.4,,3.7,,,33.6
PMC7936102,t2,Chestnut,C. albicans,fungal,MIC,,untreated,50.0,,%,,auto_A_t,The minimum inhibitory concentrations (MICs) and minimum fungicidal/bactericidal concentrations (MFC/MBC) of different Portuguese honeys and manuka honey against  Candida  species (% w/v). ||  |  |  |,MIC,%w/v,%w/v,False,False,False,Portuguese honeys as antimicrobial agents against <i>Candida</i> species.,2021.0,10.1016/j.jtcme.2020.02.007,33728273.0,Journal of traditional and complementary medicine,PMC7936102,chestnut,,,,35.7,,,34.4,103.9,,,,,983.0,,,,,,
PMC7936102,t2,Chestnut,C. albicans,fungal,MBC,,untreated,50.0,,%,gt,auto_A_t,The minimum inhibitory concentrations (MICs) and minimum fungicidal/bactericidal concentrations (MFC/MBC) of different Portuguese honeys and manuka honey against  Candida  species (% w/v). ||  |  |  |,MBC,%w/v,%w/v,False,False,False,Portuguese honeys as antimicrobial agents against <i>Candida</i> species.,2021.0,10.1016/j.jtcme.2020.02.007,33728273.0,Journal of traditional and complementary medicine,PMC7936102,chestnut,,,,35.7,,,34.4,103.9,,,,,983.0,,,,,,
PMC7936102,t2,Eucalyptus,C. albicans,fungal,MIC,,untreated,50.0,,%,,auto_A_t,The minimum inhibitory concentrations (MICs) and minimum fungicidal/bactericidal concentrations (MFC/MBC) of different Portuguese honeys and manuka honey against  Candida  species (% w/v). ||  |  |  |,MIC,%w/v,%w/v,False,False,False,Portuguese honeys as antimicrobial agents against <i>Candida</i> species.,2021.0,10.1016/j.jtcme.2020.02.007,33728273.0,Journal of traditional and complementary medicine,PMC7936102,eucalyptus,,,,20.7,,,49.9,111.6,,,,,378.0,,,,,,
PMC7936102,t2,Eucalyptus,C. albicans,fungal,MBC,,untreated,50.0,,%,gt,auto_A_t,The minimum inhibitory concentrations (MICs) and minimum fungicidal/bactericidal concentrations (MFC/MBC) of different Portuguese honeys and manuka honey against  Candida  species (% w/v). ||  |  |  |,MBC,%w/v,%w/v,False,False,False,Portuguese honeys as antimicrobial agents against <i>Candida</i> species.,2021.0,10.1016/j.jtcme.2020.02.007,33728273.0,Journal of traditional and complementary medicine,PMC7936102,eucalyptus,,,,20.7,,,49.9,111.6,,,,,378.0,,,,,,
PMC7936102,t2,Rosemary,C. albicans,fungal,MIC,,untreated,50.0,,%,,auto_A_t,The minimum inhibitory concentrations (MICs) and minimum fungicidal/bactericidal concentrations (MFC/MBC) of different Portuguese honeys and manuka honey against  Candida  species (% w/v). ||  |  |  |,MIC,%w/v,%w/v,False,False,False,Portuguese honeys as antimicrobial agents against <i>Candida</i> species.,2021.0,10.1016/j.jtcme.2020.02.007,33728273.0,Journal of traditional and complementary medicine,PMC7936102,rosemary,,,,15.4,,,25.2,55.4,,,,,152.0,,,,,,
PMC7936102,t2,Rosemary,C. albicans,fungal,MBC,,untreated,50.0,,%,gt,auto_A_t,The minimum inhibitory concentrations (MICs) and minimum fungicidal/bactericidal concentrations (MFC/MBC) of different Portuguese honeys and manuka honey against  Candida  species (% w/v). ||  |  |  |,MBC,%w/v,%w/v,False,False,False,Portuguese honeys as antimicrobial agents against <i>Candida</i> species.,2021.0,10.1016/j.jtcme.2020.02.007,33728273.0,Journal of traditional and complementary medicine,PMC7936102,rosemary,,,,15.4,,,25.2,55.4,,,,,152.0,,,,,,
PMC7936102,t2,Heather,C. albicans,fungal,MIC,,untreated,50.0,,%,,auto_A_t,The minimum inhibitory concentrations (MICs) and minimum fungicidal/bactericidal concentrations (MFC/MBC) of different Portuguese honeys and manuka honey against  Candida  species (% w/v). ||  |  |  |,MIC,%w/v,%w/v,False,False,False,Portuguese honeys as antimicrobial agents against <i>Candida</i> species.,2021.0,10.1016/j.jtcme.2020.02.007,33728273.0,Journal of traditional and complementary medicine,PMC7936102,heather,,,,22.5,,,61.5,179.6,,,,,622.0,,,,,,
PMC7936102,t2,Heather,C. albicans,fungal,MBC,,untreated,50.0,,%,gt,auto_A_t,The minimum inhibitory concentrations (MICs) and minimum fungicidal/bactericidal concentrations (MFC/MBC) of different Portuguese honeys and manuka honey against  Candida  species (% w/v). ||  |  |  |,MBC,%w/v,%w/v,False,False,False,Portuguese honeys as antimicrobial agents against <i>Candida</i> species.,2021.0,10.1016/j.jtcme.2020.02.007,33728273.0,Journal of traditional and complementary medicine,PMC7936102,heather,,,,22.5,,,61.5,179.6,,,,,622.0,,,,,,
PMC7936102,t2,Manuka,C. albicans,fungal,MIC,,untreated,50.0,,%,,auto_A_t,The minimum inhibitory concentrations (MICs) and minimum fungicidal/bactericidal concentrations (MFC/MBC) of different Portuguese honeys and manuka honey against  Candida  species (% w/v). ||  |  |  |,MIC,%w/v,%w/v,True,False,False,Portuguese honeys as antimicrobial agents against <i>Candida</i> species.,2021.0,10.1016/j.jtcme.2020.02.007,33728273.0,Journal of traditional and complementary medicine,PMC7936102,manuka,,,,27.0,,,65.4,163.1,,,,,580.0,,,,,,
PMC7936102,t2,Manuka,C. albicans,fungal,MBC,,untreated,50.0,,%,,auto_A_t,The minimum inhibitory concentrations (MICs) and minimum fungicidal/bactericidal concentrations (MFC/MBC) of different Portuguese honeys and manuka honey against  Candida  species (% w/v). ||  |  |  |,MBC,%w/v,%w/v,True,False,False,Portuguese honeys as antimicrobial agents against <i>Candida</i> species.,2021.0,10.1016/j.jtcme.2020.02.007,33728273.0,Journal of traditional and complementary medicine,PMC7936102,manuka,,,,27.0,,,65.4,163.1,,,,,580.0,,,,,,
PMC7936102,t2,Chestnut,S. aureus,S. aureus,MBC,,untreated,25.0,,%,,auto_A_t,The minimum inhibitory concentrations (MICs) and minimum fungicidal/bactericidal concentrations (MFC/MBC) of different Portuguese honeys and manuka honey against  Candida  species (% w/v). ||  |  |  |,MBC,%w/v,%w/v,False,False,False,Portuguese honeys as antimicrobial agents against <i>Candida</i> species.,2021.0,10.1016/j.jtcme.2020.02.007,33728273.0,Journal of traditional and complementary medicine,PMC7936102,chestnut,,,,35.7,,,34.4,103.9,,,,,983.0,,,,,,
PMC7936102,t2,Eucalyptus,S. aureus,S. aureus,MIC,,untreated,25.0,,%,,auto_A_t,The minimum inhibitory concentrations (MICs) and minimum fungicidal/bactericidal concentrations (MFC/MBC) of different Portuguese honeys and manuka honey against  Candida  species (% w/v). ||  |  |  |,MIC,%w/v,%w/v,False,False,False,Portuguese honeys as antimicrobial agents against <i>Candida</i> species.,2021.0,10.1016/j.jtcme.2020.02.007,33728273.0,Journal of traditional and complementary medicine,PMC7936102,eucalyptus,,,,20.7,,,49.9,111.6,,,,,378.0,,,,,,
PMC7936102,t2,Eucalyptus,S. aureus,S. aureus,MBC,,untreated,50.0,,%,gt,auto_A_t,The minimum inhibitory concentrations (MICs) and minimum fungicidal/bactericidal concentrations (MFC/MBC) of different Portuguese honeys and manuka honey against  Candida  species (% w/v). ||  |  |  |,MBC,%w/v,%w/v,False,False,False,Portuguese honeys as antimicrobial agents against <i>Candida</i> species.,2021.0,10.1016/j.jtcme.2020.02.007,33728273.0,Journal of traditional and complementary medicine,PMC7936102,eucalyptus,,,,20.7,,,49.9,111.6,,,,,378.0,,,,,,
PMC7936102,t2,Rosemary,S. aureus,S. aureus,MIC,,untreated,12.5,,%,,auto_A_t,The minimum inhibitory concentrations (MICs) and minimum fungicidal/bactericidal concentrations (MFC/MBC) of different Portuguese honeys and manuka honey against  Candida  species (% w/v). ||  |  |  |,MIC,%w/v,%w/v,False,False,False,Portuguese honeys as antimicrobial agents against <i>Candida</i> species.,2021.0,10.1016/j.jtcme.2020.02.007,33728273.0,Journal of traditional and complementary medicine,PMC7936102,rosemary,,,,15.4,,,25.2,55.4,,,,,152.0,,,,,,
PMC7936102,t2,Rosemary,S. aureus,S. aureus,MBC,,untreated,25.0,,%,,auto_A_t,The minimum inhibitory concentrations (MICs) and minimum fungicidal/bactericidal concentrations (MFC/MBC) of different Portuguese honeys and manuka honey against  Candida  species (% w/v). ||  |  |  |,MBC,%w/v,%w/v,False,False,False,Portuguese honeys as antimicrobial agents against <i>Candida</i> species.,2021.0,10.1016/j.jtcme.2020.02.007,33728273.0,Journal of traditional and complementary medicine,PMC7936102,rosemary,,,,15.4,,,25.2,55.4,,,,,152.0,,,,,,
PMC7936102,t2,Heather,S. aureus,S. aureus,MIC,,untreated,12.5,,%,,auto_A_t,The minimum inhibitory concentrations (MICs) and minimum fungicidal/bactericidal concentrations (MFC/MBC) of different Portuguese honeys and manuka honey against  Candida  species (% w/v). ||  |  |  |,MIC,%w/v,%w/v,False,False,False,Portuguese honeys as antimicrobial agents against <i>Candida</i> species.,2021.0,10.1016/j.jtcme.2020.02.007,33728273.0,Journal of traditional and complementary medicine,PMC7936102,heather,,,,22.5,,,61.5,179.6,,,,,622.0,,,,,,
PMC7936102,t2,Heather,S. aureus,S. aureus,MBC,,untreated,25.0,,%,,auto_A_t,The minimum inhibitory concentrations (MICs) and minimum fungicidal/bactericidal concentrations (MFC/MBC) of different Portuguese honeys and manuka honey against  Candida  species (% w/v). ||  |  |  |,MBC,%w/v,%w/v,False,False,False,Portuguese honeys as antimicrobial agents against <i>Candida</i> species.,2021.0,10.1016/j.jtcme.2020.02.007,33728273.0,Journal of traditional and complementary medicine,PMC7936102,heather,,,,22.5,,,61.5,179.6,,,,,622.0,,,,,,
PMC7936102,t2,Manuka,S. aureus,S. aureus,MBC,,untreated,25.0,,%,,auto_A_t,The minimum inhibitory concentrations (MICs) and minimum fungicidal/bactericidal concentrations (MFC/MBC) of different Portuguese honeys and manuka honey against  Candida  species (% w/v). ||  |  |  |,MBC,%w/v,%w/v,True,False,False,Portuguese honeys as antimicrobial agents against <i>Candida</i> species.,2021.0,10.1016/j.jtcme.2020.02.007,33728273.0,Journal of traditional and complementary medicine,PMC7936102,manuka,,,,27.0,,,65.4,163.1,,,,,580.0,,,,,,
PMC7936102,t2,Chestnut,P. aeruginosa,P. aeruginosa,MIC,,untreated,25.0,,%,,auto_A_t,The minimum inhibitory concentrations (MICs) and minimum fungicidal/bactericidal concentrations (MFC/MBC) of different Portuguese honeys and manuka honey against  Candida  species (% w/v). ||  |  |  |,MIC,%w/v,%w/v,False,False,False,Portuguese honeys as antimicrobial agents against <i>Candida</i> species.,2021.0,10.1016/j.jtcme.2020.02.007,33728273.0,Journal of traditional and complementary medicine,PMC7936102,chestnut,,,,35.7,,,34.4,103.9,,,,,983.0,,,,,,
PMC7936102,t2,Chestnut,P. aeruginosa,P. aeruginosa,MBC,,untreated,38.0,,%,,auto_A_t,The minimum inhibitory concentrations (MICs) and minimum fungicidal/bactericidal concentrations (MFC/MBC) of different Portuguese honeys and manuka honey against  Candida  species (% w/v). ||  |  |  |,MBC,%w/v,%w/v,False,False,False,Portuguese honeys as antimicrobial agents against <i>Candida</i> species.,2021.0,10.1016/j.jtcme.2020.02.007,33728273.0,Journal of traditional and complementary medicine,PMC7936102,chestnut,,,,35.7,,,34.4,103.9,,,,,983.0,,,,,,
PMC7936102,t2,Eucalyptus,P. aeruginosa,P. aeruginosa,MIC,,untreated,25.0,,%,,auto_A_t,The minimum inhibitory concentrations (MICs) and minimum fungicidal/bactericidal concentrations (MFC/MBC) of different Portuguese honeys and manuka honey against  Candida  species (% w/v). ||  |  |  |,MIC,%w/v,%w/v,False,False,False,Portuguese honeys as antimicrobial agents against <i>Candida</i> species.,2021.0,10.1016/j.jtcme.2020.02.007,33728273.0,Journal of traditional and complementary medicine,PMC7936102,eucalyptus,,,,20.7,,,49.9,111.6,,,,,378.0,,,,,,
PMC7936102,t2,Eucalyptus,P. aeruginosa,P. aeruginosa,MBC,,untreated,38.0,,%,,auto_A_t,The minimum inhibitory concentrations (MICs) and minimum fungicidal/bactericidal concentrations (MFC/MBC) of different Portuguese honeys and manuka honey against  Candida  species (% w/v). ||  |  |  |,MBC,%w/v,%w/v,False,False,False,Portuguese honeys as antimicrobial agents against <i>Candida</i> species.,2021.0,10.1016/j.jtcme.2020.02.007,33728273.0,Journal of traditional and complementary medicine,PMC7936102,eucalyptus,,,,20.7,,,49.9,111.6,,,,,378.0,,,,,,
PMC7936102,t2,Rosemary,P. aeruginosa,P. aeruginosa,MIC,,untreated,25.0,,%,,auto_A_t,The minimum inhibitory concentrations (MICs) and minimum fungicidal/bactericidal concentrations (MFC/MBC) of different Portuguese honeys and manuka honey against  Candida  species (% w/v). ||  |  |  |,MIC,%w/v,%w/v,False,False,False,Portuguese honeys as antimicrobial agents against <i>Candida</i> species.,2021.0,10.1016/j.jtcme.2020.02.007,33728273.0,Journal of traditional and complementary medicine,PMC7936102,rosemary,,,,15.4,,,25.2,55.4,,,,,152.0,,,,,,
PMC7936102,t2,Rosemary,P. aeruginosa,P. aeruginosa,MBC,,untreated,25.0,,%,,auto_A_t,The minimum inhibitory concentrations (MICs) and minimum fungicidal/bactericidal concentrations (MFC/MBC) of different Portuguese honeys and manuka honey against  Candida  species (% w/v). ||  |  |  |,MBC,%w/v,%w/v,False,False,False,Portuguese honeys as antimicrobial agents against <i>Candida</i> species.,2021.0,10.1016/j.jtcme.2020.02.007,33728273.0,Journal of traditional and complementary medicine,PMC7936102,rosemary,,,,15.4,,,25.2,55.4,,,,,152.0,,,,,,
PMC7936102,t2,Heather,P. aeruginosa,P. aeruginosa,MIC,,untreated,12.5,,%,,auto_A_t,The minimum inhibitory concentrations (MICs) and minimum fungicidal/bactericidal concentrations (MFC/MBC) of different Portuguese honeys and manuka honey against  Candida  species (% w/v). ||  |  |  |,MIC,%w/v,%w/v,False,False,False,Portuguese honeys as antimicrobial agents against <i>Candida</i> species.,2021.0,10.1016/j.jtcme.2020.02.007,33728273.0,Journal of traditional and complementary medicine,PMC7936102,heather,,,,22.5,,,61.5,179.6,,,,,622.0,,,,,,
PMC7936102,t2,Heather,P. aeruginosa,P. aeruginosa,MBC,,untreated,25.0,,%,,auto_A_t,The minimum inhibitory concentrations (MICs) and minimum fungicidal/bactericidal concentrations (MFC/MBC) of different Portuguese honeys and manuka honey against  Candida  species (% w/v). ||  |  |  |,MBC,%w/v,%w/v,False,False,False,Portuguese honeys as antimicrobial agents against <i>Candida</i> species.,2021.0,10.1016/j.jtcme.2020.02.007,33728273.0,Journal of traditional and complementary medicine,PMC7936102,heather,,,,22.5,,,61.5,179.6,,,,,622.0,,,,,,
PMC7936102,t2,Manuka,P. aeruginosa,P. aeruginosa,MIC,,untreated,12.5,,%,,auto_A_t,The minimum inhibitory concentrations (MICs) and minimum fungicidal/bactericidal concentrations (MFC/MBC) of different Portuguese honeys and manuka honey against  Candida  species (% w/v). ||  |  |  |,MIC,%w/v,%w/v,True,False,False,Portuguese honeys as antimicrobial agents against <i>Candida</i> species.,2021.0,10.1016/j.jtcme.2020.02.007,33728273.0,Journal of traditional and complementary medicine,PMC7936102,manuka,,,,27.0,,,65.4,163.1,,,,,580.0,,,,,,
PMC7936102,t2,Manuka,P. aeruginosa,P. aeruginosa,MBC,,untreated,25.0,,%,,auto_A_t,The minimum inhibitory concentrations (MICs) and minimum fungicidal/bactericidal concentrations (MFC/MBC) of different Portuguese honeys and manuka honey against  Candida  species (% w/v). ||  |  |  |,MBC,%w/v,%w/v,True,False,False,Portuguese honeys as antimicrobial agents against <i>Candida</i> species.,2021.0,10.1016/j.jtcme.2020.02.007,33728273.0,Journal of traditional and complementary medicine,PMC7936102,manuka,,,,27.0,,,65.4,163.1,,,,,580.0,,,,,,
PMC8234392,t1,1,S. Typhimurium,Salmonella,MIC,,untreated,25.0,,%,gt,auto_A,MIC and MBC of each honey against  S . Typhimurium and  S. aureus  as determined by the broth microdilution and agar spot methods. The MIC and MBC of glucose syrup (82%  v/v ) used as a negative antim,MIC,%,% (basis unspecified),False,False,False,Comparing the Antimicrobial Actions of Greek Honeys from the Island of Lemnos and Manuka Honey from New Zealand against Clinically Important Bacteria.,2021.0,10.3390/foods10061402,34204325.0,"Foods (Basel, Switzerland)",PMC8234392,1,,,,,25.71,,,,0.574,,,15.45,,,,,,,
PMC8234392,t1,1,S. aureus,S. aureus,MIC,,untreated,25.0,,%,gt,auto_A,MIC and MBC of each honey against  S . Typhimurium and  S. aureus  as determined by the broth microdilution and agar spot methods. The MIC and MBC of glucose syrup (82%  v/v ) used as a negative antim,MIC,%,% (basis unspecified),False,False,False,Comparing the Antimicrobial Actions of Greek Honeys from the Island of Lemnos and Manuka Honey from New Zealand against Clinically Important Bacteria.,2021.0,10.3390/foods10061402,34204325.0,"Foods (Basel, Switzerland)",PMC8234392,1,,,,,25.71,,,,0.574,,,15.45,,,,,,,
PMC8234392,t1,2,S. Typhimurium,Salmonella,MIC,,untreated,12.5,,%,,auto_A,MIC and MBC of each honey against  S . Typhimurium and  S. aureus  as determined by the broth microdilution and agar spot methods. The MIC and MBC of glucose syrup (82%  v/v ) used as a negative antim,MIC,%,% (basis unspecified),False,False,False,Comparing the Antimicrobial Actions of Greek Honeys from the Island of Lemnos and Manuka Honey from New Zealand against Clinically Important Bacteria.,2021.0,10.3390/foods10061402,34204325.0,"Foods (Basel, Switzerland)",PMC8234392,2,,,,,28.56,,,,0.587,,,14.61,,,,,,,
PMC8234392,t1,2,S. aureus,S. aureus,MIC,,untreated,12.5,,%,,auto_A,MIC and MBC of each honey against  S . Typhimurium and  S. aureus  as determined by the broth microdilution and agar spot methods. The MIC and MBC of glucose syrup (82%  v/v ) used as a negative antim,MIC,%,% (basis unspecified),False,False,False,Comparing the Antimicrobial Actions of Greek Honeys from the Island of Lemnos and Manuka Honey from New Zealand against Clinically Important Bacteria.,2021.0,10.3390/foods10061402,34204325.0,"Foods (Basel, Switzerland)",PMC8234392,2,,,,,28.56,,,,0.587,,,14.61,,,,,,,
PMC8234392,t1,3,S. Typhimurium,Salmonella,MIC,,untreated,25.0,,%,gt,auto_A,MIC and MBC of each honey against  S . Typhimurium and  S. aureus  as determined by the broth microdilution and agar spot methods. The MIC and MBC of glucose syrup (82%  v/v ) used as a negative antim,MIC,%,% (basis unspecified),False,False,False,Comparing the Antimicrobial Actions of Greek Honeys from the Island of Lemnos and Manuka Honey from New Zealand against Clinically Important Bacteria.,2021.0,10.3390/foods10061402,34204325.0,"Foods (Basel, Switzerland)",PMC8234392,3,,,,,25.08,,,,0.568,,,15.9,,,,,,,
PMC8234392,t1,3,S. aureus,S. aureus,MIC,,untreated,25.0,,%,gt,auto_A,MIC and MBC of each honey against  S . Typhimurium and  S. aureus  as determined by the broth microdilution and agar spot methods. The MIC and MBC of glucose syrup (82%  v/v ) used as a negative antim,MIC,%,% (basis unspecified),False,False,False,Comparing the Antimicrobial Actions of Greek Honeys from the Island of Lemnos and Manuka Honey from New Zealand against Clinically Important Bacteria.,2021.0,10.3390/foods10061402,34204325.0,"Foods (Basel, Switzerland)",PMC8234392,3,,,,,25.08,,,,0.568,,,15.9,,,,,,,
PMC8234392,t1,4,S. Typhimurium,Salmonella,MIC,,untreated,25.0,,%,,auto_A,MIC and MBC of each honey against  S . Typhimurium and  S. aureus  as determined by the broth microdilution and agar spot methods. The MIC and MBC of glucose syrup (82%  v/v ) used as a negative antim,MIC,%,% (basis unspecified),False,False,False,Comparing the Antimicrobial Actions of Greek Honeys from the Island of Lemnos and Manuka Honey from New Zealand against Clinically Important Bacteria.,2021.0,10.3390/foods10061402,34204325.0,"Foods (Basel, Switzerland)",PMC8234392,4,,,,,19.22,,,,0.574,,,18.79,,,,,,,
PMC8234392,t1,4,S. aureus,S. aureus,MIC,,untreated,25.0,,%,,auto_A,MIC and MBC of each honey against  S . Typhimurium and  S. aureus  as determined by the broth microdilution and agar spot methods. The MIC and MBC of glucose syrup (82%  v/v ) used as a negative antim,MIC,%,% (basis unspecified),False,False,False,Comparing the Antimicrobial Actions of Greek Honeys from the Island of Lemnos and Manuka Honey from New Zealand against Clinically Important Bacteria.,2021.0,10.3390/foods10061402,34204325.0,"Foods (Basel, Switzerland)",PMC8234392,4,,,,,19.22,,,,0.574,,,18.79,,,,,,,
PMC8234392,t1,5,S. Typhimurium,Salmonella,MIC,,untreated,25.0,,%,gt,auto_A,MIC and MBC of each honey against  S . Typhimurium and  S. aureus  as determined by the broth microdilution and agar spot methods. The MIC and MBC of glucose syrup (82%  v/v ) used as a negative antim,MIC,%,% (basis unspecified),False,False,False,Comparing the Antimicrobial Actions of Greek Honeys from the Island of Lemnos and Manuka Honey from New Zealand against Clinically Important Bacteria.,2021.0,10.3390/foods10061402,34204325.0,"Foods (Basel, Switzerland)",PMC8234392,5,,,,,20.74,,,,0.597,,,20.11,,,,,,,
PMC8234392,t1,5,S. aureus,S. aureus,MIC,,untreated,25.0,,%,gt,auto_A,MIC and MBC of each honey against  S . Typhimurium and  S. aureus  as determined by the broth microdilution and agar spot methods. The MIC and MBC of glucose syrup (82%  v/v ) used as a negative antim,MIC,%,% (basis unspecified),False,False,False,Comparing the Antimicrobial Actions of Greek Honeys from the Island of Lemnos and Manuka Honey from New Zealand against Clinically Important Bacteria.,2021.0,10.3390/foods10061402,34204325.0,"Foods (Basel, Switzerland)",PMC8234392,5,,,,,20.74,,,,0.597,,,20.11,,,,,,,
PMC8234392,t1,6,S. Typhimurium,Salmonella,MIC,,untreated,25.0,,%,gt,auto_A,MIC and MBC of each honey against  S . Typhimurium and  S. aureus  as determined by the broth microdilution and agar spot methods. The MIC and MBC of glucose syrup (82%  v/v ) used as a negative antim,MIC,%,% (basis unspecified),False,False,False,Comparing the Antimicrobial Actions of Greek Honeys from the Island of Lemnos and Manuka Honey from New Zealand against Clinically Important Bacteria.,2021.0,10.3390/foods10061402,34204325.0,"Foods (Basel, Switzerland)",PMC8234392,6,,,,,24.52,,,,0.551,,,13.6,,,,,,,
PMC8234392,t1,6,S. aureus,S. aureus,MIC,,untreated,25.0,,%,,auto_A,MIC and MBC of each honey against  S . Typhimurium and  S. aureus  as determined by the broth microdilution and agar spot methods. The MIC and MBC of glucose syrup (82%  v/v ) used as a negative antim,MIC,%,% (basis unspecified),False,False,False,Comparing the Antimicrobial Actions of Greek Honeys from the Island of Lemnos and Manuka Honey from New Zealand against Clinically Important Bacteria.,2021.0,10.3390/foods10061402,34204325.0,"Foods (Basel, Switzerland)",PMC8234392,6,,,,,24.52,,,,0.551,,,13.6,,,,,,,
PMC8234392,t1,7,S. Typhimurium,Salmonella,MIC,,untreated,25.0,,%,,auto_A,MIC and MBC of each honey against  S . Typhimurium and  S. aureus  as determined by the broth microdilution and agar spot methods. The MIC and MBC of glucose syrup (82%  v/v ) used as a negative antim,MIC,%,% (basis unspecified),False,False,False,Comparing the Antimicrobial Actions of Greek Honeys from the Island of Lemnos and Manuka Honey from New Zealand against Clinically Important Bacteria.,2021.0,10.3390/foods10061402,34204325.0,"Foods (Basel, Switzerland)",PMC8234392,7,,,,,10.2,,,,0.57,,,32.09,,,,,,,
PMC8234392,t1,7,S. aureus,S. aureus,MIC,,untreated,25.0,,%,,auto_A,MIC and MBC of each honey against  S . Typhimurium and  S. aureus  as determined by the broth microdilution and agar spot methods. The MIC and MBC of glucose syrup (82%  v/v ) used as a negative antim,MIC,%,% (basis unspecified),False,False,False,Comparing the Antimicrobial Actions of Greek Honeys from the Island of Lemnos and Manuka Honey from New Zealand against Clinically Important Bacteria.,2021.0,10.3390/foods10061402,34204325.0,"Foods (Basel, Switzerland)",PMC8234392,7,,,,,10.2,,,,0.57,,,32.09,,,,,,,
PMC8234392,t1,8,S. Typhimurium,Salmonella,MIC,,untreated,25.0,,%,,auto_A,MIC and MBC of each honey against  S . Typhimurium and  S. aureus  as determined by the broth microdilution and agar spot methods. The MIC and MBC of glucose syrup (82%  v/v ) used as a negative antim,MIC,%,% (basis unspecified),False,False,False,Comparing the Antimicrobial Actions of Greek Honeys from the Island of Lemnos and Manuka Honey from New Zealand against Clinically Important Bacteria.,2021.0,10.3390/foods10061402,34204325.0,"Foods (Basel, Switzerland)",PMC8234392,8,,,,,15.47,,,,0.604,,,28.55,,,,,,,
PMC8234392,t1,8,S. aureus,S. aureus,MIC,,untreated,25.0,,%,,auto_A,MIC and MBC of each honey against  S . Typhimurium and  S. aureus  as determined by the broth microdilution and agar spot methods. The MIC and MBC of glucose syrup (82%  v/v ) used as a negative antim,MIC,%,% (basis unspecified),False,False,False,Comparing the Antimicrobial Actions of Greek Honeys from the Island of Lemnos and Manuka Honey from New Zealand against Clinically Important Bacteria.,2021.0,10.3390/foods10061402,34204325.0,"Foods (Basel, Switzerland)",PMC8234392,8,,,,,15.47,,,,0.604,,,28.55,,,,,,,
PMC8234392,t1,9,S. Typhimurium,Salmonella,MIC,,untreated,25.0,,%,gt,auto_A,MIC and MBC of each honey against  S . Typhimurium and  S. aureus  as determined by the broth microdilution and agar spot methods. The MIC and MBC of glucose syrup (82%  v/v ) used as a negative antim,MIC,%,% (basis unspecified),False,False,False,Comparing the Antimicrobial Actions of Greek Honeys from the Island of Lemnos and Manuka Honey from New Zealand against Clinically Important Bacteria.,2021.0,10.3390/foods10061402,34204325.0,"Foods (Basel, Switzerland)",PMC8234392,9,,,,,16.42,,,,0.627,,,19.03,,,,,,,
PMC8234392,t1,9,S. aureus,S. aureus,MIC,,untreated,25.0,,%,,auto_A,MIC and MBC of each honey against  S . Typhimurium and  S. aureus  as determined by the broth microdilution and agar spot methods. The MIC and MBC of glucose syrup (82%  v/v ) used as a negative antim,MIC,%,% (basis unspecified),False,False,False,Comparing the Antimicrobial Actions of Greek Honeys from the Island of Lemnos and Manuka Honey from New Zealand against Clinically Important Bacteria.,2021.0,10.3390/foods10061402,34204325.0,"Foods (Basel, Switzerland)",PMC8234392,9,,,,,16.42,,,,0.627,,,19.03,,,,,,,
PMC8234392,t1,10,S. Typhimurium,Salmonella,MIC,,untreated,25.0,,%,gt,auto_A,MIC and MBC of each honey against  S . Typhimurium and  S. aureus  as determined by the broth microdilution and agar spot methods. The MIC and MBC of glucose syrup (82%  v/v ) used as a negative antim,MIC,%,% (basis unspecified),False,False,False,Comparing the Antimicrobial Actions of Greek Honeys from the Island of Lemnos and Manuka Honey from New Zealand against Clinically Important Bacteria.,2021.0,10.3390/foods10061402,34204325.0,"Foods (Basel, Switzerland)",PMC8234392,10,,,,,,,,,0.731,,,,,,,,,,
PMC8234392,t1,10,S. aureus,S. aureus,MIC,,untreated,25.0,,%,gt,auto_A,MIC and MBC of each honey against  S . Typhimurium and  S. aureus  as determined by the broth microdilution and agar spot methods. The MIC and MBC of glucose syrup (82%  v/v ) used as a negative antim,MIC,%,% (basis unspecified),False,False,False,Comparing the Antimicrobial Actions of Greek Honeys from the Island of Lemnos and Manuka Honey from New Zealand against Clinically Important Bacteria.,2021.0,10.3390/foods10061402,34204325.0,"Foods (Basel, Switzerland)",PMC8234392,10,,,,,,,,,0.731,,,,,,,,,,
PMC8868498,t1,HS 1,S. Typhimurium,Salmonella,MIC,,untreated,150.0,,mg/mL,,auto_A,Minimum inhibitory concentration (MIC) and minimum bactericidal concentration (MBC) of fir honeydew honey ( Abies alba  Mill.; HS 1–3) against  Salmonella enterica  serotype Typhimurium and  Lactiplan,MIC,mg/mL,mass,False,False,False,Combined Inhibitory Effect of Fir (<i>Abies alba</i> Mill.) Honeydew Honey and Probiotic Bacteria <i>Lactiplantibacillus plantarum</i> on the Growth of <i>Salmonella enterica</i> Serotype Typhimurium.,2022.0,10.3390/antibiotics11020145,35203748.0,"Antibiotics (Basel, Switzerland)",PMC8868498,hs1,,,,,,,,231.0,,,,,1.22,,,,,,23.15
PMC8868498,t1,HS 2,S. Typhimurium,Salmonella,MIC,,untreated,125.0,,mg/mL,,auto_A,Minimum inhibitory concentration (MIC) and minimum bactericidal concentration (MBC) of fir honeydew honey ( Abies alba  Mill.; HS 1–3) against  Salmonella enterica  serotype Typhimurium and  Lactiplan,MIC,mg/mL,mass,False,False,False,Combined Inhibitory Effect of Fir (<i>Abies alba</i> Mill.) Honeydew Honey and Probiotic Bacteria <i>Lactiplantibacillus plantarum</i> on the Growth of <i>Salmonella enterica</i> Serotype Typhimurium.,2022.0,10.3390/antibiotics11020145,35203748.0,"Antibiotics (Basel, Switzerland)",PMC8868498,hs2,,,,,,,,228.0,,,,,1.17,,,,,,24.08
PMC8868498,t1,HS 3,S. Typhimurium,Salmonella,MIC,,untreated,125.0,,mg/mL,,auto_A,Minimum inhibitory concentration (MIC) and minimum bactericidal concentration (MBC) of fir honeydew honey ( Abies alba  Mill.; HS 1–3) against  Salmonella enterica  serotype Typhimurium and  Lactiplan,MIC,mg/mL,mass,False,False,False,Combined Inhibitory Effect of Fir (<i>Abies alba</i> Mill.) Honeydew Honey and Probiotic Bacteria <i>Lactiplantibacillus plantarum</i> on the Growth of <i>Salmonella enterica</i> Serotype Typhimurium.,2022.0,10.3390/antibiotics11020145,35203748.0,"Antibiotics (Basel, Switzerland)",PMC8868498,hs3,,,,,,,,225.0,,,,,1.22,,,,,,23.45
PMC9219755,t3,Acacia 1,Escherichia coli,E. coli,MIC,,untreated,25.0,,%,,auto_A,"Minimum inhibitory concentrations (MIC, %) of different types of honey against tested strains of  Escherichia coli  (ATCC 8739),  Escherichia coli ,  Proteus mirabilis ,  Staphylococcus aureus  (ATCC ",MIC,%,% (basis unspecified),False,False,False,"Antioxidative, Antibacterial and Antiproliferative Properties of Honey Types from the Western Balkans.",2022.0,10.3390/antiox11061120,35740017.0,"Antioxidants (Basel, Switzerland)",PMC9219755,acacia1,,,,,4.02,,,,,,,,136.0,13.8,17.3,3.9,,,
PMC9219755,t3,Acacia 1,Proteus Mirabilis,Proteus,MIC,,untreated,25.0,,%,,auto_A,"Minimum inhibitory concentrations (MIC, %) of different types of honey against tested strains of  Escherichia coli  (ATCC 8739),  Escherichia coli ,  Proteus mirabilis ,  Staphylococcus aureus  (ATCC ",MIC,%,% (basis unspecified),False,False,False,"Antioxidative, Antibacterial and Antiproliferative Properties of Honey Types from the Western Balkans.",2022.0,10.3390/antiox11061120,35740017.0,"Antioxidants (Basel, Switzerland)",PMC9219755,acacia1,,,,,4.02,,,,,,,,136.0,13.8,17.3,3.9,,,
PMC9219755,t3,Acacia 1,Staphylococcus Aureus(ATCC 25923),S. aureus,MIC,,untreated,25.0,,%,,auto_A,"Minimum inhibitory concentrations (MIC, %) of different types of honey against tested strains of  Escherichia coli  (ATCC 8739),  Escherichia coli ,  Proteus mirabilis ,  Staphylococcus aureus  (ATCC ",MIC,%,% (basis unspecified),False,False,False,"Antioxidative, Antibacterial and Antiproliferative Properties of Honey Types from the Western Balkans.",2022.0,10.3390/antiox11061120,35740017.0,"Antioxidants (Basel, Switzerland)",PMC9219755,acacia1,,,,,4.02,,,,,,,,136.0,13.8,17.3,3.9,,,
PMC9219755,t3,Acacia 1,Staphylococcus Epidermidis,S. epidermidis,MIC,,untreated,25.0,,%,,auto_A,"Minimum inhibitory concentrations (MIC, %) of different types of honey against tested strains of  Escherichia coli  (ATCC 8739),  Escherichia coli ,  Proteus mirabilis ,  Staphylococcus aureus  (ATCC ",MIC,%,% (basis unspecified),False,False,False,"Antioxidative, Antibacterial and Antiproliferative Properties of Honey Types from the Western Balkans.",2022.0,10.3390/antiox11061120,35740017.0,"Antioxidants (Basel, Switzerland)",PMC9219755,acacia1,,,,,4.02,,,,,,,,136.0,13.8,17.3,3.9,,,
PMC9219755,t3,Acacia 1,Enterococcus Faecalis(ATCC 29212),E. faecalis,MIC,,untreated,12.5,,%,,auto_A,"Minimum inhibitory concentrations (MIC, %) of different types of honey against tested strains of  Escherichia coli  (ATCC 8739),  Escherichia coli ,  Proteus mirabilis ,  Staphylococcus aureus  (ATCC ",MIC,%,% (basis unspecified),False,False,False,"Antioxidative, Antibacterial and Antiproliferative Properties of Honey Types from the Western Balkans.",2022.0,10.3390/antiox11061120,35740017.0,"Antioxidants (Basel, Switzerland)",PMC9219755,acacia1,,,,,4.02,,,,,,,,136.0,13.8,17.3,3.9,,,
PMC9219755,t3,Acacia 2,Escherichia coli,E. coli,MIC,,untreated,25.0,,%,,auto_A,"Minimum inhibitory concentrations (MIC, %) of different types of honey against tested strains of  Escherichia coli  (ATCC 8739),  Escherichia coli ,  Proteus mirabilis ,  Staphylococcus aureus  (ATCC ",MIC,%,% (basis unspecified),False,False,False,"Antioxidative, Antibacterial and Antiproliferative Properties of Honey Types from the Western Balkans.",2022.0,10.3390/antiox11061120,35740017.0,"Antioxidants (Basel, Switzerland)",PMC9219755,acacia2,,,,,3.23,,,,,,,,114.0,16.3,16.4,4.51,,,
PMC9219755,t3,Acacia 2,Proteus Mirabilis,Proteus,MIC,,untreated,25.0,,%,,auto_A,"Minimum inhibitory concentrations (MIC, %) of different types of honey against tested strains of  Escherichia coli  (ATCC 8739),  Escherichia coli ,  Proteus mirabilis ,  Staphylococcus aureus  (ATCC ",MIC,%,% (basis unspecified),False,False,False,"Antioxidative, Antibacterial and Antiproliferative Properties of Honey Types from the Western Balkans.",2022.0,10.3390/antiox11061120,35740017.0,"Antioxidants (Basel, Switzerland)",PMC9219755,acacia2,,,,,3.23,,,,,,,,114.0,16.3,16.4,4.51,,,
PMC9219755,t3,Acacia 2,Staphylococcus Aureus(ATCC 25923),S. aureus,MIC,,untreated,25.0,,%,,auto_A,"Minimum inhibitory concentrations (MIC, %) of different types of honey against tested strains of  Escherichia coli  (ATCC 8739),  Escherichia coli ,  Proteus mirabilis ,  Staphylococcus aureus  (ATCC ",MIC,%,% (basis unspecified),False,False,False,"Antioxidative, Antibacterial and Antiproliferative Properties of Honey Types from the Western Balkans.",2022.0,10.3390/antiox11061120,35740017.0,"Antioxidants (Basel, Switzerland)",PMC9219755,acacia2,,,,,3.23,,,,,,,,114.0,16.3,16.4,4.51,,,
PMC9219755,t3,Acacia 2,Staphylococcus Epidermidis,S. epidermidis,MIC,,untreated,12.5,,%,,auto_A,"Minimum inhibitory concentrations (MIC, %) of different types of honey against tested strains of  Escherichia coli  (ATCC 8739),  Escherichia coli ,  Proteus mirabilis ,  Staphylococcus aureus  (ATCC ",MIC,%,% (basis unspecified),False,False,False,"Antioxidative, Antibacterial and Antiproliferative Properties of Honey Types from the Western Balkans.",2022.0,10.3390/antiox11061120,35740017.0,"Antioxidants (Basel, Switzerland)",PMC9219755,acacia2,,,,,3.23,,,,,,,,114.0,16.3,16.4,4.51,,,
PMC9219755,t3,Acacia 2,Enterococcus Faecalis(ATCC 29212),E. faecalis,MIC,,untreated,25.0,,%,,auto_A,"Minimum inhibitory concentrations (MIC, %) of different types of honey against tested strains of  Escherichia coli  (ATCC 8739),  Escherichia coli ,  Proteus mirabilis ,  Staphylococcus aureus  (ATCC ",MIC,%,% (basis unspecified),False,False,False,"Antioxidative, Antibacterial and Antiproliferative Properties of Honey Types from the Western Balkans.",2022.0,10.3390/antiox11061120,35740017.0,"Antioxidants (Basel, Switzerland)",PMC9219755,acacia2,,,,,3.23,,,,,,,,114.0,16.3,16.4,4.51,,,
PMC9219755,t3,Linden 1,Escherichia coli,E. coli,MIC,,untreated,25.0,,%,,auto_A,"Minimum inhibitory concentrations (MIC, %) of different types of honey against tested strains of  Escherichia coli  (ATCC 8739),  Escherichia coli ,  Proteus mirabilis ,  Staphylococcus aureus  (ATCC ",MIC,%,% (basis unspecified),False,False,False,"Antioxidative, Antibacterial and Antiproliferative Properties of Honey Types from the Western Balkans.",2022.0,10.3390/antiox11061120,35740017.0,"Antioxidants (Basel, Switzerland)",PMC9219755,linden1,,,,,7.04,,,,,,,,488.0,16.1,15.8,4.62,,,
PMC9219755,t3,Linden 1,Proteus Mirabilis,Proteus,MIC,,untreated,25.0,,%,,auto_A,"Minimum inhibitory concentrations (MIC, %) of different types of honey against tested strains of  Escherichia coli  (ATCC 8739),  Escherichia coli ,  Proteus mirabilis ,  Staphylococcus aureus  (ATCC ",MIC,%,% (basis unspecified),False,False,False,"Antioxidative, Antibacterial and Antiproliferative Properties of Honey Types from the Western Balkans.",2022.0,10.3390/antiox11061120,35740017.0,"Antioxidants (Basel, Switzerland)",PMC9219755,linden1,,,,,7.04,,,,,,,,488.0,16.1,15.8,4.62,,,
PMC9219755,t3,Linden 1,Staphylococcus Aureus(ATCC 25923),S. aureus,MIC,,untreated,12.5,,%,,auto_A,"Minimum inhibitory concentrations (MIC, %) of different types of honey against tested strains of  Escherichia coli  (ATCC 8739),  Escherichia coli ,  Proteus mirabilis ,  Staphylococcus aureus  (ATCC ",MIC,%,% (basis unspecified),False,False,False,"Antioxidative, Antibacterial and Antiproliferative Properties of Honey Types from the Western Balkans.",2022.0,10.3390/antiox11061120,35740017.0,"Antioxidants (Basel, Switzerland)",PMC9219755,linden1,,,,,7.04,,,,,,,,488.0,16.1,15.8,4.62,,,
PMC9219755,t3,Linden 1,Staphylococcus Epidermidis,S. epidermidis,MIC,,untreated,3.12,,%,,auto_A,"Minimum inhibitory concentrations (MIC, %) of different types of honey against tested strains of  Escherichia coli  (ATCC 8739),  Escherichia coli ,  Proteus mirabilis ,  Staphylococcus aureus  (ATCC ",MIC,%,% (basis unspecified),False,False,False,"Antioxidative, Antibacterial and Antiproliferative Properties of Honey Types from the Western Balkans.",2022.0,10.3390/antiox11061120,35740017.0,"Antioxidants (Basel, Switzerland)",PMC9219755,linden1,,,,,7.04,,,,,,,,488.0,16.1,15.8,4.62,,,
PMC9219755,t3,Linden 1,Enterococcus Faecalis(ATCC 29212),E. faecalis,MIC,,untreated,6.25,,%,,auto_A,"Minimum inhibitory concentrations (MIC, %) of different types of honey against tested strains of  Escherichia coli  (ATCC 8739),  Escherichia coli ,  Proteus mirabilis ,  Staphylococcus aureus  (ATCC ",MIC,%,% (basis unspecified),False,False,False,"Antioxidative, Antibacterial and Antiproliferative Properties of Honey Types from the Western Balkans.",2022.0,10.3390/antiox11061120,35740017.0,"Antioxidants (Basel, Switzerland)",PMC9219755,linden1,,,,,7.04,,,,,,,,488.0,16.1,15.8,4.62,,,
PMC9219755,t3,Linden 2,Escherichia coli,E. coli,MIC,,untreated,25.0,,%,,auto_A,"Minimum inhibitory concentrations (MIC, %) of different types of honey against tested strains of  Escherichia coli  (ATCC 8739),  Escherichia coli ,  Proteus mirabilis ,  Staphylococcus aureus  (ATCC ",MIC,%,% (basis unspecified),False,False,False,"Antioxidative, Antibacterial and Antiproliferative Properties of Honey Types from the Western Balkans.",2022.0,10.3390/antiox11061120,35740017.0,"Antioxidants (Basel, Switzerland)",PMC9219755,linden2,,,,,5.46,,,,,,,,608.0,14.5,17.1,4.72,,,
PMC9219755,t3,Linden 2,Proteus Mirabilis,Proteus,MIC,,untreated,25.0,,%,,auto_A,"Minimum inhibitory concentrations (MIC, %) of different types of honey against tested strains of  Escherichia coli  (ATCC 8739),  Escherichia coli ,  Proteus mirabilis ,  Staphylococcus aureus  (ATCC ",MIC,%,% (basis unspecified),False,False,False,"Antioxidative, Antibacterial and Antiproliferative Properties of Honey Types from the Western Balkans.",2022.0,10.3390/antiox11061120,35740017.0,"Antioxidants (Basel, Switzerland)",PMC9219755,linden2,,,,,5.46,,,,,,,,608.0,14.5,17.1,4.72,,,
PMC9219755,t3,Linden 2,Staphylococcus Aureus(ATCC 25923),S. aureus,MIC,,untreated,12.5,,%,,auto_A,"Minimum inhibitory concentrations (MIC, %) of different types of honey against tested strains of  Escherichia coli  (ATCC 8739),  Escherichia coli ,  Proteus mirabilis ,  Staphylococcus aureus  (ATCC ",MIC,%,% (basis unspecified),False,False,False,"Antioxidative, Antibacterial and Antiproliferative Properties of Honey Types from the Western Balkans.",2022.0,10.3390/antiox11061120,35740017.0,"Antioxidants (Basel, Switzerland)",PMC9219755,linden2,,,,,5.46,,,,,,,,608.0,14.5,17.1,4.72,,,
PMC9219755,t3,Linden 2,Staphylococcus Epidermidis,S. epidermidis,MIC,,untreated,12.5,,%,,auto_A,"Minimum inhibitory concentrations (MIC, %) of different types of honey against tested strains of  Escherichia coli  (ATCC 8739),  Escherichia coli ,  Proteus mirabilis ,  Staphylococcus aureus  (ATCC ",MIC,%,% (basis unspecified),False,False,False,"Antioxidative, Antibacterial and Antiproliferative Properties of Honey Types from the Western Balkans.",2022.0,10.3390/antiox11061120,35740017.0,"Antioxidants (Basel, Switzerland)",PMC9219755,linden2,,,,,5.46,,,,,,,,608.0,14.5,17.1,4.72,,,
PMC9219755,t3,Linden 2,Enterococcus Faecalis(ATCC 29212),E. faecalis,MIC,,untreated,12.5,,%,,auto_A,"Minimum inhibitory concentrations (MIC, %) of different types of honey against tested strains of  Escherichia coli  (ATCC 8739),  Escherichia coli ,  Proteus mirabilis ,  Staphylococcus aureus  (ATCC ",MIC,%,% (basis unspecified),False,False,False,"Antioxidative, Antibacterial and Antiproliferative Properties of Honey Types from the Western Balkans.",2022.0,10.3390/antiox11061120,35740017.0,"Antioxidants (Basel, Switzerland)",PMC9219755,linden2,,,,,5.46,,,,,,,,608.0,14.5,17.1,4.72,,,
PMC9219755,t3,Heather 1,Escherichia coli,E. coli,MIC,,untreated,25.0,,%,,auto_A,"Minimum inhibitory concentrations (MIC, %) of different types of honey against tested strains of  Escherichia coli  (ATCC 8739),  Escherichia coli ,  Proteus mirabilis ,  Staphylococcus aureus  (ATCC ",MIC,%,% (basis unspecified),False,False,False,"Antioxidative, Antibacterial and Antiproliferative Properties of Honey Types from the Western Balkans.",2022.0,10.3390/antiox11061120,35740017.0,"Antioxidants (Basel, Switzerland)",PMC9219755,heather1,,,,,5.41,,,,,,,,834.0,39.2,16.7,4.32,,,
PMC9219755,t3,Heather 1,Proteus Mirabilis,Proteus,MIC,,untreated,25.0,,%,,auto_A,"Minimum inhibitory concentrations (MIC, %) of different types of honey against tested strains of  Escherichia coli  (ATCC 8739),  Escherichia coli ,  Proteus mirabilis ,  Staphylococcus aureus  (ATCC ",MIC,%,% (basis unspecified),False,False,False,"Antioxidative, Antibacterial and Antiproliferative Properties of Honey Types from the Western Balkans.",2022.0,10.3390/antiox11061120,35740017.0,"Antioxidants (Basel, Switzerland)",PMC9219755,heather1,,,,,5.41,,,,,,,,834.0,39.2,16.7,4.32,,,
PMC9219755,t3,Heather 1,Staphylococcus Aureus(ATCC 25923),S. aureus,MIC,,untreated,12.5,,%,,auto_A,"Minimum inhibitory concentrations (MIC, %) of different types of honey against tested strains of  Escherichia coli  (ATCC 8739),  Escherichia coli ,  Proteus mirabilis ,  Staphylococcus aureus  (ATCC ",MIC,%,% (basis unspecified),False,False,False,"Antioxidative, Antibacterial and Antiproliferative Properties of Honey Types from the Western Balkans.",2022.0,10.3390/antiox11061120,35740017.0,"Antioxidants (Basel, Switzerland)",PMC9219755,heather1,,,,,5.41,,,,,,,,834.0,39.2,16.7,4.32,,,
PMC9219755,t3,Heather 1,Staphylococcus Epidermidis,S. epidermidis,MIC,,untreated,6.25,,%,,auto_A,"Minimum inhibitory concentrations (MIC, %) of different types of honey against tested strains of  Escherichia coli  (ATCC 8739),  Escherichia coli ,  Proteus mirabilis ,  Staphylococcus aureus  (ATCC ",MIC,%,% (basis unspecified),False,False,False,"Antioxidative, Antibacterial and Antiproliferative Properties of Honey Types from the Western Balkans.",2022.0,10.3390/antiox11061120,35740017.0,"Antioxidants (Basel, Switzerland)",PMC9219755,heather1,,,,,5.41,,,,,,,,834.0,39.2,16.7,4.32,,,
PMC9219755,t3,Heather 1,Enterococcus Faecalis(ATCC 29212),E. faecalis,MIC,,untreated,12.5,,%,,auto_A,"Minimum inhibitory concentrations (MIC, %) of different types of honey against tested strains of  Escherichia coli  (ATCC 8739),  Escherichia coli ,  Proteus mirabilis ,  Staphylococcus aureus  (ATCC ",MIC,%,% (basis unspecified),False,False,False,"Antioxidative, Antibacterial and Antiproliferative Properties of Honey Types from the Western Balkans.",2022.0,10.3390/antiox11061120,35740017.0,"Antioxidants (Basel, Switzerland)",PMC9219755,heather1,,,,,5.41,,,,,,,,834.0,39.2,16.7,4.32,,,
PMC9219755,t3,Heather 2,Escherichia coli,E. coli,MIC,,untreated,25.0,,%,,auto_A,"Minimum inhibitory concentrations (MIC, %) of different types of honey against tested strains of  Escherichia coli  (ATCC 8739),  Escherichia coli ,  Proteus mirabilis ,  Staphylococcus aureus  (ATCC ",MIC,%,% (basis unspecified),False,False,False,"Antioxidative, Antibacterial and Antiproliferative Properties of Honey Types from the Western Balkans.",2022.0,10.3390/antiox11061120,35740017.0,"Antioxidants (Basel, Switzerland)",PMC9219755,heather2,,,,,3.27,,,,,,,,809.0,30.7,15.6,3.36,,,
PMC9219755,t3,Heather 2,Proteus Mirabilis,Proteus,MIC,,untreated,25.0,,%,,auto_A,"Minimum inhibitory concentrations (MIC, %) of different types of honey against tested strains of  Escherichia coli  (ATCC 8739),  Escherichia coli ,  Proteus mirabilis ,  Staphylococcus aureus  (ATCC ",MIC,%,% (basis unspecified),False,False,False,"Antioxidative, Antibacterial and Antiproliferative Properties of Honey Types from the Western Balkans.",2022.0,10.3390/antiox11061120,35740017.0,"Antioxidants (Basel, Switzerland)",PMC9219755,heather2,,,,,3.27,,,,,,,,809.0,30.7,15.6,3.36,,,
PMC9219755,t3,Heather 2,Staphylococcus Aureus(ATCC 25923),S. aureus,MIC,,untreated,25.0,,%,,auto_A,"Minimum inhibitory concentrations (MIC, %) of different types of honey against tested strains of  Escherichia coli  (ATCC 8739),  Escherichia coli ,  Proteus mirabilis ,  Staphylococcus aureus  (ATCC ",MIC,%,% (basis unspecified),False,False,False,"Antioxidative, Antibacterial and Antiproliferative Properties of Honey Types from the Western Balkans.",2022.0,10.3390/antiox11061120,35740017.0,"Antioxidants (Basel, Switzerland)",PMC9219755,heather2,,,,,3.27,,,,,,,,809.0,30.7,15.6,3.36,,,
PMC9219755,t3,Heather 2,Staphylococcus Epidermidis,S. epidermidis,MIC,,untreated,12.5,,%,,auto_A,"Minimum inhibitory concentrations (MIC, %) of different types of honey against tested strains of  Escherichia coli  (ATCC 8739),  Escherichia coli ,  Proteus mirabilis ,  Staphylococcus aureus  (ATCC ",MIC,%,% (basis unspecified),False,False,False,"Antioxidative, Antibacterial and Antiproliferative Properties of Honey Types from the Western Balkans.",2022.0,10.3390/antiox11061120,35740017.0,"Antioxidants (Basel, Switzerland)",PMC9219755,heather2,,,,,3.27,,,,,,,,809.0,30.7,15.6,3.36,,,
PMC9219755,t3,Heather 2,Enterococcus Faecalis(ATCC 29212),E. faecalis,MIC,,untreated,12.5,,%,,auto_A,"Minimum inhibitory concentrations (MIC, %) of different types of honey against tested strains of  Escherichia coli  (ATCC 8739),  Escherichia coli ,  Proteus mirabilis ,  Staphylococcus aureus  (ATCC ",MIC,%,% (basis unspecified),False,False,False,"Antioxidative, Antibacterial and Antiproliferative Properties of Honey Types from the Western Balkans.",2022.0,10.3390/antiox11061120,35740017.0,"Antioxidants (Basel, Switzerland)",PMC9219755,heather2,,,,,3.27,,,,,,,,809.0,30.7,15.6,3.36,,,
PMC9219755,t3,Rapeseed 1,Escherichia coli,E. coli,MIC,,untreated,25.0,,%,gt,auto_A,"Minimum inhibitory concentrations (MIC, %) of different types of honey against tested strains of  Escherichia coli  (ATCC 8739),  Escherichia coli ,  Proteus mirabilis ,  Staphylococcus aureus  (ATCC ",MIC,%,% (basis unspecified),False,False,False,"Antioxidative, Antibacterial and Antiproliferative Properties of Honey Types from the Western Balkans.",2022.0,10.3390/antiox11061120,35740017.0,"Antioxidants (Basel, Switzerland)",PMC9219755,rapeseed1,,,,,2.42,,,,,,,,224.0,21.3,19.4,4.01,,,
PMC9219755,t3,Rapeseed 1,Proteus Mirabilis,Proteus,MIC,,untreated,25.0,,%,gt,auto_A,"Minimum inhibitory concentrations (MIC, %) of different types of honey against tested strains of  Escherichia coli  (ATCC 8739),  Escherichia coli ,  Proteus mirabilis ,  Staphylococcus aureus  (ATCC ",MIC,%,% (basis unspecified),False,False,False,"Antioxidative, Antibacterial and Antiproliferative Properties of Honey Types from the Western Balkans.",2022.0,10.3390/antiox11061120,35740017.0,"Antioxidants (Basel, Switzerland)",PMC9219755,rapeseed1,,,,,2.42,,,,,,,,224.0,21.3,19.4,4.01,,,
PMC9219755,t3,Rapeseed 1,Staphylococcus Aureus(ATCC 25923),S. aureus,MIC,,untreated,25.0,,%,gt,auto_A,"Minimum inhibitory concentrations (MIC, %) of different types of honey against tested strains of  Escherichia coli  (ATCC 8739),  Escherichia coli ,  Proteus mirabilis ,  Staphylococcus aureus  (ATCC ",MIC,%,% (basis unspecified),False,False,False,"Antioxidative, Antibacterial and Antiproliferative Properties of Honey Types from the Western Balkans.",2022.0,10.3390/antiox11061120,35740017.0,"Antioxidants (Basel, Switzerland)",PMC9219755,rapeseed1,,,,,2.42,,,,,,,,224.0,21.3,19.4,4.01,,,
PMC9219755,t3,Rapeseed 1,Staphylococcus Epidermidis,S. epidermidis,MIC,,untreated,25.0,,%,gt,auto_A,"Minimum inhibitory concentrations (MIC, %) of different types of honey against tested strains of  Escherichia coli  (ATCC 8739),  Escherichia coli ,  Proteus mirabilis ,  Staphylococcus aureus  (ATCC ",MIC,%,% (basis unspecified),False,False,False,"Antioxidative, Antibacterial and Antiproliferative Properties of Honey Types from the Western Balkans.",2022.0,10.3390/antiox11061120,35740017.0,"Antioxidants (Basel, Switzerland)",PMC9219755,rapeseed1,,,,,2.42,,,,,,,,224.0,21.3,19.4,4.01,,,
PMC9219755,t3,Rapeseed 1,Enterococcus Faecalis(ATCC 29212),E. faecalis,MIC,,untreated,25.0,,%,gt,auto_A,"Minimum inhibitory concentrations (MIC, %) of different types of honey against tested strains of  Escherichia coli  (ATCC 8739),  Escherichia coli ,  Proteus mirabilis ,  Staphylococcus aureus  (ATCC ",MIC,%,% (basis unspecified),False,False,False,"Antioxidative, Antibacterial and Antiproliferative Properties of Honey Types from the Western Balkans.",2022.0,10.3390/antiox11061120,35740017.0,"Antioxidants (Basel, Switzerland)",PMC9219755,rapeseed1,,,,,2.42,,,,,,,,224.0,21.3,19.4,4.01,,,
PMC9219755,t3,Rapeseed 2,Escherichia coli,E. coli,MIC,,untreated,25.0,,%,gt,auto_A,"Minimum inhibitory concentrations (MIC, %) of different types of honey against tested strains of  Escherichia coli  (ATCC 8739),  Escherichia coli ,  Proteus mirabilis ,  Staphylococcus aureus  (ATCC ",MIC,%,% (basis unspecified),False,False,False,"Antioxidative, Antibacterial and Antiproliferative Properties of Honey Types from the Western Balkans.",2022.0,10.3390/antiox11061120,35740017.0,"Antioxidants (Basel, Switzerland)",PMC9219755,rapeseed2,,,,,7.15,,,,,,,,191.0,16.3,18.4,4.1,,,
PMC9219755,t3,Rapeseed 2,Proteus Mirabilis,Proteus,MIC,,untreated,25.0,,%,gt,auto_A,"Minimum inhibitory concentrations (MIC, %) of different types of honey against tested strains of  Escherichia coli  (ATCC 8739),  Escherichia coli ,  Proteus mirabilis ,  Staphylococcus aureus  (ATCC ",MIC,%,% (basis unspecified),False,False,False,"Antioxidative, Antibacterial and Antiproliferative Properties of Honey Types from the Western Balkans.",2022.0,10.3390/antiox11061120,35740017.0,"Antioxidants (Basel, Switzerland)",PMC9219755,rapeseed2,,,,,7.15,,,,,,,,191.0,16.3,18.4,4.1,,,
PMC9219755,t3,Rapeseed 2,Staphylococcus Aureus(ATCC 25923),S. aureus,MIC,,untreated,25.0,,%,,auto_A,"Minimum inhibitory concentrations (MIC, %) of different types of honey against tested strains of  Escherichia coli  (ATCC 8739),  Escherichia coli ,  Proteus mirabilis ,  Staphylococcus aureus  (ATCC ",MIC,%,% (basis unspecified),False,False,False,"Antioxidative, Antibacterial and Antiproliferative Properties of Honey Types from the Western Balkans.",2022.0,10.3390/antiox11061120,35740017.0,"Antioxidants (Basel, Switzerland)",PMC9219755,rapeseed2,,,,,7.15,,,,,,,,191.0,16.3,18.4,4.1,,,
PMC9219755,t3,Rapeseed 2,Staphylococcus Epidermidis,S. epidermidis,MIC,,untreated,25.0,,%,,auto_A,"Minimum inhibitory concentrations (MIC, %) of different types of honey against tested strains of  Escherichia coli  (ATCC 8739),  Escherichia coli ,  Proteus mirabilis ,  Staphylococcus aureus  (ATCC ",MIC,%,% (basis unspecified),False,False,False,"Antioxidative, Antibacterial and Antiproliferative Properties of Honey Types from the Western Balkans.",2022.0,10.3390/antiox11061120,35740017.0,"Antioxidants (Basel, Switzerland)",PMC9219755,rapeseed2,,,,,7.15,,,,,,,,191.0,16.3,18.4,4.1,,,
PMC9219755,t3,Rapeseed 2,Enterococcus Faecalis(ATCC 29212),E. faecalis,MIC,,untreated,25.0,,%,,auto_A,"Minimum inhibitory concentrations (MIC, %) of different types of honey against tested strains of  Escherichia coli  (ATCC 8739),  Escherichia coli ,  Proteus mirabilis ,  Staphylococcus aureus  (ATCC ",MIC,%,% (basis unspecified),False,False,False,"Antioxidative, Antibacterial and Antiproliferative Properties of Honey Types from the Western Balkans.",2022.0,10.3390/antiox11061120,35740017.0,"Antioxidants (Basel, Switzerland)",PMC9219755,rapeseed2,,,,,7.15,,,,,,,,191.0,16.3,18.4,4.1,,,
PMC9219755,t3,Sunflower,Escherichia coli,E. coli,MIC,,untreated,25.0,,%,,auto_A,"Minimum inhibitory concentrations (MIC, %) of different types of honey against tested strains of  Escherichia coli  (ATCC 8739),  Escherichia coli ,  Proteus mirabilis ,  Staphylococcus aureus  (ATCC ",MIC,%,% (basis unspecified),False,False,False,"Antioxidative, Antibacterial and Antiproliferative Properties of Honey Types from the Western Balkans.",2022.0,10.3390/antiox11061120,35740017.0,"Antioxidants (Basel, Switzerland)",PMC9219755,sunflower,,,,,9.41,,,,,,,,366.0,28.9,17.0,3.38,,,
PMC9219755,t3,Sunflower,Proteus Mirabilis,Proteus,MIC,,untreated,25.0,,%,,auto_A,"Minimum inhibitory concentrations (MIC, %) of different types of honey against tested strains of  Escherichia coli  (ATCC 8739),  Escherichia coli ,  Proteus mirabilis ,  Staphylococcus aureus  (ATCC ",MIC,%,% (basis unspecified),False,False,False,"Antioxidative, Antibacterial and Antiproliferative Properties of Honey Types from the Western Balkans.",2022.0,10.3390/antiox11061120,35740017.0,"Antioxidants (Basel, Switzerland)",PMC9219755,sunflower,,,,,9.41,,,,,,,,366.0,28.9,17.0,3.38,,,
PMC9219755,t3,Sunflower,Staphylococcus Aureus(ATCC 25923),S. aureus,MIC,,untreated,12.5,,%,,auto_A,"Minimum inhibitory concentrations (MIC, %) of different types of honey against tested strains of  Escherichia coli  (ATCC 8739),  Escherichia coli ,  Proteus mirabilis ,  Staphylococcus aureus  (ATCC ",MIC,%,% (basis unspecified),False,False,False,"Antioxidative, Antibacterial and Antiproliferative Properties of Honey Types from the Western Balkans.",2022.0,10.3390/antiox11061120,35740017.0,"Antioxidants (Basel, Switzerland)",PMC9219755,sunflower,,,,,9.41,,,,,,,,366.0,28.9,17.0,3.38,,,
PMC9219755,t3,Sunflower,Staphylococcus Epidermidis,S. epidermidis,MIC,,untreated,12.5,,%,,auto_A,"Minimum inhibitory concentrations (MIC, %) of different types of honey against tested strains of  Escherichia coli  (ATCC 8739),  Escherichia coli ,  Proteus mirabilis ,  Staphylococcus aureus  (ATCC ",MIC,%,% (basis unspecified),False,False,False,"Antioxidative, Antibacterial and Antiproliferative Properties of Honey Types from the Western Balkans.",2022.0,10.3390/antiox11061120,35740017.0,"Antioxidants (Basel, Switzerland)",PMC9219755,sunflower,,,,,9.41,,,,,,,,366.0,28.9,17.0,3.38,,,
PMC9219755,t3,Sunflower,Enterococcus Faecalis(ATCC 29212),E. faecalis,MIC,,untreated,12.5,,%,,auto_A,"Minimum inhibitory concentrations (MIC, %) of different types of honey against tested strains of  Escherichia coli  (ATCC 8739),  Escherichia coli ,  Proteus mirabilis ,  Staphylococcus aureus  (ATCC ",MIC,%,% (basis unspecified),False,False,False,"Antioxidative, Antibacterial and Antiproliferative Properties of Honey Types from the Western Balkans.",2022.0,10.3390/antiox11061120,35740017.0,"Antioxidants (Basel, Switzerland)",PMC9219755,sunflower,,,,,9.41,,,,,,,,366.0,28.9,17.0,3.38,,,
PMC9219755,t3,Phacelia,Escherichia coli,E. coli,MIC,,untreated,12.5,,%,,auto_A,"Minimum inhibitory concentrations (MIC, %) of different types of honey against tested strains of  Escherichia coli  (ATCC 8739),  Escherichia coli ,  Proteus mirabilis ,  Staphylococcus aureus  (ATCC ",MIC,%,% (basis unspecified),False,False,False,"Antioxidative, Antibacterial and Antiproliferative Properties of Honey Types from the Western Balkans.",2022.0,10.3390/antiox11061120,35740017.0,"Antioxidants (Basel, Switzerland)",PMC9219755,phacelia,,,,,1.89,,,,,,,,295.0,37.2,15.0,3.66,,,
PMC9219755,t3,Phacelia,Proteus Mirabilis,Proteus,MIC,,untreated,25.0,,%,,auto_A,"Minimum inhibitory concentrations (MIC, %) of different types of honey against tested strains of  Escherichia coli  (ATCC 8739),  Escherichia coli ,  Proteus mirabilis ,  Staphylococcus aureus  (ATCC ",MIC,%,% (basis unspecified),False,False,False,"Antioxidative, Antibacterial and Antiproliferative Properties of Honey Types from the Western Balkans.",2022.0,10.3390/antiox11061120,35740017.0,"Antioxidants (Basel, Switzerland)",PMC9219755,phacelia,,,,,1.89,,,,,,,,295.0,37.2,15.0,3.66,,,
PMC9219755,t3,Phacelia,Staphylococcus Aureus(ATCC 25923),S. aureus,MIC,,untreated,12.5,,%,,auto_A,"Minimum inhibitory concentrations (MIC, %) of different types of honey against tested strains of  Escherichia coli  (ATCC 8739),  Escherichia coli ,  Proteus mirabilis ,  Staphylococcus aureus  (ATCC ",MIC,%,% (basis unspecified),False,False,False,"Antioxidative, Antibacterial and Antiproliferative Properties of Honey Types from the Western Balkans.",2022.0,10.3390/antiox11061120,35740017.0,"Antioxidants (Basel, Switzerland)",PMC9219755,phacelia,,,,,1.89,,,,,,,,295.0,37.2,15.0,3.66,,,
PMC9219755,t3,Phacelia,Staphylococcus Epidermidis,S. epidermidis,MIC,,untreated,6.25,,%,,auto_A,"Minimum inhibitory concentrations (MIC, %) of different types of honey against tested strains of  Escherichia coli  (ATCC 8739),  Escherichia coli ,  Proteus mirabilis ,  Staphylococcus aureus  (ATCC ",MIC,%,% (basis unspecified),False,False,False,"Antioxidative, Antibacterial and Antiproliferative Properties of Honey Types from the Western Balkans.",2022.0,10.3390/antiox11061120,35740017.0,"Antioxidants (Basel, Switzerland)",PMC9219755,phacelia,,,,,1.89,,,,,,,,295.0,37.2,15.0,3.66,,,
PMC9219755,t3,Phacelia,Enterococcus Faecalis(ATCC 29212),E. faecalis,MIC,,untreated,3.12,,%,,auto_A,"Minimum inhibitory concentrations (MIC, %) of different types of honey against tested strains of  Escherichia coli  (ATCC 8739),  Escherichia coli ,  Proteus mirabilis ,  Staphylococcus aureus  (ATCC ",MIC,%,% (basis unspecified),False,False,False,"Antioxidative, Antibacterial and Antiproliferative Properties of Honey Types from the Western Balkans.",2022.0,10.3390/antiox11061120,35740017.0,"Antioxidants (Basel, Switzerland)",PMC9219755,phacelia,,,,,1.89,,,,,,,,295.0,37.2,15.0,3.66,,,
PMC9219755,t3,Basil,Escherichia coli,E. coli,MIC,,untreated,25.0,,%,,auto_A,"Minimum inhibitory concentrations (MIC, %) of different types of honey against tested strains of  Escherichia coli  (ATCC 8739),  Escherichia coli ,  Proteus mirabilis ,  Staphylococcus aureus  (ATCC ",MIC,%,% (basis unspecified),False,False,False,"Antioxidative, Antibacterial and Antiproliferative Properties of Honey Types from the Western Balkans.",2022.0,10.3390/antiox11061120,35740017.0,"Antioxidants (Basel, Switzerland)",PMC9219755,basil,,,,,3.14,,,,,,,,413.0,27.9,16.0,3.84,,,
PMC9219755,t3,Basil,Proteus Mirabilis,Proteus,MIC,,untreated,25.0,,%,,auto_A,"Minimum inhibitory concentrations (MIC, %) of different types of honey against tested strains of  Escherichia coli  (ATCC 8739),  Escherichia coli ,  Proteus mirabilis ,  Staphylococcus aureus  (ATCC ",MIC,%,% (basis unspecified),False,False,False,"Antioxidative, Antibacterial and Antiproliferative Properties of Honey Types from the Western Balkans.",2022.0,10.3390/antiox11061120,35740017.0,"Antioxidants (Basel, Switzerland)",PMC9219755,basil,,,,,3.14,,,,,,,,413.0,27.9,16.0,3.84,,,
PMC9219755,t3,Basil,Staphylococcus Aureus(ATCC 25923),S. aureus,MIC,,untreated,12.5,,%,,auto_A,"Minimum inhibitory concentrations (MIC, %) of different types of honey against tested strains of  Escherichia coli  (ATCC 8739),  Escherichia coli ,  Proteus mirabilis ,  Staphylococcus aureus  (ATCC ",MIC,%,% (basis unspecified),False,False,False,"Antioxidative, Antibacterial and Antiproliferative Properties of Honey Types from the Western Balkans.",2022.0,10.3390/antiox11061120,35740017.0,"Antioxidants (Basel, Switzerland)",PMC9219755,basil,,,,,3.14,,,,,,,,413.0,27.9,16.0,3.84,,,
PMC9219755,t3,Basil,Staphylococcus Epidermidis,S. epidermidis,MIC,,untreated,12.5,,%,,auto_A,"Minimum inhibitory concentrations (MIC, %) of different types of honey against tested strains of  Escherichia coli  (ATCC 8739),  Escherichia coli ,  Proteus mirabilis ,  Staphylococcus aureus  (ATCC ",MIC,%,% (basis unspecified),False,False,False,"Antioxidative, Antibacterial and Antiproliferative Properties of Honey Types from the Western Balkans.",2022.0,10.3390/antiox11061120,35740017.0,"Antioxidants (Basel, Switzerland)",PMC9219755,basil,,,,,3.14,,,,,,,,413.0,27.9,16.0,3.84,,,
PMC9219755,t3,Basil,Enterococcus Faecalis(ATCC 29212),E. faecalis,MIC,,untreated,12.5,,%,,auto_A,"Minimum inhibitory concentrations (MIC, %) of different types of honey against tested strains of  Escherichia coli  (ATCC 8739),  Escherichia coli ,  Proteus mirabilis ,  Staphylococcus aureus  (ATCC ",MIC,%,% (basis unspecified),False,False,False,"Antioxidative, Antibacterial and Antiproliferative Properties of Honey Types from the Western Balkans.",2022.0,10.3390/antiox11061120,35740017.0,"Antioxidants (Basel, Switzerland)",PMC9219755,basil,,,,,3.14,,,,,,,,413.0,27.9,16.0,3.84,,,
PMC9219755,t3,Anise,Escherichia coli,E. coli,MIC,,untreated,25.0,,%,,auto_A,"Minimum inhibitory concentrations (MIC, %) of different types of honey against tested strains of  Escherichia coli  (ATCC 8739),  Escherichia coli ,  Proteus mirabilis ,  Staphylococcus aureus  (ATCC ",MIC,%,% (basis unspecified),False,False,False,"Antioxidative, Antibacterial and Antiproliferative Properties of Honey Types from the Western Balkans.",2022.0,10.3390/antiox11061120,35740017.0,"Antioxidants (Basel, Switzerland)",PMC9219755,anise,,,,,5.58,,,,,,,,879.0,31.2,16.4,4.34,,,
PMC9219755,t3,Anise,Proteus Mirabilis,Proteus,MIC,,untreated,25.0,,%,,auto_A,"Minimum inhibitory concentrations (MIC, %) of different types of honey against tested strains of  Escherichia coli  (ATCC 8739),  Escherichia coli ,  Proteus mirabilis ,  Staphylococcus aureus  (ATCC ",MIC,%,% (basis unspecified),False,False,False,"Antioxidative, Antibacterial and Antiproliferative Properties of Honey Types from the Western Balkans.",2022.0,10.3390/antiox11061120,35740017.0,"Antioxidants (Basel, Switzerland)",PMC9219755,anise,,,,,5.58,,,,,,,,879.0,31.2,16.4,4.34,,,
PMC9219755,t3,Anise,Staphylococcus Aureus(ATCC 25923),S. aureus,MIC,,untreated,12.5,,%,,auto_A,"Minimum inhibitory concentrations (MIC, %) of different types of honey against tested strains of  Escherichia coli  (ATCC 8739),  Escherichia coli ,  Proteus mirabilis ,  Staphylococcus aureus  (ATCC ",MIC,%,% (basis unspecified),False,False,False,"Antioxidative, Antibacterial and Antiproliferative Properties of Honey Types from the Western Balkans.",2022.0,10.3390/antiox11061120,35740017.0,"Antioxidants (Basel, Switzerland)",PMC9219755,anise,,,,,5.58,,,,,,,,879.0,31.2,16.4,4.34,,,
PMC9219755,t3,Anise,Staphylococcus Epidermidis,S. epidermidis,MIC,,untreated,6.25,,%,,auto_A,"Minimum inhibitory concentrations (MIC, %) of different types of honey against tested strains of  Escherichia coli  (ATCC 8739),  Escherichia coli ,  Proteus mirabilis ,  Staphylococcus aureus  (ATCC ",MIC,%,% (basis unspecified),False,False,False,"Antioxidative, Antibacterial and Antiproliferative Properties of Honey Types from the Western Balkans.",2022.0,10.3390/antiox11061120,35740017.0,"Antioxidants (Basel, Switzerland)",PMC9219755,anise,,,,,5.58,,,,,,,,879.0,31.2,16.4,4.34,,,
PMC9219755,t3,Anise,Enterococcus Faecalis(ATCC 29212),E. faecalis,MIC,,untreated,12.5,,%,,auto_A,"Minimum inhibitory concentrations (MIC, %) of different types of honey against tested strains of  Escherichia coli  (ATCC 8739),  Escherichia coli ,  Proteus mirabilis ,  Staphylococcus aureus  (ATCC ",MIC,%,% (basis unspecified),False,False,False,"Antioxidative, Antibacterial and Antiproliferative Properties of Honey Types from the Western Balkans.",2022.0,10.3390/antiox11061120,35740017.0,"Antioxidants (Basel, Switzerland)",PMC9219755,anise,,,,,5.58,,,,,,,,879.0,31.2,16.4,4.34,,,
PMC9219755,t3,Sage,Escherichia coli,E. coli,MIC,,untreated,25.0,,%,,auto_A,"Minimum inhibitory concentrations (MIC, %) of different types of honey against tested strains of  Escherichia coli  (ATCC 8739),  Escherichia coli ,  Proteus mirabilis ,  Staphylococcus aureus  (ATCC ",MIC,%,% (basis unspecified),False,False,False,"Antioxidative, Antibacterial and Antiproliferative Properties of Honey Types from the Western Balkans.",2022.0,10.3390/antiox11061120,35740017.0,"Antioxidants (Basel, Switzerland)",PMC9219755,sage,,,,,4.94,,,,,,,,557.0,37.7,15.1,4.07,,,
PMC9219755,t3,Sage,Proteus Mirabilis,Proteus,MIC,,untreated,25.0,,%,,auto_A,"Minimum inhibitory concentrations (MIC, %) of different types of honey against tested strains of  Escherichia coli  (ATCC 8739),  Escherichia coli ,  Proteus mirabilis ,  Staphylococcus aureus  (ATCC ",MIC,%,% (basis unspecified),False,False,False,"Antioxidative, Antibacterial and Antiproliferative Properties of Honey Types from the Western Balkans.",2022.0,10.3390/antiox11061120,35740017.0,"Antioxidants (Basel, Switzerland)",PMC9219755,sage,,,,,4.94,,,,,,,,557.0,37.7,15.1,4.07,,,
PMC9219755,t3,Sage,Staphylococcus Aureus(ATCC 25923),S. aureus,MIC,,untreated,25.0,,%,,auto_A,"Minimum inhibitory concentrations (MIC, %) of different types of honey against tested strains of  Escherichia coli  (ATCC 8739),  Escherichia coli ,  Proteus mirabilis ,  Staphylococcus aureus  (ATCC ",MIC,%,% (basis unspecified),False,False,False,"Antioxidative, Antibacterial and Antiproliferative Properties of Honey Types from the Western Balkans.",2022.0,10.3390/antiox11061120,35740017.0,"Antioxidants (Basel, Switzerland)",PMC9219755,sage,,,,,4.94,,,,,,,,557.0,37.7,15.1,4.07,,,
PMC9219755,t3,Sage,Staphylococcus Epidermidis,S. epidermidis,MIC,,untreated,12.5,,%,,auto_A,"Minimum inhibitory concentrations (MIC, %) of different types of honey against tested strains of  Escherichia coli  (ATCC 8739),  Escherichia coli ,  Proteus mirabilis ,  Staphylococcus aureus  (ATCC ",MIC,%,% (basis unspecified),False,False,False,"Antioxidative, Antibacterial and Antiproliferative Properties of Honey Types from the Western Balkans.",2022.0,10.3390/antiox11061120,35740017.0,"Antioxidants (Basel, Switzerland)",PMC9219755,sage,,,,,4.94,,,,,,,,557.0,37.7,15.1,4.07,,,
PMC9219755,t3,Sage,Enterococcus Faecalis(ATCC 29212),E. faecalis,MIC,,untreated,12.5,,%,,auto_A,"Minimum inhibitory concentrations (MIC, %) of different types of honey against tested strains of  Escherichia coli  (ATCC 8739),  Escherichia coli ,  Proteus mirabilis ,  Staphylococcus aureus  (ATCC ",MIC,%,% (basis unspecified),False,False,False,"Antioxidative, Antibacterial and Antiproliferative Properties of Honey Types from the Western Balkans.",2022.0,10.3390/antiox11061120,35740017.0,"Antioxidants (Basel, Switzerland)",PMC9219755,sage,,,,,4.94,,,,,,,,557.0,37.7,15.1,4.07,,,
PMC9219755,t3,Chestnut,Escherichia coli,E. coli,MIC,,untreated,25.0,,%,,auto_A,"Minimum inhibitory concentrations (MIC, %) of different types of honey against tested strains of  Escherichia coli  (ATCC 8739),  Escherichia coli ,  Proteus mirabilis ,  Staphylococcus aureus  (ATCC ",MIC,%,% (basis unspecified),False,False,False,"Antioxidative, Antibacterial and Antiproliferative Properties of Honey Types from the Western Balkans.",2022.0,10.3390/antiox11061120,35740017.0,"Antioxidants (Basel, Switzerland)",PMC9219755,chestnut,,,,,4.43,,,,,,,,1251.0,27.1,16.5,4.54,,,
PMC9219755,t3,Chestnut,Proteus Mirabilis,Proteus,MIC,,untreated,25.0,,%,,auto_A,"Minimum inhibitory concentrations (MIC, %) of different types of honey against tested strains of  Escherichia coli  (ATCC 8739),  Escherichia coli ,  Proteus mirabilis ,  Staphylococcus aureus  (ATCC ",MIC,%,% (basis unspecified),False,False,False,"Antioxidative, Antibacterial and Antiproliferative Properties of Honey Types from the Western Balkans.",2022.0,10.3390/antiox11061120,35740017.0,"Antioxidants (Basel, Switzerland)",PMC9219755,chestnut,,,,,4.43,,,,,,,,1251.0,27.1,16.5,4.54,,,
PMC9219755,t3,Chestnut,Staphylococcus Aureus(ATCC 25923),S. aureus,MIC,,untreated,25.0,,%,,auto_A,"Minimum inhibitory concentrations (MIC, %) of different types of honey against tested strains of  Escherichia coli  (ATCC 8739),  Escherichia coli ,  Proteus mirabilis ,  Staphylococcus aureus  (ATCC ",MIC,%,% (basis unspecified),False,False,False,"Antioxidative, Antibacterial and Antiproliferative Properties of Honey Types from the Western Balkans.",2022.0,10.3390/antiox11061120,35740017.0,"Antioxidants (Basel, Switzerland)",PMC9219755,chestnut,,,,,4.43,,,,,,,,1251.0,27.1,16.5,4.54,,,
PMC9219755,t3,Chestnut,Staphylococcus Epidermidis,S. epidermidis,MIC,,untreated,12.5,,%,,auto_A,"Minimum inhibitory concentrations (MIC, %) of different types of honey against tested strains of  Escherichia coli  (ATCC 8739),  Escherichia coli ,  Proteus mirabilis ,  Staphylococcus aureus  (ATCC ",MIC,%,% (basis unspecified),False,False,False,"Antioxidative, Antibacterial and Antiproliferative Properties of Honey Types from the Western Balkans.",2022.0,10.3390/antiox11061120,35740017.0,"Antioxidants (Basel, Switzerland)",PMC9219755,chestnut,,,,,4.43,,,,,,,,1251.0,27.1,16.5,4.54,,,
PMC9219755,t3,Chestnut,Enterococcus Faecalis(ATCC 29212),E. faecalis,MIC,,untreated,12.5,,%,,auto_A,"Minimum inhibitory concentrations (MIC, %) of different types of honey against tested strains of  Escherichia coli  (ATCC 8739),  Escherichia coli ,  Proteus mirabilis ,  Staphylococcus aureus  (ATCC ",MIC,%,% (basis unspecified),False,False,False,"Antioxidative, Antibacterial and Antiproliferative Properties of Honey Types from the Western Balkans.",2022.0,10.3390/antiox11061120,35740017.0,"Antioxidants (Basel, Switzerland)",PMC9219755,chestnut,,,,,4.43,,,,,,,,1251.0,27.1,16.5,4.54,,,
PMC9219755,t3,Hawthorn,Escherichia coli,E. coli,MIC,,untreated,25.0,,%,gt,auto_A,"Minimum inhibitory concentrations (MIC, %) of different types of honey against tested strains of  Escherichia coli  (ATCC 8739),  Escherichia coli ,  Proteus mirabilis ,  Staphylococcus aureus  (ATCC ",MIC,%,% (basis unspecified),False,False,False,"Antioxidative, Antibacterial and Antiproliferative Properties of Honey Types from the Western Balkans.",2022.0,10.3390/antiox11061120,35740017.0,"Antioxidants (Basel, Switzerland)",PMC9219755,hawthorn,,,,,8.25,,,,,,,,163.0,20.3,19.1,4.41,,,
PMC9219755,t3,Hawthorn,Proteus Mirabilis,Proteus,MIC,,untreated,25.0,,%,gt,auto_A,"Minimum inhibitory concentrations (MIC, %) of different types of honey against tested strains of  Escherichia coli  (ATCC 8739),  Escherichia coli ,  Proteus mirabilis ,  Staphylococcus aureus  (ATCC ",MIC,%,% (basis unspecified),False,False,False,"Antioxidative, Antibacterial and Antiproliferative Properties of Honey Types from the Western Balkans.",2022.0,10.3390/antiox11061120,35740017.0,"Antioxidants (Basel, Switzerland)",PMC9219755,hawthorn,,,,,8.25,,,,,,,,163.0,20.3,19.1,4.41,,,
PMC9219755,t3,Hawthorn,Staphylococcus Aureus(ATCC 25923),S. aureus,MIC,,untreated,25.0,,%,,auto_A,"Minimum inhibitory concentrations (MIC, %) of different types of honey against tested strains of  Escherichia coli  (ATCC 8739),  Escherichia coli ,  Proteus mirabilis ,  Staphylococcus aureus  (ATCC ",MIC,%,% (basis unspecified),False,False,False,"Antioxidative, Antibacterial and Antiproliferative Properties of Honey Types from the Western Balkans.",2022.0,10.3390/antiox11061120,35740017.0,"Antioxidants (Basel, Switzerland)",PMC9219755,hawthorn,,,,,8.25,,,,,,,,163.0,20.3,19.1,4.41,,,
PMC9219755,t3,Hawthorn,Staphylococcus Epidermidis,S. epidermidis,MIC,,untreated,25.0,,%,,auto_A,"Minimum inhibitory concentrations (MIC, %) of different types of honey against tested strains of  Escherichia coli  (ATCC 8739),  Escherichia coli ,  Proteus mirabilis ,  Staphylococcus aureus  (ATCC ",MIC,%,% (basis unspecified),False,False,False,"Antioxidative, Antibacterial and Antiproliferative Properties of Honey Types from the Western Balkans.",2022.0,10.3390/antiox11061120,35740017.0,"Antioxidants (Basel, Switzerland)",PMC9219755,hawthorn,,,,,8.25,,,,,,,,163.0,20.3,19.1,4.41,,,
PMC9219755,t3,Hawthorn,Enterococcus Faecalis(ATCC 29212),E. faecalis,MIC,,untreated,25.0,,%,,auto_A,"Minimum inhibitory concentrations (MIC, %) of different types of honey against tested strains of  Escherichia coli  (ATCC 8739),  Escherichia coli ,  Proteus mirabilis ,  Staphylococcus aureus  (ATCC ",MIC,%,% (basis unspecified),False,False,False,"Antioxidative, Antibacterial and Antiproliferative Properties of Honey Types from the Western Balkans.",2022.0,10.3390/antiox11061120,35740017.0,"Antioxidants (Basel, Switzerland)",PMC9219755,hawthorn,,,,,8.25,,,,,,,,163.0,20.3,19.1,4.41,,,
PMC9219755,t3,Lavender,Escherichia coli,E. coli,MIC,,untreated,25.0,,%,,auto_A,"Minimum inhibitory concentrations (MIC, %) of different types of honey against tested strains of  Escherichia coli  (ATCC 8739),  Escherichia coli ,  Proteus mirabilis ,  Staphylococcus aureus  (ATCC ",MIC,%,% (basis unspecified),False,False,False,"Antioxidative, Antibacterial and Antiproliferative Properties of Honey Types from the Western Balkans.",2022.0,10.3390/antiox11061120,35740017.0,"Antioxidants (Basel, Switzerland)",PMC9219755,lavender,,,,,7.73,,,,,,,,1040.0,38.9,15.8,3.65,,,
PMC9219755,t3,Lavender,Proteus Mirabilis,Proteus,MIC,,untreated,25.0,,%,,auto_A,"Minimum inhibitory concentrations (MIC, %) of different types of honey against tested strains of  Escherichia coli  (ATCC 8739),  Escherichia coli ,  Proteus mirabilis ,  Staphylococcus aureus  (ATCC ",MIC,%,% (basis unspecified),False,False,False,"Antioxidative, Antibacterial and Antiproliferative Properties of Honey Types from the Western Balkans.",2022.0,10.3390/antiox11061120,35740017.0,"Antioxidants (Basel, Switzerland)",PMC9219755,lavender,,,,,7.73,,,,,,,,1040.0,38.9,15.8,3.65,,,
PMC9219755,t3,Lavender,Staphylococcus Aureus(ATCC 25923),S. aureus,MIC,,untreated,25.0,,%,,auto_A,"Minimum inhibitory concentrations (MIC, %) of different types of honey against tested strains of  Escherichia coli  (ATCC 8739),  Escherichia coli ,  Proteus mirabilis ,  Staphylococcus aureus  (ATCC ",MIC,%,% (basis unspecified),False,False,False,"Antioxidative, Antibacterial and Antiproliferative Properties of Honey Types from the Western Balkans.",2022.0,10.3390/antiox11061120,35740017.0,"Antioxidants (Basel, Switzerland)",PMC9219755,lavender,,,,,7.73,,,,,,,,1040.0,38.9,15.8,3.65,,,
PMC9219755,t3,Lavender,Staphylococcus Epidermidis,S. epidermidis,MIC,,untreated,12.5,,%,,auto_A,"Minimum inhibitory concentrations (MIC, %) of different types of honey against tested strains of  Escherichia coli  (ATCC 8739),  Escherichia coli ,  Proteus mirabilis ,  Staphylococcus aureus  (ATCC ",MIC,%,% (basis unspecified),False,False,False,"Antioxidative, Antibacterial and Antiproliferative Properties of Honey Types from the Western Balkans.",2022.0,10.3390/antiox11061120,35740017.0,"Antioxidants (Basel, Switzerland)",PMC9219755,lavender,,,,,7.73,,,,,,,,1040.0,38.9,15.8,3.65,,,
PMC9219755,t3,Lavender,Enterococcus Faecalis(ATCC 29212),E. faecalis,MIC,,untreated,12.5,,%,,auto_A,"Minimum inhibitory concentrations (MIC, %) of different types of honey against tested strains of  Escherichia coli  (ATCC 8739),  Escherichia coli ,  Proteus mirabilis ,  Staphylococcus aureus  (ATCC ",MIC,%,% (basis unspecified),False,False,False,"Antioxidative, Antibacterial and Antiproliferative Properties of Honey Types from the Western Balkans.",2022.0,10.3390/antiox11061120,35740017.0,"Antioxidants (Basel, Switzerland)",PMC9219755,lavender,,,,,7.73,,,,,,,,1040.0,38.9,15.8,3.65,,,
PMC9219755,t3,Meadow 1,Escherichia coli,E. coli,MIC,,untreated,25.0,,%,,auto_A,"Minimum inhibitory concentrations (MIC, %) of different types of honey against tested strains of  Escherichia coli  (ATCC 8739),  Escherichia coli ,  Proteus mirabilis ,  Staphylococcus aureus  (ATCC ",MIC,%,% (basis unspecified),False,False,False,"Antioxidative, Antibacterial and Antiproliferative Properties of Honey Types from the Western Balkans.",2022.0,10.3390/antiox11061120,35740017.0,"Antioxidants (Basel, Switzerland)",PMC9219755,meadow1,,,,,1.85,,,,,,,,353.0,37.8,14.9,3.59,,,
PMC9219755,t3,Meadow 1,Proteus Mirabilis,Proteus,MIC,,untreated,25.0,,%,,auto_A,"Minimum inhibitory concentrations (MIC, %) of different types of honey against tested strains of  Escherichia coli  (ATCC 8739),  Escherichia coli ,  Proteus mirabilis ,  Staphylococcus aureus  (ATCC ",MIC,%,% (basis unspecified),False,False,False,"Antioxidative, Antibacterial and Antiproliferative Properties of Honey Types from the Western Balkans.",2022.0,10.3390/antiox11061120,35740017.0,"Antioxidants (Basel, Switzerland)",PMC9219755,meadow1,,,,,1.85,,,,,,,,353.0,37.8,14.9,3.59,,,
PMC9219755,t3,Meadow 1,Staphylococcus Aureus(ATCC 25923),S. aureus,MIC,,untreated,25.0,,%,,auto_A,"Minimum inhibitory concentrations (MIC, %) of different types of honey against tested strains of  Escherichia coli  (ATCC 8739),  Escherichia coli ,  Proteus mirabilis ,  Staphylococcus aureus  (ATCC ",MIC,%,% (basis unspecified),False,False,False,"Antioxidative, Antibacterial and Antiproliferative Properties of Honey Types from the Western Balkans.",2022.0,10.3390/antiox11061120,35740017.0,"Antioxidants (Basel, Switzerland)",PMC9219755,meadow1,,,,,1.85,,,,,,,,353.0,37.8,14.9,3.59,,,
PMC9219755,t3,Meadow 1,Staphylococcus Epidermidis,S. epidermidis,MIC,,untreated,12.5,,%,,auto_A,"Minimum inhibitory concentrations (MIC, %) of different types of honey against tested strains of  Escherichia coli  (ATCC 8739),  Escherichia coli ,  Proteus mirabilis ,  Staphylococcus aureus  (ATCC ",MIC,%,% (basis unspecified),False,False,False,"Antioxidative, Antibacterial and Antiproliferative Properties of Honey Types from the Western Balkans.",2022.0,10.3390/antiox11061120,35740017.0,"Antioxidants (Basel, Switzerland)",PMC9219755,meadow1,,,,,1.85,,,,,,,,353.0,37.8,14.9,3.59,,,
PMC9219755,t3,Meadow 1,Enterococcus Faecalis(ATCC 29212),E. faecalis,MIC,,untreated,12.5,,%,,auto_A,"Minimum inhibitory concentrations (MIC, %) of different types of honey against tested strains of  Escherichia coli  (ATCC 8739),  Escherichia coli ,  Proteus mirabilis ,  Staphylococcus aureus  (ATCC ",MIC,%,% (basis unspecified),False,False,False,"Antioxidative, Antibacterial and Antiproliferative Properties of Honey Types from the Western Balkans.",2022.0,10.3390/antiox11061120,35740017.0,"Antioxidants (Basel, Switzerland)",PMC9219755,meadow1,,,,,1.85,,,,,,,,353.0,37.8,14.9,3.59,,,
PMC9219755,t3,Meadow 2,Escherichia coli,E. coli,MIC,,untreated,25.0,,%,,auto_A,"Minimum inhibitory concentrations (MIC, %) of different types of honey against tested strains of  Escherichia coli  (ATCC 8739),  Escherichia coli ,  Proteus mirabilis ,  Staphylococcus aureus  (ATCC ",MIC,%,% (basis unspecified),False,False,False,"Antioxidative, Antibacterial and Antiproliferative Properties of Honey Types from the Western Balkans.",2022.0,10.3390/antiox11061120,35740017.0,"Antioxidants (Basel, Switzerland)",PMC9219755,meadow2,,,,,3.41,,,,,,,,715.0,20.1,17.4,3.95,,,
PMC9219755,t3,Meadow 2,Proteus Mirabilis,Proteus,MIC,,untreated,25.0,,%,,auto_A,"Minimum inhibitory concentrations (MIC, %) of different types of honey against tested strains of  Escherichia coli  (ATCC 8739),  Escherichia coli ,  Proteus mirabilis ,  Staphylococcus aureus  (ATCC ",MIC,%,% (basis unspecified),False,False,False,"Antioxidative, Antibacterial and Antiproliferative Properties of Honey Types from the Western Balkans.",2022.0,10.3390/antiox11061120,35740017.0,"Antioxidants (Basel, Switzerland)",PMC9219755,meadow2,,,,,3.41,,,,,,,,715.0,20.1,17.4,3.95,,,
PMC9219755,t3,Meadow 2,Staphylococcus Aureus(ATCC 25923),S. aureus,MIC,,untreated,12.5,,%,,auto_A,"Minimum inhibitory concentrations (MIC, %) of different types of honey against tested strains of  Escherichia coli  (ATCC 8739),  Escherichia coli ,  Proteus mirabilis ,  Staphylococcus aureus  (ATCC ",MIC,%,% (basis unspecified),False,False,False,"Antioxidative, Antibacterial and Antiproliferative Properties of Honey Types from the Western Balkans.",2022.0,10.3390/antiox11061120,35740017.0,"Antioxidants (Basel, Switzerland)",PMC9219755,meadow2,,,,,3.41,,,,,,,,715.0,20.1,17.4,3.95,,,
PMC9219755,t3,Meadow 2,Staphylococcus Epidermidis,S. epidermidis,MIC,,untreated,6.25,,%,,auto_A,"Minimum inhibitory concentrations (MIC, %) of different types of honey against tested strains of  Escherichia coli  (ATCC 8739),  Escherichia coli ,  Proteus mirabilis ,  Staphylococcus aureus  (ATCC ",MIC,%,% (basis unspecified),False,False,False,"Antioxidative, Antibacterial and Antiproliferative Properties of Honey Types from the Western Balkans.",2022.0,10.3390/antiox11061120,35740017.0,"Antioxidants (Basel, Switzerland)",PMC9219755,meadow2,,,,,3.41,,,,,,,,715.0,20.1,17.4,3.95,,,
PMC9219755,t3,Meadow 2,Enterococcus Faecalis(ATCC 29212),E. faecalis,MIC,,untreated,6.25,,%,,auto_A,"Minimum inhibitory concentrations (MIC, %) of different types of honey against tested strains of  Escherichia coli  (ATCC 8739),  Escherichia coli ,  Proteus mirabilis ,  Staphylococcus aureus  (ATCC ",MIC,%,% (basis unspecified),False,False,False,"Antioxidative, Antibacterial and Antiproliferative Properties of Honey Types from the Western Balkans.",2022.0,10.3390/antiox11061120,35740017.0,"Antioxidants (Basel, Switzerland)",PMC9219755,meadow2,,,,,3.41,,,,,,,,715.0,20.1,17.4,3.95,,,
PMC9219755,t3,Meadow 3,Escherichia coli,E. coli,MIC,,untreated,25.0,,%,,auto_A,"Minimum inhibitory concentrations (MIC, %) of different types of honey against tested strains of  Escherichia coli  (ATCC 8739),  Escherichia coli ,  Proteus mirabilis ,  Staphylococcus aureus  (ATCC ",MIC,%,% (basis unspecified),False,False,False,"Antioxidative, Antibacterial and Antiproliferative Properties of Honey Types from the Western Balkans.",2022.0,10.3390/antiox11061120,35740017.0,"Antioxidants (Basel, Switzerland)",PMC9219755,meadow3,,,,,1.81,,,,,,,,470.0,29.5,16.3,3.5,,,
PMC9219755,t3,Meadow 3,Proteus Mirabilis,Proteus,MIC,,untreated,25.0,,%,,auto_A,"Minimum inhibitory concentrations (MIC, %) of different types of honey against tested strains of  Escherichia coli  (ATCC 8739),  Escherichia coli ,  Proteus mirabilis ,  Staphylococcus aureus  (ATCC ",MIC,%,% (basis unspecified),False,False,False,"Antioxidative, Antibacterial and Antiproliferative Properties of Honey Types from the Western Balkans.",2022.0,10.3390/antiox11061120,35740017.0,"Antioxidants (Basel, Switzerland)",PMC9219755,meadow3,,,,,1.81,,,,,,,,470.0,29.5,16.3,3.5,,,
PMC9219755,t3,Meadow 3,Staphylococcus Aureus(ATCC 25923),S. aureus,MIC,,untreated,25.0,,%,,auto_A,"Minimum inhibitory concentrations (MIC, %) of different types of honey against tested strains of  Escherichia coli  (ATCC 8739),  Escherichia coli ,  Proteus mirabilis ,  Staphylococcus aureus  (ATCC ",MIC,%,% (basis unspecified),False,False,False,"Antioxidative, Antibacterial and Antiproliferative Properties of Honey Types from the Western Balkans.",2022.0,10.3390/antiox11061120,35740017.0,"Antioxidants (Basel, Switzerland)",PMC9219755,meadow3,,,,,1.81,,,,,,,,470.0,29.5,16.3,3.5,,,
PMC9219755,t3,Meadow 3,Staphylococcus Epidermidis,S. epidermidis,MIC,,untreated,12.5,,%,,auto_A,"Minimum inhibitory concentrations (MIC, %) of different types of honey against tested strains of  Escherichia coli  (ATCC 8739),  Escherichia coli ,  Proteus mirabilis ,  Staphylococcus aureus  (ATCC ",MIC,%,% (basis unspecified),False,False,False,"Antioxidative, Antibacterial and Antiproliferative Properties of Honey Types from the Western Balkans.",2022.0,10.3390/antiox11061120,35740017.0,"Antioxidants (Basel, Switzerland)",PMC9219755,meadow3,,,,,1.81,,,,,,,,470.0,29.5,16.3,3.5,,,
PMC9219755,t3,Meadow 3,Enterococcus Faecalis(ATCC 29212),E. faecalis,MIC,,untreated,12.5,,%,,auto_A,"Minimum inhibitory concentrations (MIC, %) of different types of honey against tested strains of  Escherichia coli  (ATCC 8739),  Escherichia coli ,  Proteus mirabilis ,  Staphylococcus aureus  (ATCC ",MIC,%,% (basis unspecified),False,False,False,"Antioxidative, Antibacterial and Antiproliferative Properties of Honey Types from the Western Balkans.",2022.0,10.3390/antiox11061120,35740017.0,"Antioxidants (Basel, Switzerland)",PMC9219755,meadow3,,,,,1.81,,,,,,,,470.0,29.5,16.3,3.5,,,
PMC9333225,t3,MN01,S. aureusATCC 29213,S. aureus,MIC,,untreated,12.0,,%,,auto_A,"Antibacterial activity of manuka/ Leptospermum  honeys and comparators, including minimum inhibitory concentrations, total activity and non-peroxide activity. ||  | MIC (% w/v honey) |  |  |  | Antiba",MIC,%w/v,%w/v,False,False,False,Correlation of the antibacterial activity of commercial manuka and Leptospermum honeys from Australia and New Zealand with methylglyoxal content and other physicochemical characteristics.,2022.0,10.1371/journal.pone.0272376,35901185.0,PloS one,PMC9333225,mn01,80.7,272.0,,,15.0,297.0,,270.0,,,,,,,,4.54,,,
PMC9333225,t3,MN01,E. faecalisATCC 29212,E. faecalis,MIC,,untreated,26.0,,%,,auto_A,"Antibacterial activity of manuka/ Leptospermum  honeys and comparators, including minimum inhibitory concentrations, total activity and non-peroxide activity. ||  | MIC (% w/v honey) |  |  |  | Antiba",MIC,%w/v,%w/v,False,False,False,Correlation of the antibacterial activity of commercial manuka and Leptospermum honeys from Australia and New Zealand with methylglyoxal content and other physicochemical characteristics.,2022.0,10.1371/journal.pone.0272376,35901185.0,PloS one,PMC9333225,mn01,80.7,272.0,,,15.0,297.0,,270.0,,,,,,,,4.54,,,
PMC9333225,t3,MN01,E. coliATCC 25922,E. coli,MIC,,untreated,15.0,,%,,auto_A,"Antibacterial activity of manuka/ Leptospermum  honeys and comparators, including minimum inhibitory concentrations, total activity and non-peroxide activity. ||  | MIC (% w/v honey) |  |  |  | Antiba",MIC,%w/v,%w/v,False,False,False,Correlation of the antibacterial activity of commercial manuka and Leptospermum honeys from Australia and New Zealand with methylglyoxal content and other physicochemical characteristics.,2022.0,10.1371/journal.pone.0272376,35901185.0,PloS one,PMC9333225,mn01,80.7,272.0,,,15.0,297.0,,270.0,,,,,,,,4.54,,,
PMC9333225,t3,MN01,P. aeruginosaATCC 27853,P. aeruginosa,MIC,,untreated,21.0,,%,,auto_A,"Antibacterial activity of manuka/ Leptospermum  honeys and comparators, including minimum inhibitory concentrations, total activity and non-peroxide activity. ||  | MIC (% w/v honey) |  |  |  | Antiba",MIC,%w/v,%w/v,False,False,False,Correlation of the antibacterial activity of commercial manuka and Leptospermum honeys from Australia and New Zealand with methylglyoxal content and other physicochemical characteristics.,2022.0,10.1371/journal.pone.0272376,35901185.0,PloS one,PMC9333225,mn01,80.7,272.0,,,15.0,297.0,,270.0,,,,,,,,4.54,,,
PMC9333225,t3,MN02,S. aureusATCC 29213,S. aureus,MIC,,untreated,30.0,,%,gt,auto_A,"Antibacterial activity of manuka/ Leptospermum  honeys and comparators, including minimum inhibitory concentrations, total activity and non-peroxide activity. ||  | MIC (% w/v honey) |  |  |  | Antiba",MIC,%w/v,%w/v,False,False,False,Correlation of the antibacterial activity of commercial manuka and Leptospermum honeys from Australia and New Zealand with methylglyoxal content and other physicochemical characteristics.,2022.0,10.1371/journal.pone.0272376,35901185.0,PloS one,PMC9333225,mn02,81.8,84.0,,,189.0,3.0,,278.0,,,,,,,,4.27,,,
PMC9333225,t3,MN02,E. faecalisATCC 29212,E. faecalis,MIC,,untreated,30.0,,%,gt,auto_A,"Antibacterial activity of manuka/ Leptospermum  honeys and comparators, including minimum inhibitory concentrations, total activity and non-peroxide activity. ||  | MIC (% w/v honey) |  |  |  | Antiba",MIC,%w/v,%w/v,False,False,False,Correlation of the antibacterial activity of commercial manuka and Leptospermum honeys from Australia and New Zealand with methylglyoxal content and other physicochemical characteristics.,2022.0,10.1371/journal.pone.0272376,35901185.0,PloS one,PMC9333225,mn02,81.8,84.0,,,189.0,3.0,,278.0,,,,,,,,4.27,,,
PMC9333225,t3,MN02,E. coliATCC 25922,E. coli,MIC,,untreated,30.0,,%,,auto_A,"Antibacterial activity of manuka/ Leptospermum  honeys and comparators, including minimum inhibitory concentrations, total activity and non-peroxide activity. ||  | MIC (% w/v honey) |  |  |  | Antiba",MIC,%w/v,%w/v,False,False,False,Correlation of the antibacterial activity of commercial manuka and Leptospermum honeys from Australia and New Zealand with methylglyoxal content and other physicochemical characteristics.,2022.0,10.1371/journal.pone.0272376,35901185.0,PloS one,PMC9333225,mn02,81.8,84.0,,,189.0,3.0,,278.0,,,,,,,,4.27,,,
PMC9333225,t3,MN02,P. aeruginosaATCC 27853,P. aeruginosa,MIC,,untreated,26.0,,%,,auto_A,"Antibacterial activity of manuka/ Leptospermum  honeys and comparators, including minimum inhibitory concentrations, total activity and non-peroxide activity. ||  | MIC (% w/v honey) |  |  |  | Antiba",MIC,%w/v,%w/v,False,False,False,Correlation of the antibacterial activity of commercial manuka and Leptospermum honeys from Australia and New Zealand with methylglyoxal content and other physicochemical characteristics.,2022.0,10.1371/journal.pone.0272376,35901185.0,PloS one,PMC9333225,mn02,81.8,84.0,,,189.0,3.0,,278.0,,,,,,,,4.27,,,
PMC9333225,t3,MN03,S. aureusATCC 29213,S. aureus,MIC,,untreated,6.0,,%,,auto_A,"Antibacterial activity of manuka/ Leptospermum  honeys and comparators, including minimum inhibitory concentrations, total activity and non-peroxide activity. ||  | MIC (% w/v honey) |  |  |  | Antiba",MIC,%w/v,%w/v,False,False,False,Correlation of the antibacterial activity of commercial manuka and Leptospermum honeys from Australia and New Zealand with methylglyoxal content and other physicochemical characteristics.,2022.0,10.1371/journal.pone.0272376,35901185.0,PloS one,PMC9333225,mn03,80.9,630.0,,,112.0,1022.0,,431.0,,,,,,,,4.08,,,
PMC9333225,t3,MN03,E. faecalisATCC 29212,E. faecalis,MIC,,untreated,12.0,,%,,auto_A,"Antibacterial activity of manuka/ Leptospermum  honeys and comparators, including minimum inhibitory concentrations, total activity and non-peroxide activity. ||  | MIC (% w/v honey) |  |  |  | Antiba",MIC,%w/v,%w/v,False,False,False,Correlation of the antibacterial activity of commercial manuka and Leptospermum honeys from Australia and New Zealand with methylglyoxal content and other physicochemical characteristics.,2022.0,10.1371/journal.pone.0272376,35901185.0,PloS one,PMC9333225,mn03,80.9,630.0,,,112.0,1022.0,,431.0,,,,,,,,4.08,,,
PMC9333225,t3,MN03,E. coliATCC 25922,E. coli,MIC,,untreated,8.0,,%,,auto_A,"Antibacterial activity of manuka/ Leptospermum  honeys and comparators, including minimum inhibitory concentrations, total activity and non-peroxide activity. ||  | MIC (% w/v honey) |  |  |  | Antiba",MIC,%w/v,%w/v,False,False,False,Correlation of the antibacterial activity of commercial manuka and Leptospermum honeys from Australia and New Zealand with methylglyoxal content and other physicochemical characteristics.,2022.0,10.1371/journal.pone.0272376,35901185.0,PloS one,PMC9333225,mn03,80.9,630.0,,,112.0,1022.0,,431.0,,,,,,,,4.08,,,
PMC9333225,t3,MN03,P. aeruginosaATCC 27853,P. aeruginosa,MIC,,untreated,16.0,,%,,auto_A,"Antibacterial activity of manuka/ Leptospermum  honeys and comparators, including minimum inhibitory concentrations, total activity and non-peroxide activity. ||  | MIC (% w/v honey) |  |  |  | Antiba",MIC,%w/v,%w/v,False,False,False,Correlation of the antibacterial activity of commercial manuka and Leptospermum honeys from Australia and New Zealand with methylglyoxal content and other physicochemical characteristics.,2022.0,10.1371/journal.pone.0272376,35901185.0,PloS one,PMC9333225,mn03,80.9,630.0,,,112.0,1022.0,,431.0,,,,,,,,4.08,,,
PMC9333225,t3,MN04,S. aureusATCC 29213,S. aureus,MIC,,untreated,8.0,,%,,auto_A,"Antibacterial activity of manuka/ Leptospermum  honeys and comparators, including minimum inhibitory concentrations, total activity and non-peroxide activity. ||  | MIC (% w/v honey) |  |  |  | Antiba",MIC,%w/v,%w/v,False,False,False,Correlation of the antibacterial activity of commercial manuka and Leptospermum honeys from Australia and New Zealand with methylglyoxal content and other physicochemical characteristics.,2022.0,10.1371/journal.pone.0272376,35901185.0,PloS one,PMC9333225,mn04,83.4,157.0,,,57.0,174.0,,253.0,,,,,,,,4.31,,,
PMC9333225,t3,MN04,E. faecalisATCC 29212,E. faecalis,MIC,,untreated,30.0,,%,,auto_A,"Antibacterial activity of manuka/ Leptospermum  honeys and comparators, including minimum inhibitory concentrations, total activity and non-peroxide activity. ||  | MIC (% w/v honey) |  |  |  | Antiba",MIC,%w/v,%w/v,False,False,False,Correlation of the antibacterial activity of commercial manuka and Leptospermum honeys from Australia and New Zealand with methylglyoxal content and other physicochemical characteristics.,2022.0,10.1371/journal.pone.0272376,35901185.0,PloS one,PMC9333225,mn04,83.4,157.0,,,57.0,174.0,,253.0,,,,,,,,4.31,,,
PMC9333225,t3,MN04,E. coliATCC 25922,E. coli,MIC,,untreated,14.0,,%,,auto_A,"Antibacterial activity of manuka/ Leptospermum  honeys and comparators, including minimum inhibitory concentrations, total activity and non-peroxide activity. ||  | MIC (% w/v honey) |  |  |  | Antiba",MIC,%w/v,%w/v,False,False,False,Correlation of the antibacterial activity of commercial manuka and Leptospermum honeys from Australia and New Zealand with methylglyoxal content and other physicochemical characteristics.,2022.0,10.1371/journal.pone.0272376,35901185.0,PloS one,PMC9333225,mn04,83.4,157.0,,,57.0,174.0,,253.0,,,,,,,,4.31,,,
PMC9333225,t3,MN04,P. aeruginosaATCC 27853,P. aeruginosa,MIC,,untreated,16.0,,%,,auto_A,"Antibacterial activity of manuka/ Leptospermum  honeys and comparators, including minimum inhibitory concentrations, total activity and non-peroxide activity. ||  | MIC (% w/v honey) |  |  |  | Antiba",MIC,%w/v,%w/v,False,False,False,Correlation of the antibacterial activity of commercial manuka and Leptospermum honeys from Australia and New Zealand with methylglyoxal content and other physicochemical characteristics.,2022.0,10.1371/journal.pone.0272376,35901185.0,PloS one,PMC9333225,mn04,83.4,157.0,,,57.0,174.0,,253.0,,,,,,,,4.31,,,
PMC9333225,t3,MN05,S. aureusATCC 29213,S. aureus,MIC,,untreated,12.0,,%,,auto_A,"Antibacterial activity of manuka/ Leptospermum  honeys and comparators, including minimum inhibitory concentrations, total activity and non-peroxide activity. ||  | MIC (% w/v honey) |  |  |  | Antiba",MIC,%w/v,%w/v,False,False,False,Correlation of the antibacterial activity of commercial manuka and Leptospermum honeys from Australia and New Zealand with methylglyoxal content and other physicochemical characteristics.,2022.0,10.1371/journal.pone.0272376,35901185.0,PloS one,PMC9333225,mn05,80.4,243.0,,,120.0,326.0,,359.0,,,,,,,,4.21,,,
PMC9333225,t3,MN05,E. faecalisATCC 29212,E. faecalis,MIC,,untreated,22.0,,%,,auto_A,"Antibacterial activity of manuka/ Leptospermum  honeys and comparators, including minimum inhibitory concentrations, total activity and non-peroxide activity. ||  | MIC (% w/v honey) |  |  |  | Antiba",MIC,%w/v,%w/v,False,False,False,Correlation of the antibacterial activity of commercial manuka and Leptospermum honeys from Australia and New Zealand with methylglyoxal content and other physicochemical characteristics.,2022.0,10.1371/journal.pone.0272376,35901185.0,PloS one,PMC9333225,mn05,80.4,243.0,,,120.0,326.0,,359.0,,,,,,,,4.21,,,
PMC9333225,t3,MN05,E. coliATCC 25922,E. coli,MIC,,untreated,17.0,,%,,auto_A,"Antibacterial activity of manuka/ Leptospermum  honeys and comparators, including minimum inhibitory concentrations, total activity and non-peroxide activity. ||  | MIC (% w/v honey) |  |  |  | Antiba",MIC,%w/v,%w/v,False,False,False,Correlation of the antibacterial activity of commercial manuka and Leptospermum honeys from Australia and New Zealand with methylglyoxal content and other physicochemical characteristics.,2022.0,10.1371/journal.pone.0272376,35901185.0,PloS one,PMC9333225,mn05,80.4,243.0,,,120.0,326.0,,359.0,,,,,,,,4.21,,,
PMC9333225,t3,MN05,P. aeruginosaATCC 27853,P. aeruginosa,MIC,,untreated,26.0,,%,,auto_A,"Antibacterial activity of manuka/ Leptospermum  honeys and comparators, including minimum inhibitory concentrations, total activity and non-peroxide activity. ||  | MIC (% w/v honey) |  |  |  | Antiba",MIC,%w/v,%w/v,False,False,False,Correlation of the antibacterial activity of commercial manuka and Leptospermum honeys from Australia and New Zealand with methylglyoxal content and other physicochemical characteristics.,2022.0,10.1371/journal.pone.0272376,35901185.0,PloS one,PMC9333225,mn05,80.4,243.0,,,120.0,326.0,,359.0,,,,,,,,4.21,,,
PMC9333225,t3,MN06,S. aureusATCC 29213,S. aureus,MIC,,untreated,16.0,,%,,auto_A,"Antibacterial activity of manuka/ Leptospermum  honeys and comparators, including minimum inhibitory concentrations, total activity and non-peroxide activity. ||  | MIC (% w/v honey) |  |  |  | Antiba",MIC,%w/v,%w/v,False,False,False,Correlation of the antibacterial activity of commercial manuka and Leptospermum honeys from Australia and New Zealand with methylglyoxal content and other physicochemical characteristics.,2022.0,10.1371/journal.pone.0272376,35901185.0,PloS one,PMC9333225,mn06,81.7,270.0,,,183.0,183.0,,491.0,,,,,,,,4.12,,,
PMC9333225,t3,MN06,E. faecalisATCC 29212,E. faecalis,MIC,,untreated,27.0,,%,,auto_A,"Antibacterial activity of manuka/ Leptospermum  honeys and comparators, including minimum inhibitory concentrations, total activity and non-peroxide activity. ||  | MIC (% w/v honey) |  |  |  | Antiba",MIC,%w/v,%w/v,False,False,False,Correlation of the antibacterial activity of commercial manuka and Leptospermum honeys from Australia and New Zealand with methylglyoxal content and other physicochemical characteristics.,2022.0,10.1371/journal.pone.0272376,35901185.0,PloS one,PMC9333225,mn06,81.7,270.0,,,183.0,183.0,,491.0,,,,,,,,4.12,,,
PMC9333225,t3,MN06,E. coliATCC 25922,E. coli,MIC,,untreated,24.0,,%,,auto_A,"Antibacterial activity of manuka/ Leptospermum  honeys and comparators, including minimum inhibitory concentrations, total activity and non-peroxide activity. ||  | MIC (% w/v honey) |  |  |  | Antiba",MIC,%w/v,%w/v,False,False,False,Correlation of the antibacterial activity of commercial manuka and Leptospermum honeys from Australia and New Zealand with methylglyoxal content and other physicochemical characteristics.,2022.0,10.1371/journal.pone.0272376,35901185.0,PloS one,PMC9333225,mn06,81.7,270.0,,,183.0,183.0,,491.0,,,,,,,,4.12,,,
PMC9333225,t3,MN06,P. aeruginosaATCC 27853,P. aeruginosa,MIC,,untreated,26.0,,%,,auto_A,"Antibacterial activity of manuka/ Leptospermum  honeys and comparators, including minimum inhibitory concentrations, total activity and non-peroxide activity. ||  | MIC (% w/v honey) |  |  |  | Antiba",MIC,%w/v,%w/v,False,False,False,Correlation of the antibacterial activity of commercial manuka and Leptospermum honeys from Australia and New Zealand with methylglyoxal content and other physicochemical characteristics.,2022.0,10.1371/journal.pone.0272376,35901185.0,PloS one,PMC9333225,mn06,81.7,270.0,,,183.0,183.0,,491.0,,,,,,,,4.12,,,
PMC9333225,t3,MN07,S. aureusATCC 29213,S. aureus,MIC,,untreated,8.0,,%,,auto_A,"Antibacterial activity of manuka/ Leptospermum  honeys and comparators, including minimum inhibitory concentrations, total activity and non-peroxide activity. ||  | MIC (% w/v honey) |  |  |  | Antiba",MIC,%w/v,%w/v,False,False,False,Correlation of the antibacterial activity of commercial manuka and Leptospermum honeys from Australia and New Zealand with methylglyoxal content and other physicochemical characteristics.,2022.0,10.1371/journal.pone.0272376,35901185.0,PloS one,PMC9333225,mn07,82.0,423.0,,,183.0,531.0,,432.0,,,,,,,,3.99,,,
PMC9333225,t3,MN07,E. faecalisATCC 29212,E. faecalis,MIC,,untreated,19.0,,%,,auto_A,"Antibacterial activity of manuka/ Leptospermum  honeys and comparators, including minimum inhibitory concentrations, total activity and non-peroxide activity. ||  | MIC (% w/v honey) |  |  |  | Antiba",MIC,%w/v,%w/v,False,False,False,Correlation of the antibacterial activity of commercial manuka and Leptospermum honeys from Australia and New Zealand with methylglyoxal content and other physicochemical characteristics.,2022.0,10.1371/journal.pone.0272376,35901185.0,PloS one,PMC9333225,mn07,82.0,423.0,,,183.0,531.0,,432.0,,,,,,,,3.99,,,
PMC9333225,t3,MN07,E. coliATCC 25922,E. coli,MIC,,untreated,12.0,,%,,auto_A,"Antibacterial activity of manuka/ Leptospermum  honeys and comparators, including minimum inhibitory concentrations, total activity and non-peroxide activity. ||  | MIC (% w/v honey) |  |  |  | Antiba",MIC,%w/v,%w/v,False,False,False,Correlation of the antibacterial activity of commercial manuka and Leptospermum honeys from Australia and New Zealand with methylglyoxal content and other physicochemical characteristics.,2022.0,10.1371/journal.pone.0272376,35901185.0,PloS one,PMC9333225,mn07,82.0,423.0,,,183.0,531.0,,432.0,,,,,,,,3.99,,,
PMC9333225,t3,MN07,P. aeruginosaATCC 27853,P. aeruginosa,MIC,,untreated,22.0,,%,,auto_A,"Antibacterial activity of manuka/ Leptospermum  honeys and comparators, including minimum inhibitory concentrations, total activity and non-peroxide activity. ||  | MIC (% w/v honey) |  |  |  | Antiba",MIC,%w/v,%w/v,False,False,False,Correlation of the antibacterial activity of commercial manuka and Leptospermum honeys from Australia and New Zealand with methylglyoxal content and other physicochemical characteristics.,2022.0,10.1371/journal.pone.0272376,35901185.0,PloS one,PMC9333225,mn07,82.0,423.0,,,183.0,531.0,,432.0,,,,,,,,3.99,,,
PMC9333225,t3,MN08,S. aureusATCC 29213,S. aureus,MIC,,untreated,8.0,,%,,auto_A,"Antibacterial activity of manuka/ Leptospermum  honeys and comparators, including minimum inhibitory concentrations, total activity and non-peroxide activity. ||  | MIC (% w/v honey) |  |  |  | Antiba",MIC,%w/v,%w/v,False,False,False,Correlation of the antibacterial activity of commercial manuka and Leptospermum honeys from Australia and New Zealand with methylglyoxal content and other physicochemical characteristics.,2022.0,10.1371/journal.pone.0272376,35901185.0,PloS one,PMC9333225,mn08,,431.0,,,432.0,532.0,,501.0,,,,,,,,3.93,,,
PMC9333225,t3,MN08,E. faecalisATCC 29212,E. faecalis,MIC,,untreated,17.0,,%,,auto_A,"Antibacterial activity of manuka/ Leptospermum  honeys and comparators, including minimum inhibitory concentrations, total activity and non-peroxide activity. ||  | MIC (% w/v honey) |  |  |  | Antiba",MIC,%w/v,%w/v,False,False,False,Correlation of the antibacterial activity of commercial manuka and Leptospermum honeys from Australia and New Zealand with methylglyoxal content and other physicochemical characteristics.,2022.0,10.1371/journal.pone.0272376,35901185.0,PloS one,PMC9333225,mn08,,431.0,,,432.0,532.0,,501.0,,,,,,,,3.93,,,
PMC9333225,t3,MN08,E. coliATCC 25922,E. coli,MIC,,untreated,10.0,,%,,auto_A,"Antibacterial activity of manuka/ Leptospermum  honeys and comparators, including minimum inhibitory concentrations, total activity and non-peroxide activity. ||  | MIC (% w/v honey) |  |  |  | Antiba",MIC,%w/v,%w/v,False,False,False,Correlation of the antibacterial activity of commercial manuka and Leptospermum honeys from Australia and New Zealand with methylglyoxal content and other physicochemical characteristics.,2022.0,10.1371/journal.pone.0272376,35901185.0,PloS one,PMC9333225,mn08,,431.0,,,432.0,532.0,,501.0,,,,,,,,3.93,,,
PMC9333225,t3,MN08,P. aeruginosaATCC 27853,P. aeruginosa,MIC,,untreated,16.0,,%,,auto_A,"Antibacterial activity of manuka/ Leptospermum  honeys and comparators, including minimum inhibitory concentrations, total activity and non-peroxide activity. ||  | MIC (% w/v honey) |  |  |  | Antiba",MIC,%w/v,%w/v,False,False,False,Correlation of the antibacterial activity of commercial manuka and Leptospermum honeys from Australia and New Zealand with methylglyoxal content and other physicochemical characteristics.,2022.0,10.1371/journal.pone.0272376,35901185.0,PloS one,PMC9333225,mn08,,431.0,,,432.0,532.0,,501.0,,,,,,,,3.93,,,
PMC9333225,t3,MN09,S. aureusATCC 29213,S. aureus,MIC,,untreated,9.0,,%,,auto_A,"Antibacterial activity of manuka/ Leptospermum  honeys and comparators, including minimum inhibitory concentrations, total activity and non-peroxide activity. ||  | MIC (% w/v honey) |  |  |  | Antiba",MIC,%w/v,%w/v,False,False,False,Correlation of the antibacterial activity of commercial manuka and Leptospermum honeys from Australia and New Zealand with methylglyoxal content and other physicochemical characteristics.,2022.0,10.1371/journal.pone.0272376,35901185.0,PloS one,PMC9333225,mn09,81.9,44.0,,,31.0,34.0,,226.0,,,,,,,,4.59,,,
PMC9333225,t3,MN09,E. faecalisATCC 29212,E. faecalis,MIC,,untreated,32.0,,%,,auto_A,"Antibacterial activity of manuka/ Leptospermum  honeys and comparators, including minimum inhibitory concentrations, total activity and non-peroxide activity. ||  | MIC (% w/v honey) |  |  |  | Antiba",MIC,%w/v,%w/v,False,False,False,Correlation of the antibacterial activity of commercial manuka and Leptospermum honeys from Australia and New Zealand with methylglyoxal content and other physicochemical characteristics.,2022.0,10.1371/journal.pone.0272376,35901185.0,PloS one,PMC9333225,mn09,81.9,44.0,,,31.0,34.0,,226.0,,,,,,,,4.59,,,
PMC9333225,t3,MN09,E. coliATCC 25922,E. coli,MIC,,untreated,26.0,,%,,auto_A,"Antibacterial activity of manuka/ Leptospermum  honeys and comparators, including minimum inhibitory concentrations, total activity and non-peroxide activity. ||  | MIC (% w/v honey) |  |  |  | Antiba",MIC,%w/v,%w/v,False,False,False,Correlation of the antibacterial activity of commercial manuka and Leptospermum honeys from Australia and New Zealand with methylglyoxal content and other physicochemical characteristics.,2022.0,10.1371/journal.pone.0272376,35901185.0,PloS one,PMC9333225,mn09,81.9,44.0,,,31.0,34.0,,226.0,,,,,,,,4.59,,,
PMC9333225,t3,MN09,P. aeruginosaATCC 27853,P. aeruginosa,MIC,,untreated,16.0,,%,,auto_A,"Antibacterial activity of manuka/ Leptospermum  honeys and comparators, including minimum inhibitory concentrations, total activity and non-peroxide activity. ||  | MIC (% w/v honey) |  |  |  | Antiba",MIC,%w/v,%w/v,False,False,False,Correlation of the antibacterial activity of commercial manuka and Leptospermum honeys from Australia and New Zealand with methylglyoxal content and other physicochemical characteristics.,2022.0,10.1371/journal.pone.0272376,35901185.0,PloS one,PMC9333225,mn09,81.9,44.0,,,31.0,34.0,,226.0,,,,,,,,4.59,,,
PMC9333225,t3,MN10,S. aureusATCC 29213,S. aureus,MIC,,untreated,4.0,,%,,auto_A,"Antibacterial activity of manuka/ Leptospermum  honeys and comparators, including minimum inhibitory concentrations, total activity and non-peroxide activity. ||  | MIC (% w/v honey) |  |  |  | Antiba",MIC,%w/v,%w/v,False,False,False,Correlation of the antibacterial activity of commercial manuka and Leptospermum honeys from Australia and New Zealand with methylglyoxal content and other physicochemical characteristics.,2022.0,10.1371/journal.pone.0272376,35901185.0,PloS one,PMC9333225,mn10,,395.0,,,72.0,911.0,,425.0,,,,,,,,4.12,,,
PMC9333225,t3,MN10,E. faecalisATCC 29212,E. faecalis,MIC,,untreated,14.0,,%,,auto_A,"Antibacterial activity of manuka/ Leptospermum  honeys and comparators, including minimum inhibitory concentrations, total activity and non-peroxide activity. ||  | MIC (% w/v honey) |  |  |  | Antiba",MIC,%w/v,%w/v,False,False,False,Correlation of the antibacterial activity of commercial manuka and Leptospermum honeys from Australia and New Zealand with methylglyoxal content and other physicochemical characteristics.,2022.0,10.1371/journal.pone.0272376,35901185.0,PloS one,PMC9333225,mn10,,395.0,,,72.0,911.0,,425.0,,,,,,,,4.12,,,
PMC9333225,t3,MN10,E. coliATCC 25922,E. coli,MIC,,untreated,6.0,,%,,auto_A,"Antibacterial activity of manuka/ Leptospermum  honeys and comparators, including minimum inhibitory concentrations, total activity and non-peroxide activity. ||  | MIC (% w/v honey) |  |  |  | Antiba",MIC,%w/v,%w/v,False,False,False,Correlation of the antibacterial activity of commercial manuka and Leptospermum honeys from Australia and New Zealand with methylglyoxal content and other physicochemical characteristics.,2022.0,10.1371/journal.pone.0272376,35901185.0,PloS one,PMC9333225,mn10,,395.0,,,72.0,911.0,,425.0,,,,,,,,4.12,,,
PMC9333225,t3,MN10,P. aeruginosaATCC 27853,P. aeruginosa,MIC,,untreated,18.0,,%,,auto_A,"Antibacterial activity of manuka/ Leptospermum  honeys and comparators, including minimum inhibitory concentrations, total activity and non-peroxide activity. ||  | MIC (% w/v honey) |  |  |  | Antiba",MIC,%w/v,%w/v,False,False,False,Correlation of the antibacterial activity of commercial manuka and Leptospermum honeys from Australia and New Zealand with methylglyoxal content and other physicochemical characteristics.,2022.0,10.1371/journal.pone.0272376,35901185.0,PloS one,PMC9333225,mn10,,395.0,,,72.0,911.0,,425.0,,,,,,,,4.12,,,
PMC9333225,t3,MN11,S. aureusATCC 29213,S. aureus,MIC,,untreated,8.0,,%,,auto_A,"Antibacterial activity of manuka/ Leptospermum  honeys and comparators, including minimum inhibitory concentrations, total activity and non-peroxide activity. ||  | MIC (% w/v honey) |  |  |  | Antiba",MIC,%w/v,%w/v,False,False,False,Correlation of the antibacterial activity of commercial manuka and Leptospermum honeys from Australia and New Zealand with methylglyoxal content and other physicochemical characteristics.,2022.0,10.1371/journal.pone.0272376,35901185.0,PloS one,PMC9333225,mn11,80.3,482.0,,,36.0,494.0,,353.0,,,,,,,,4.2,,,
PMC9333225,t3,MN11,E. faecalisATCC 29212,E. faecalis,MIC,,untreated,19.0,,%,,auto_A,"Antibacterial activity of manuka/ Leptospermum  honeys and comparators, including minimum inhibitory concentrations, total activity and non-peroxide activity. ||  | MIC (% w/v honey) |  |  |  | Antiba",MIC,%w/v,%w/v,False,False,False,Correlation of the antibacterial activity of commercial manuka and Leptospermum honeys from Australia and New Zealand with methylglyoxal content and other physicochemical characteristics.,2022.0,10.1371/journal.pone.0272376,35901185.0,PloS one,PMC9333225,mn11,80.3,482.0,,,36.0,494.0,,353.0,,,,,,,,4.2,,,
PMC9333225,t3,MN11,E. coliATCC 25922,E. coli,MIC,,untreated,10.0,,%,,auto_A,"Antibacterial activity of manuka/ Leptospermum  honeys and comparators, including minimum inhibitory concentrations, total activity and non-peroxide activity. ||  | MIC (% w/v honey) |  |  |  | Antiba",MIC,%w/v,%w/v,False,False,False,Correlation of the antibacterial activity of commercial manuka and Leptospermum honeys from Australia and New Zealand with methylglyoxal content and other physicochemical characteristics.,2022.0,10.1371/journal.pone.0272376,35901185.0,PloS one,PMC9333225,mn11,80.3,482.0,,,36.0,494.0,,353.0,,,,,,,,4.2,,,
PMC9333225,t3,MN11,P. aeruginosaATCC 27853,P. aeruginosa,MIC,,untreated,20.0,,%,,auto_A,"Antibacterial activity of manuka/ Leptospermum  honeys and comparators, including minimum inhibitory concentrations, total activity and non-peroxide activity. ||  | MIC (% w/v honey) |  |  |  | Antiba",MIC,%w/v,%w/v,False,False,False,Correlation of the antibacterial activity of commercial manuka and Leptospermum honeys from Australia and New Zealand with methylglyoxal content and other physicochemical characteristics.,2022.0,10.1371/journal.pone.0272376,35901185.0,PloS one,PMC9333225,mn11,80.3,482.0,,,36.0,494.0,,353.0,,,,,,,,4.2,,,
PMC9333225,t3,MN12,S. aureusATCC 29213,S. aureus,MIC,,untreated,6.0,,%,,auto_A,"Antibacterial activity of manuka/ Leptospermum  honeys and comparators, including minimum inhibitory concentrations, total activity and non-peroxide activity. ||  | MIC (% w/v honey) |  |  |  | Antiba",MIC,%w/v,%w/v,False,False,False,Correlation of the antibacterial activity of commercial manuka and Leptospermum honeys from Australia and New Zealand with methylglyoxal content and other physicochemical characteristics.,2022.0,10.1371/journal.pone.0272376,35901185.0,PloS one,PMC9333225,mn12,,448.0,,,34.0,572.0,,340.0,,,,,,,,4.17,,,
PMC9333225,t3,MN12,E. faecalisATCC 29212,E. faecalis,MIC,,untreated,17.0,,%,,auto_A,"Antibacterial activity of manuka/ Leptospermum  honeys and comparators, including minimum inhibitory concentrations, total activity and non-peroxide activity. ||  | MIC (% w/v honey) |  |  |  | Antiba",MIC,%w/v,%w/v,False,False,False,Correlation of the antibacterial activity of commercial manuka and Leptospermum honeys from Australia and New Zealand with methylglyoxal content and other physicochemical characteristics.,2022.0,10.1371/journal.pone.0272376,35901185.0,PloS one,PMC9333225,mn12,,448.0,,,34.0,572.0,,340.0,,,,,,,,4.17,,,
PMC9333225,t3,MN12,E. coliATCC 25922,E. coli,MIC,,untreated,8.0,,%,,auto_A,"Antibacterial activity of manuka/ Leptospermum  honeys and comparators, including minimum inhibitory concentrations, total activity and non-peroxide activity. ||  | MIC (% w/v honey) |  |  |  | Antiba",MIC,%w/v,%w/v,False,False,False,Correlation of the antibacterial activity of commercial manuka and Leptospermum honeys from Australia and New Zealand with methylglyoxal content and other physicochemical characteristics.,2022.0,10.1371/journal.pone.0272376,35901185.0,PloS one,PMC9333225,mn12,,448.0,,,34.0,572.0,,340.0,,,,,,,,4.17,,,
PMC9333225,t3,MN12,P. aeruginosaATCC 27853,P. aeruginosa,MIC,,untreated,16.0,,%,,auto_A,"Antibacterial activity of manuka/ Leptospermum  honeys and comparators, including minimum inhibitory concentrations, total activity and non-peroxide activity. ||  | MIC (% w/v honey) |  |  |  | Antiba",MIC,%w/v,%w/v,False,False,False,Correlation of the antibacterial activity of commercial manuka and Leptospermum honeys from Australia and New Zealand with methylglyoxal content and other physicochemical characteristics.,2022.0,10.1371/journal.pone.0272376,35901185.0,PloS one,PMC9333225,mn12,,448.0,,,34.0,572.0,,340.0,,,,,,,,4.17,,,
PMC9333225,t3,MN13,S. aureusATCC 29213,S. aureus,MIC,,untreated,12.0,,%,,auto_A,"Antibacterial activity of manuka/ Leptospermum  honeys and comparators, including minimum inhibitory concentrations, total activity and non-peroxide activity. ||  | MIC (% w/v honey) |  |  |  | Antiba",MIC,%w/v,%w/v,False,False,False,Correlation of the antibacterial activity of commercial manuka and Leptospermum honeys from Australia and New Zealand with methylglyoxal content and other physicochemical characteristics.,2022.0,10.1371/journal.pone.0272376,35901185.0,PloS one,PMC9333225,mn13,,259.0,,,57.0,280.0,,426.0,,,,,,,,4.23,,,
PMC9333225,t3,MN13,E. faecalisATCC 29212,E. faecalis,MIC,,untreated,24.0,,%,,auto_A,"Antibacterial activity of manuka/ Leptospermum  honeys and comparators, including minimum inhibitory concentrations, total activity and non-peroxide activity. ||  | MIC (% w/v honey) |  |  |  | Antiba",MIC,%w/v,%w/v,False,False,False,Correlation of the antibacterial activity of commercial manuka and Leptospermum honeys from Australia and New Zealand with methylglyoxal content and other physicochemical characteristics.,2022.0,10.1371/journal.pone.0272376,35901185.0,PloS one,PMC9333225,mn13,,259.0,,,57.0,280.0,,426.0,,,,,,,,4.23,,,
PMC9333225,t3,MN13,E. coliATCC 25922,E. coli,MIC,,untreated,16.0,,%,,auto_A,"Antibacterial activity of manuka/ Leptospermum  honeys and comparators, including minimum inhibitory concentrations, total activity and non-peroxide activity. ||  | MIC (% w/v honey) |  |  |  | Antiba",MIC,%w/v,%w/v,False,False,False,Correlation of the antibacterial activity of commercial manuka and Leptospermum honeys from Australia and New Zealand with methylglyoxal content and other physicochemical characteristics.,2022.0,10.1371/journal.pone.0272376,35901185.0,PloS one,PMC9333225,mn13,,259.0,,,57.0,280.0,,426.0,,,,,,,,4.23,,,
PMC9333225,t3,MN13,P. aeruginosaATCC 27853,P. aeruginosa,MIC,,untreated,26.0,,%,,auto_A,"Antibacterial activity of manuka/ Leptospermum  honeys and comparators, including minimum inhibitory concentrations, total activity and non-peroxide activity. ||  | MIC (% w/v honey) |  |  |  | Antiba",MIC,%w/v,%w/v,False,False,False,Correlation of the antibacterial activity of commercial manuka and Leptospermum honeys from Australia and New Zealand with methylglyoxal content and other physicochemical characteristics.,2022.0,10.1371/journal.pone.0272376,35901185.0,PloS one,PMC9333225,mn13,,259.0,,,57.0,280.0,,426.0,,,,,,,,4.23,,,
PMC9333225,t3,MN14,S. aureusATCC 29213,S. aureus,MIC,,untreated,27.0,,%,,auto_A,"Antibacterial activity of manuka/ Leptospermum  honeys and comparators, including minimum inhibitory concentrations, total activity and non-peroxide activity. ||  | MIC (% w/v honey) |  |  |  | Antiba",MIC,%w/v,%w/v,False,False,False,Correlation of the antibacterial activity of commercial manuka and Leptospermum honeys from Australia and New Zealand with methylglyoxal content and other physicochemical characteristics.,2022.0,10.1371/journal.pone.0272376,35901185.0,PloS one,PMC9333225,mn14,80.8,99.0,,,231.0,75.0,,420.0,,,,,,,,4.26,,,
PMC9333225,t3,MN14,E. faecalisATCC 29212,E. faecalis,MIC,,untreated,30.0,,%,gt,auto_A,"Antibacterial activity of manuka/ Leptospermum  honeys and comparators, including minimum inhibitory concentrations, total activity and non-peroxide activity. ||  | MIC (% w/v honey) |  |  |  | Antiba",MIC,%w/v,%w/v,False,False,False,Correlation of the antibacterial activity of commercial manuka and Leptospermum honeys from Australia and New Zealand with methylglyoxal content and other physicochemical characteristics.,2022.0,10.1371/journal.pone.0272376,35901185.0,PloS one,PMC9333225,mn14,80.8,99.0,,,231.0,75.0,,420.0,,,,,,,,4.26,,,
PMC9333225,t3,MN14,E. coliATCC 25922,E. coli,MIC,,untreated,30.0,,%,,auto_A,"Antibacterial activity of manuka/ Leptospermum  honeys and comparators, including minimum inhibitory concentrations, total activity and non-peroxide activity. ||  | MIC (% w/v honey) |  |  |  | Antiba",MIC,%w/v,%w/v,False,False,False,Correlation of the antibacterial activity of commercial manuka and Leptospermum honeys from Australia and New Zealand with methylglyoxal content and other physicochemical characteristics.,2022.0,10.1371/journal.pone.0272376,35901185.0,PloS one,PMC9333225,mn14,80.8,99.0,,,231.0,75.0,,420.0,,,,,,,,4.26,,,
PMC9333225,t3,MN14,P. aeruginosaATCC 27853,P. aeruginosa,MIC,,untreated,26.0,,%,,auto_A,"Antibacterial activity of manuka/ Leptospermum  honeys and comparators, including minimum inhibitory concentrations, total activity and non-peroxide activity. ||  | MIC (% w/v honey) |  |  |  | Antiba",MIC,%w/v,%w/v,False,False,False,Correlation of the antibacterial activity of commercial manuka and Leptospermum honeys from Australia and New Zealand with methylglyoxal content and other physicochemical characteristics.,2022.0,10.1371/journal.pone.0272376,35901185.0,PloS one,PMC9333225,mn14,80.8,99.0,,,231.0,75.0,,420.0,,,,,,,,4.26,,,
PMC9333225,t3,MN15,S. aureusATCC 29213,S. aureus,MIC,,untreated,27.0,,%,,auto_A,"Antibacterial activity of manuka/ Leptospermum  honeys and comparators, including minimum inhibitory concentrations, total activity and non-peroxide activity. ||  | MIC (% w/v honey) |  |  |  | Antiba",MIC,%w/v,%w/v,False,False,False,Correlation of the antibacterial activity of commercial manuka and Leptospermum honeys from Australia and New Zealand with methylglyoxal content and other physicochemical characteristics.,2022.0,10.1371/journal.pone.0272376,35901185.0,PloS one,PMC9333225,mn15,81.2,147.0,,,57.0,94.0,,260.0,,,,,,,,4.52,,,
PMC9333225,t3,MN15,E. faecalisATCC 29212,E. faecalis,MIC,,untreated,30.0,,%,gt,auto_A,"Antibacterial activity of manuka/ Leptospermum  honeys and comparators, including minimum inhibitory concentrations, total activity and non-peroxide activity. ||  | MIC (% w/v honey) |  |  |  | Antiba",MIC,%w/v,%w/v,False,False,False,Correlation of the antibacterial activity of commercial manuka and Leptospermum honeys from Australia and New Zealand with methylglyoxal content and other physicochemical characteristics.,2022.0,10.1371/journal.pone.0272376,35901185.0,PloS one,PMC9333225,mn15,81.2,147.0,,,57.0,94.0,,260.0,,,,,,,,4.52,,,
PMC9333225,t3,MN15,E. coliATCC 25922,E. coli,MIC,,untreated,28.0,,%,,auto_A,"Antibacterial activity of manuka/ Leptospermum  honeys and comparators, including minimum inhibitory concentrations, total activity and non-peroxide activity. ||  | MIC (% w/v honey) |  |  |  | Antiba",MIC,%w/v,%w/v,False,False,False,Correlation of the antibacterial activity of commercial manuka and Leptospermum honeys from Australia and New Zealand with methylglyoxal content and other physicochemical characteristics.,2022.0,10.1371/journal.pone.0272376,35901185.0,PloS one,PMC9333225,mn15,81.2,147.0,,,57.0,94.0,,260.0,,,,,,,,4.52,,,
PMC9333225,t3,MN15,P. aeruginosaATCC 27853,P. aeruginosa,MIC,,untreated,26.0,,%,,auto_A,"Antibacterial activity of manuka/ Leptospermum  honeys and comparators, including minimum inhibitory concentrations, total activity and non-peroxide activity. ||  | MIC (% w/v honey) |  |  |  | Antiba",MIC,%w/v,%w/v,False,False,False,Correlation of the antibacterial activity of commercial manuka and Leptospermum honeys from Australia and New Zealand with methylglyoxal content and other physicochemical characteristics.,2022.0,10.1371/journal.pone.0272376,35901185.0,PloS one,PMC9333225,mn15,81.2,147.0,,,57.0,94.0,,260.0,,,,,,,,4.52,,,
PMC9333225,t3,MN16,S. aureusATCC 29213,S. aureus,MIC,,untreated,6.0,,%,,auto_A,"Antibacterial activity of manuka/ Leptospermum  honeys and comparators, including minimum inhibitory concentrations, total activity and non-peroxide activity. ||  | MIC (% w/v honey) |  |  |  | Antiba",MIC,%w/v,%w/v,False,False,False,Correlation of the antibacterial activity of commercial manuka and Leptospermum honeys from Australia and New Zealand with methylglyoxal content and other physicochemical characteristics.,2022.0,10.1371/journal.pone.0272376,35901185.0,PloS one,PMC9333225,mn16,,348.0,,,68.0,575.0,,418.0,,,,,,,,4.11,,,
PMC9333225,t3,MN16,E. faecalisATCC 29212,E. faecalis,MIC,,untreated,17.0,,%,,auto_A,"Antibacterial activity of manuka/ Leptospermum  honeys and comparators, including minimum inhibitory concentrations, total activity and non-peroxide activity. ||  | MIC (% w/v honey) |  |  |  | Antiba",MIC,%w/v,%w/v,False,False,False,Correlation of the antibacterial activity of commercial manuka and Leptospermum honeys from Australia and New Zealand with methylglyoxal content and other physicochemical characteristics.,2022.0,10.1371/journal.pone.0272376,35901185.0,PloS one,PMC9333225,mn16,,348.0,,,68.0,575.0,,418.0,,,,,,,,4.11,,,
PMC9333225,t3,MN16,E. coliATCC 25922,E. coli,MIC,,untreated,10.0,,%,,auto_A,"Antibacterial activity of manuka/ Leptospermum  honeys and comparators, including minimum inhibitory concentrations, total activity and non-peroxide activity. ||  | MIC (% w/v honey) |  |  |  | Antiba",MIC,%w/v,%w/v,False,False,False,Correlation of the antibacterial activity of commercial manuka and Leptospermum honeys from Australia and New Zealand with methylglyoxal content and other physicochemical characteristics.,2022.0,10.1371/journal.pone.0272376,35901185.0,PloS one,PMC9333225,mn16,,348.0,,,68.0,575.0,,418.0,,,,,,,,4.11,,,
PMC9333225,t3,MN16,P. aeruginosaATCC 27853,P. aeruginosa,MIC,,untreated,20.0,,%,,auto_A,"Antibacterial activity of manuka/ Leptospermum  honeys and comparators, including minimum inhibitory concentrations, total activity and non-peroxide activity. ||  | MIC (% w/v honey) |  |  |  | Antiba",MIC,%w/v,%w/v,False,False,False,Correlation of the antibacterial activity of commercial manuka and Leptospermum honeys from Australia and New Zealand with methylglyoxal content and other physicochemical characteristics.,2022.0,10.1371/journal.pone.0272376,35901185.0,PloS one,PMC9333225,mn16,,348.0,,,68.0,575.0,,418.0,,,,,,,,4.11,,,
PMC9333225,t3,MN17,S. aureusATCC 29213,S. aureus,MIC,,untreated,29.0,,%,,auto_A,"Antibacterial activity of manuka/ Leptospermum  honeys and comparators, including minimum inhibitory concentrations, total activity and non-peroxide activity. ||  | MIC (% w/v honey) |  |  |  | Antiba",MIC,%w/v,%w/v,False,False,False,Correlation of the antibacterial activity of commercial manuka and Leptospermum honeys from Australia and New Zealand with methylglyoxal content and other physicochemical characteristics.,2022.0,10.1371/journal.pone.0272376,35901185.0,PloS one,PMC9333225,mn17,,80.0,,,146.0,42.0,,294.0,,,,,,,,4.18,,,
PMC9333225,t3,MN17,E. faecalisATCC 29212,E. faecalis,MIC,,untreated,30.0,,%,gt,auto_A,"Antibacterial activity of manuka/ Leptospermum  honeys and comparators, including minimum inhibitory concentrations, total activity and non-peroxide activity. ||  | MIC (% w/v honey) |  |  |  | Antiba",MIC,%w/v,%w/v,False,False,False,Correlation of the antibacterial activity of commercial manuka and Leptospermum honeys from Australia and New Zealand with methylglyoxal content and other physicochemical characteristics.,2022.0,10.1371/journal.pone.0272376,35901185.0,PloS one,PMC9333225,mn17,,80.0,,,146.0,42.0,,294.0,,,,,,,,4.18,,,
PMC9333225,t3,MN17,E. coliATCC 25922,E. coli,MIC,,untreated,29.0,,%,,auto_A,"Antibacterial activity of manuka/ Leptospermum  honeys and comparators, including minimum inhibitory concentrations, total activity and non-peroxide activity. ||  | MIC (% w/v honey) |  |  |  | Antiba",MIC,%w/v,%w/v,False,False,False,Correlation of the antibacterial activity of commercial manuka and Leptospermum honeys from Australia and New Zealand with methylglyoxal content and other physicochemical characteristics.,2022.0,10.1371/journal.pone.0272376,35901185.0,PloS one,PMC9333225,mn17,,80.0,,,146.0,42.0,,294.0,,,,,,,,4.18,,,
PMC9333225,t3,MN17,P. aeruginosaATCC 27853,P. aeruginosa,MIC,,untreated,21.0,,%,,auto_A,"Antibacterial activity of manuka/ Leptospermum  honeys and comparators, including minimum inhibitory concentrations, total activity and non-peroxide activity. ||  | MIC (% w/v honey) |  |  |  | Antiba",MIC,%w/v,%w/v,False,False,False,Correlation of the antibacterial activity of commercial manuka and Leptospermum honeys from Australia and New Zealand with methylglyoxal content and other physicochemical characteristics.,2022.0,10.1371/journal.pone.0272376,35901185.0,PloS one,PMC9333225,mn17,,80.0,,,146.0,42.0,,294.0,,,,,,,,4.18,,,
PMC9333225,t3,MN18,S. aureusATCC 29213,S. aureus,MIC,,untreated,11.0,,%,,auto_A,"Antibacterial activity of manuka/ Leptospermum  honeys and comparators, including minimum inhibitory concentrations, total activity and non-peroxide activity. ||  | MIC (% w/v honey) |  |  |  | Antiba",MIC,%w/v,%w/v,False,False,False,Correlation of the antibacterial activity of commercial manuka and Leptospermum honeys from Australia and New Zealand with methylglyoxal content and other physicochemical characteristics.,2022.0,10.1371/journal.pone.0272376,35901185.0,PloS one,PMC9333225,mn18,81.2,106.0,,,58.0,89.0,,297.0,,,,,,,,4.4,,,
PMC9333225,t3,MN18,E. faecalisATCC 29212,E. faecalis,MIC,,untreated,30.0,,%,gt,auto_A,"Antibacterial activity of manuka/ Leptospermum  honeys and comparators, including minimum inhibitory concentrations, total activity and non-peroxide activity. ||  | MIC (% w/v honey) |  |  |  | Antiba",MIC,%w/v,%w/v,False,False,False,Correlation of the antibacterial activity of commercial manuka and Leptospermum honeys from Australia and New Zealand with methylglyoxal content and other physicochemical characteristics.,2022.0,10.1371/journal.pone.0272376,35901185.0,PloS one,PMC9333225,mn18,81.2,106.0,,,58.0,89.0,,297.0,,,,,,,,4.4,,,
PMC9333225,t3,MN18,E. coliATCC 25922,E. coli,MIC,,untreated,19.0,,%,,auto_A,"Antibacterial activity of manuka/ Leptospermum  honeys and comparators, including minimum inhibitory concentrations, total activity and non-peroxide activity. ||  | MIC (% w/v honey) |  |  |  | Antiba",MIC,%w/v,%w/v,False,False,False,Correlation of the antibacterial activity of commercial manuka and Leptospermum honeys from Australia and New Zealand with methylglyoxal content and other physicochemical characteristics.,2022.0,10.1371/journal.pone.0272376,35901185.0,PloS one,PMC9333225,mn18,81.2,106.0,,,58.0,89.0,,297.0,,,,,,,,4.4,,,
PMC9333225,t3,MN18,P. aeruginosaATCC 27853,P. aeruginosa,MIC,,untreated,18.0,,%,,auto_A,"Antibacterial activity of manuka/ Leptospermum  honeys and comparators, including minimum inhibitory concentrations, total activity and non-peroxide activity. ||  | MIC (% w/v honey) |  |  |  | Antiba",MIC,%w/v,%w/v,False,False,False,Correlation of the antibacterial activity of commercial manuka and Leptospermum honeys from Australia and New Zealand with methylglyoxal content and other physicochemical characteristics.,2022.0,10.1371/journal.pone.0272376,35901185.0,PloS one,PMC9333225,mn18,81.2,106.0,,,58.0,89.0,,297.0,,,,,,,,4.4,,,
PMC9333225,t3,MN19,S. aureusATCC 29213,S. aureus,MIC,,untreated,6.0,,%,,auto_A,"Antibacterial activity of manuka/ Leptospermum  honeys and comparators, including minimum inhibitory concentrations, total activity and non-peroxide activity. ||  | MIC (% w/v honey) |  |  |  | Antiba",MIC,%w/v,%w/v,False,False,False,Correlation of the antibacterial activity of commercial manuka and Leptospermum honeys from Australia and New Zealand with methylglyoxal content and other physicochemical characteristics.,2022.0,10.1371/journal.pone.0272376,35901185.0,PloS one,PMC9333225,mn19,83.0,42.0,,,16.0,30.0,,233.0,,,,,,,,4.72,,,
PMC9333225,t3,MN19,E. faecalisATCC 29212,E. faecalis,MIC,,untreated,30.0,,%,gt,auto_A,"Antibacterial activity of manuka/ Leptospermum  honeys and comparators, including minimum inhibitory concentrations, total activity and non-peroxide activity. ||  | MIC (% w/v honey) |  |  |  | Antiba",MIC,%w/v,%w/v,False,False,False,Correlation of the antibacterial activity of commercial manuka and Leptospermum honeys from Australia and New Zealand with methylglyoxal content and other physicochemical characteristics.,2022.0,10.1371/journal.pone.0272376,35901185.0,PloS one,PMC9333225,mn19,83.0,42.0,,,16.0,30.0,,233.0,,,,,,,,4.72,,,
PMC9333225,t3,MN19,E. coliATCC 25922,E. coli,MIC,,untreated,28.0,,%,,auto_A,"Antibacterial activity of manuka/ Leptospermum  honeys and comparators, including minimum inhibitory concentrations, total activity and non-peroxide activity. ||  | MIC (% w/v honey) |  |  |  | Antiba",MIC,%w/v,%w/v,False,False,False,Correlation of the antibacterial activity of commercial manuka and Leptospermum honeys from Australia and New Zealand with methylglyoxal content and other physicochemical characteristics.,2022.0,10.1371/journal.pone.0272376,35901185.0,PloS one,PMC9333225,mn19,83.0,42.0,,,16.0,30.0,,233.0,,,,,,,,4.72,,,
PMC9333225,t3,MN19,P. aeruginosaATCC 27853,P. aeruginosa,MIC,,untreated,15.0,,%,,auto_A,"Antibacterial activity of manuka/ Leptospermum  honeys and comparators, including minimum inhibitory concentrations, total activity and non-peroxide activity. ||  | MIC (% w/v honey) |  |  |  | Antiba",MIC,%w/v,%w/v,False,False,False,Correlation of the antibacterial activity of commercial manuka and Leptospermum honeys from Australia and New Zealand with methylglyoxal content and other physicochemical characteristics.,2022.0,10.1371/journal.pone.0272376,35901185.0,PloS one,PMC9333225,mn19,83.0,42.0,,,16.0,30.0,,233.0,,,,,,,,4.72,,,
PMC9333225,t3,MN20,S. aureusATCC 29213,S. aureus,MIC,,untreated,13.0,,%,,auto_A,"Antibacterial activity of manuka/ Leptospermum  honeys and comparators, including minimum inhibitory concentrations, total activity and non-peroxide activity. ||  | MIC (% w/v honey) |  |  |  | Antiba",MIC,%w/v,%w/v,False,False,False,Correlation of the antibacterial activity of commercial manuka and Leptospermum honeys from Australia and New Zealand with methylglyoxal content and other physicochemical characteristics.,2022.0,10.1371/journal.pone.0272376,35901185.0,PloS one,PMC9333225,mn20,80.7,163.0,,,78.0,124.0,,356.0,,,,,,,,4.2,,,
PMC9333225,t3,MN20,E. faecalisATCC 29212,E. faecalis,MIC,,untreated,30.0,,%,gt,auto_A,"Antibacterial activity of manuka/ Leptospermum  honeys and comparators, including minimum inhibitory concentrations, total activity and non-peroxide activity. ||  | MIC (% w/v honey) |  |  |  | Antiba",MIC,%w/v,%w/v,False,False,False,Correlation of the antibacterial activity of commercial manuka and Leptospermum honeys from Australia and New Zealand with methylglyoxal content and other physicochemical characteristics.,2022.0,10.1371/journal.pone.0272376,35901185.0,PloS one,PMC9333225,mn20,80.7,163.0,,,78.0,124.0,,356.0,,,,,,,,4.2,,,
PMC9333225,t3,MN20,E. coliATCC 25922,E. coli,MIC,,untreated,19.0,,%,,auto_A,"Antibacterial activity of manuka/ Leptospermum  honeys and comparators, including minimum inhibitory concentrations, total activity and non-peroxide activity. ||  | MIC (% w/v honey) |  |  |  | Antiba",MIC,%w/v,%w/v,False,False,False,Correlation of the antibacterial activity of commercial manuka and Leptospermum honeys from Australia and New Zealand with methylglyoxal content and other physicochemical characteristics.,2022.0,10.1371/journal.pone.0272376,35901185.0,PloS one,PMC9333225,mn20,80.7,163.0,,,78.0,124.0,,356.0,,,,,,,,4.2,,,
PMC9333225,t3,MN20,P. aeruginosaATCC 27853,P. aeruginosa,MIC,,untreated,19.0,,%,,auto_A,"Antibacterial activity of manuka/ Leptospermum  honeys and comparators, including minimum inhibitory concentrations, total activity and non-peroxide activity. ||  | MIC (% w/v honey) |  |  |  | Antiba",MIC,%w/v,%w/v,False,False,False,Correlation of the antibacterial activity of commercial manuka and Leptospermum honeys from Australia and New Zealand with methylglyoxal content and other physicochemical characteristics.,2022.0,10.1371/journal.pone.0272376,35901185.0,PloS one,PMC9333225,mn20,80.7,163.0,,,78.0,124.0,,356.0,,,,,,,,4.2,,,
PMC9333225,t3,MN21,S. aureusATCC 29213,S. aureus,MIC,,untreated,8.0,,%,,auto_A,"Antibacterial activity of manuka/ Leptospermum  honeys and comparators, including minimum inhibitory concentrations, total activity and non-peroxide activity. ||  | MIC (% w/v honey) |  |  |  | Antiba",MIC,%w/v,%w/v,False,False,False,Correlation of the antibacterial activity of commercial manuka and Leptospermum honeys from Australia and New Zealand with methylglyoxal content and other physicochemical characteristics.,2022.0,10.1371/journal.pone.0272376,35901185.0,PloS one,PMC9333225,mn21,80.1,610.0,,,82.0,454.0,,258.0,,,,,,,,4.14,,,
PMC9333225,t3,MN21,E. faecalisATCC 29212,E. faecalis,MIC,,untreated,21.0,,%,,auto_A,"Antibacterial activity of manuka/ Leptospermum  honeys and comparators, including minimum inhibitory concentrations, total activity and non-peroxide activity. ||  | MIC (% w/v honey) |  |  |  | Antiba",MIC,%w/v,%w/v,False,False,False,Correlation of the antibacterial activity of commercial manuka and Leptospermum honeys from Australia and New Zealand with methylglyoxal content and other physicochemical characteristics.,2022.0,10.1371/journal.pone.0272376,35901185.0,PloS one,PMC9333225,mn21,80.1,610.0,,,82.0,454.0,,258.0,,,,,,,,4.14,,,
PMC9333225,t3,MN21,E. coliATCC 25922,E. coli,MIC,,untreated,13.0,,%,,auto_A,"Antibacterial activity of manuka/ Leptospermum  honeys and comparators, including minimum inhibitory concentrations, total activity and non-peroxide activity. ||  | MIC (% w/v honey) |  |  |  | Antiba",MIC,%w/v,%w/v,False,False,False,Correlation of the antibacterial activity of commercial manuka and Leptospermum honeys from Australia and New Zealand with methylglyoxal content and other physicochemical characteristics.,2022.0,10.1371/journal.pone.0272376,35901185.0,PloS one,PMC9333225,mn21,80.1,610.0,,,82.0,454.0,,258.0,,,,,,,,4.14,,,
PMC9333225,t3,MN21,P. aeruginosaATCC 27853,P. aeruginosa,MIC,,untreated,26.0,,%,,auto_A,"Antibacterial activity of manuka/ Leptospermum  honeys and comparators, including minimum inhibitory concentrations, total activity and non-peroxide activity. ||  | MIC (% w/v honey) |  |  |  | Antiba",MIC,%w/v,%w/v,False,False,False,Correlation of the antibacterial activity of commercial manuka and Leptospermum honeys from Australia and New Zealand with methylglyoxal content and other physicochemical characteristics.,2022.0,10.1371/journal.pone.0272376,35901185.0,PloS one,PMC9333225,mn21,80.1,610.0,,,82.0,454.0,,258.0,,,,,,,,4.14,,,
PMC9333225,t3,MN22,S. aureusATCC 29213,S. aureus,MIC,,untreated,6.0,,%,,auto_A,"Antibacterial activity of manuka/ Leptospermum  honeys and comparators, including minimum inhibitory concentrations, total activity and non-peroxide activity. ||  | MIC (% w/v honey) |  |  |  | Antiba",MIC,%w/v,%w/v,False,False,False,Correlation of the antibacterial activity of commercial manuka and Leptospermum honeys from Australia and New Zealand with methylglyoxal content and other physicochemical characteristics.,2022.0,10.1371/journal.pone.0272376,35901185.0,PloS one,PMC9333225,mn22,79.8,1185.0,,,46.0,857.0,,292.0,,,,,,,,4.15,,,
PMC9333225,t3,MN22,E. faecalisATCC 29212,E. faecalis,MIC,,untreated,14.0,,%,,auto_A,"Antibacterial activity of manuka/ Leptospermum  honeys and comparators, including minimum inhibitory concentrations, total activity and non-peroxide activity. ||  | MIC (% w/v honey) |  |  |  | Antiba",MIC,%w/v,%w/v,False,False,False,Correlation of the antibacterial activity of commercial manuka and Leptospermum honeys from Australia and New Zealand with methylglyoxal content and other physicochemical characteristics.,2022.0,10.1371/journal.pone.0272376,35901185.0,PloS one,PMC9333225,mn22,79.8,1185.0,,,46.0,857.0,,292.0,,,,,,,,4.15,,,
PMC9333225,t3,MN22,E. coliATCC 25922,E. coli,MIC,,untreated,9.0,,%,,auto_A,"Antibacterial activity of manuka/ Leptospermum  honeys and comparators, including minimum inhibitory concentrations, total activity and non-peroxide activity. ||  | MIC (% w/v honey) |  |  |  | Antiba",MIC,%w/v,%w/v,False,False,False,Correlation of the antibacterial activity of commercial manuka and Leptospermum honeys from Australia and New Zealand with methylglyoxal content and other physicochemical characteristics.,2022.0,10.1371/journal.pone.0272376,35901185.0,PloS one,PMC9333225,mn22,79.8,1185.0,,,46.0,857.0,,292.0,,,,,,,,4.15,,,
PMC9333225,t3,MN22,P. aeruginosaATCC 27853,P. aeruginosa,MIC,,untreated,20.0,,%,,auto_A,"Antibacterial activity of manuka/ Leptospermum  honeys and comparators, including minimum inhibitory concentrations, total activity and non-peroxide activity. ||  | MIC (% w/v honey) |  |  |  | Antiba",MIC,%w/v,%w/v,False,False,False,Correlation of the antibacterial activity of commercial manuka and Leptospermum honeys from Australia and New Zealand with methylglyoxal content and other physicochemical characteristics.,2022.0,10.1371/journal.pone.0272376,35901185.0,PloS one,PMC9333225,mn22,79.8,1185.0,,,46.0,857.0,,292.0,,,,,,,,4.15,,,
PMC9333225,t3,MN23,S. aureusATCC 29213,S. aureus,MIC,,untreated,6.0,,%,,auto_A,"Antibacterial activity of manuka/ Leptospermum  honeys and comparators, including minimum inhibitory concentrations, total activity and non-peroxide activity. ||  | MIC (% w/v honey) |  |  |  | Antiba",MIC,%w/v,%w/v,False,False,False,Correlation of the antibacterial activity of commercial manuka and Leptospermum honeys from Australia and New Zealand with methylglyoxal content and other physicochemical characteristics.,2022.0,10.1371/journal.pone.0272376,35901185.0,PloS one,PMC9333225,mn23,,898.0,,,23.0,649.0,,231.0,,,,,,,,4.27,,,
PMC9333225,t3,MN23,E. faecalisATCC 29212,E. faecalis,MIC,,untreated,14.0,,%,,auto_A,"Antibacterial activity of manuka/ Leptospermum  honeys and comparators, including minimum inhibitory concentrations, total activity and non-peroxide activity. ||  | MIC (% w/v honey) |  |  |  | Antiba",MIC,%w/v,%w/v,False,False,False,Correlation of the antibacterial activity of commercial manuka and Leptospermum honeys from Australia and New Zealand with methylglyoxal content and other physicochemical characteristics.,2022.0,10.1371/journal.pone.0272376,35901185.0,PloS one,PMC9333225,mn23,,898.0,,,23.0,649.0,,231.0,,,,,,,,4.27,,,
PMC9333225,t3,MN23,E. coliATCC 25922,E. coli,MIC,,untreated,10.0,,%,,auto_A,"Antibacterial activity of manuka/ Leptospermum  honeys and comparators, including minimum inhibitory concentrations, total activity and non-peroxide activity. ||  | MIC (% w/v honey) |  |  |  | Antiba",MIC,%w/v,%w/v,False,False,False,Correlation of the antibacterial activity of commercial manuka and Leptospermum honeys from Australia and New Zealand with methylglyoxal content and other physicochemical characteristics.,2022.0,10.1371/journal.pone.0272376,35901185.0,PloS one,PMC9333225,mn23,,898.0,,,23.0,649.0,,231.0,,,,,,,,4.27,,,
PMC9333225,t3,MN23,P. aeruginosaATCC 27853,P. aeruginosa,MIC,,untreated,18.0,,%,,auto_A,"Antibacterial activity of manuka/ Leptospermum  honeys and comparators, including minimum inhibitory concentrations, total activity and non-peroxide activity. ||  | MIC (% w/v honey) |  |  |  | Antiba",MIC,%w/v,%w/v,False,False,False,Correlation of the antibacterial activity of commercial manuka and Leptospermum honeys from Australia and New Zealand with methylglyoxal content and other physicochemical characteristics.,2022.0,10.1371/journal.pone.0272376,35901185.0,PloS one,PMC9333225,mn23,,898.0,,,23.0,649.0,,231.0,,,,,,,,4.27,,,
PMC9333225,t3,MN24,S. aureusATCC 29213,S. aureus,MIC,,untreated,23.0,,%,,auto_A,"Antibacterial activity of manuka/ Leptospermum  honeys and comparators, including minimum inhibitory concentrations, total activity and non-peroxide activity. ||  | MIC (% w/v honey) |  |  |  | Antiba",MIC,%w/v,%w/v,False,False,False,Correlation of the antibacterial activity of commercial manuka and Leptospermum honeys from Australia and New Zealand with methylglyoxal content and other physicochemical characteristics.,2022.0,10.1371/journal.pone.0272376,35901185.0,PloS one,PMC9333225,mn24,82.7,206.0,,,173.0,111.0,,263.0,,,,,,,,4.3,,,
PMC9333225,t3,MN24,E. faecalisATCC 29212,E. faecalis,MIC,,untreated,30.0,,%,gt,auto_A,"Antibacterial activity of manuka/ Leptospermum  honeys and comparators, including minimum inhibitory concentrations, total activity and non-peroxide activity. ||  | MIC (% w/v honey) |  |  |  | Antiba",MIC,%w/v,%w/v,False,False,False,Correlation of the antibacterial activity of commercial manuka and Leptospermum honeys from Australia and New Zealand with methylglyoxal content and other physicochemical characteristics.,2022.0,10.1371/journal.pone.0272376,35901185.0,PloS one,PMC9333225,mn24,82.7,206.0,,,173.0,111.0,,263.0,,,,,,,,4.3,,,
PMC9333225,t3,MN24,E. coliATCC 25922,E. coli,MIC,,untreated,28.0,,%,,auto_A,"Antibacterial activity of manuka/ Leptospermum  honeys and comparators, including minimum inhibitory concentrations, total activity and non-peroxide activity. ||  | MIC (% w/v honey) |  |  |  | Antiba",MIC,%w/v,%w/v,False,False,False,Correlation of the antibacterial activity of commercial manuka and Leptospermum honeys from Australia and New Zealand with methylglyoxal content and other physicochemical characteristics.,2022.0,10.1371/journal.pone.0272376,35901185.0,PloS one,PMC9333225,mn24,82.7,206.0,,,173.0,111.0,,263.0,,,,,,,,4.3,,,
PMC9333225,t3,MN24,P. aeruginosaATCC 27853,P. aeruginosa,MIC,,untreated,26.0,,%,,auto_A,"Antibacterial activity of manuka/ Leptospermum  honeys and comparators, including minimum inhibitory concentrations, total activity and non-peroxide activity. ||  | MIC (% w/v honey) |  |  |  | Antiba",MIC,%w/v,%w/v,False,False,False,Correlation of the antibacterial activity of commercial manuka and Leptospermum honeys from Australia and New Zealand with methylglyoxal content and other physicochemical characteristics.,2022.0,10.1371/journal.pone.0272376,35901185.0,PloS one,PMC9333225,mn24,82.7,206.0,,,173.0,111.0,,263.0,,,,,,,,4.3,,,
PMC9333225,t3,MN25,S. aureusATCC 29213,S. aureus,MIC,,untreated,9.0,,%,,auto_A,"Antibacterial activity of manuka/ Leptospermum  honeys and comparators, including minimum inhibitory concentrations, total activity and non-peroxide activity. ||  | MIC (% w/v honey) |  |  |  | Antiba",MIC,%w/v,%w/v,False,False,False,Correlation of the antibacterial activity of commercial manuka and Leptospermum honeys from Australia and New Zealand with methylglyoxal content and other physicochemical characteristics.,2022.0,10.1371/journal.pone.0272376,35901185.0,PloS one,PMC9333225,mn25,,196.0,,,109.0,274.0,,663.0,,,,,,,,4.0,,,
PMC9333225,t3,MN25,E. faecalisATCC 29212,E. faecalis,MIC,,untreated,20.0,,%,,auto_A,"Antibacterial activity of manuka/ Leptospermum  honeys and comparators, including minimum inhibitory concentrations, total activity and non-peroxide activity. ||  | MIC (% w/v honey) |  |  |  | Antiba",MIC,%w/v,%w/v,False,False,False,Correlation of the antibacterial activity of commercial manuka and Leptospermum honeys from Australia and New Zealand with methylglyoxal content and other physicochemical characteristics.,2022.0,10.1371/journal.pone.0272376,35901185.0,PloS one,PMC9333225,mn25,,196.0,,,109.0,274.0,,663.0,,,,,,,,4.0,,,
PMC9333225,t3,MN25,E. coliATCC 25922,E. coli,MIC,,untreated,12.0,,%,,auto_A,"Antibacterial activity of manuka/ Leptospermum  honeys and comparators, including minimum inhibitory concentrations, total activity and non-peroxide activity. ||  | MIC (% w/v honey) |  |  |  | Antiba",MIC,%w/v,%w/v,False,False,False,Correlation of the antibacterial activity of commercial manuka and Leptospermum honeys from Australia and New Zealand with methylglyoxal content and other physicochemical characteristics.,2022.0,10.1371/journal.pone.0272376,35901185.0,PloS one,PMC9333225,mn25,,196.0,,,109.0,274.0,,663.0,,,,,,,,4.0,,,
PMC9333225,t3,MN25,P. aeruginosaATCC 27853,P. aeruginosa,MIC,,untreated,16.0,,%,,auto_A,"Antibacterial activity of manuka/ Leptospermum  honeys and comparators, including minimum inhibitory concentrations, total activity and non-peroxide activity. ||  | MIC (% w/v honey) |  |  |  | Antiba",MIC,%w/v,%w/v,False,False,False,Correlation of the antibacterial activity of commercial manuka and Leptospermum honeys from Australia and New Zealand with methylglyoxal content and other physicochemical characteristics.,2022.0,10.1371/journal.pone.0272376,35901185.0,PloS one,PMC9333225,mn25,,196.0,,,109.0,274.0,,663.0,,,,,,,,4.0,,,
PMC9333225,t3,MN26,S. aureusATCC 29213,S. aureus,MIC,,untreated,15.0,,%,,auto_A,"Antibacterial activity of manuka/ Leptospermum  honeys and comparators, including minimum inhibitory concentrations, total activity and non-peroxide activity. ||  | MIC (% w/v honey) |  |  |  | Antiba",MIC,%w/v,%w/v,False,False,False,Correlation of the antibacterial activity of commercial manuka and Leptospermum honeys from Australia and New Zealand with methylglyoxal content and other physicochemical characteristics.,2022.0,10.1371/journal.pone.0272376,35901185.0,PloS one,PMC9333225,mn26,82.1,195.0,,,52.0,184.0,,405.0,,,,,,,,4.21,,,
PMC9333225,t3,MN26,E. faecalisATCC 29212,E. faecalis,MIC,,untreated,30.0,,%,,auto_A,"Antibacterial activity of manuka/ Leptospermum  honeys and comparators, including minimum inhibitory concentrations, total activity and non-peroxide activity. ||  | MIC (% w/v honey) |  |  |  | Antiba",MIC,%w/v,%w/v,False,False,False,Correlation of the antibacterial activity of commercial manuka and Leptospermum honeys from Australia and New Zealand with methylglyoxal content and other physicochemical characteristics.,2022.0,10.1371/journal.pone.0272376,35901185.0,PloS one,PMC9333225,mn26,82.1,195.0,,,52.0,184.0,,405.0,,,,,,,,4.21,,,
PMC9333225,t3,MN26,E. coliATCC 25922,E. coli,MIC,,untreated,20.0,,%,,auto_A,"Antibacterial activity of manuka/ Leptospermum  honeys and comparators, including minimum inhibitory concentrations, total activity and non-peroxide activity. ||  | MIC (% w/v honey) |  |  |  | Antiba",MIC,%w/v,%w/v,False,False,False,Correlation of the antibacterial activity of commercial manuka and Leptospermum honeys from Australia and New Zealand with methylglyoxal content and other physicochemical characteristics.,2022.0,10.1371/journal.pone.0272376,35901185.0,PloS one,PMC9333225,mn26,82.1,195.0,,,52.0,184.0,,405.0,,,,,,,,4.21,,,
PMC9333225,t3,MN26,P. aeruginosaATCC 27853,P. aeruginosa,MIC,,untreated,24.0,,%,,auto_A,"Antibacterial activity of manuka/ Leptospermum  honeys and comparators, including minimum inhibitory concentrations, total activity and non-peroxide activity. ||  | MIC (% w/v honey) |  |  |  | Antiba",MIC,%w/v,%w/v,False,False,False,Correlation of the antibacterial activity of commercial manuka and Leptospermum honeys from Australia and New Zealand with methylglyoxal content and other physicochemical characteristics.,2022.0,10.1371/journal.pone.0272376,35901185.0,PloS one,PMC9333225,mn26,82.1,195.0,,,52.0,184.0,,405.0,,,,,,,,4.21,,,
PMC9333225,t3,MN27,S. aureusATCC 29213,S. aureus,MIC,,untreated,8.0,,%,,auto_A,"Antibacterial activity of manuka/ Leptospermum  honeys and comparators, including minimum inhibitory concentrations, total activity and non-peroxide activity. ||  | MIC (% w/v honey) |  |  |  | Antiba",MIC,%w/v,%w/v,False,False,False,Correlation of the antibacterial activity of commercial manuka and Leptospermum honeys from Australia and New Zealand with methylglyoxal content and other physicochemical characteristics.,2022.0,10.1371/journal.pone.0272376,35901185.0,PloS one,PMC9333225,mn27,84.4,324.0,,,61.0,520.0,,437.0,,,,,,,,4.36,,,
PMC9333225,t3,MN27,E. faecalisATCC 29212,E. faecalis,MIC,,untreated,16.0,,%,,auto_A,"Antibacterial activity of manuka/ Leptospermum  honeys and comparators, including minimum inhibitory concentrations, total activity and non-peroxide activity. ||  | MIC (% w/v honey) |  |  |  | Antiba",MIC,%w/v,%w/v,False,False,False,Correlation of the antibacterial activity of commercial manuka and Leptospermum honeys from Australia and New Zealand with methylglyoxal content and other physicochemical characteristics.,2022.0,10.1371/journal.pone.0272376,35901185.0,PloS one,PMC9333225,mn27,84.4,324.0,,,61.0,520.0,,437.0,,,,,,,,4.36,,,
PMC9333225,t3,MN27,E. coliATCC 25922,E. coli,MIC,,untreated,11.0,,%,,auto_A,"Antibacterial activity of manuka/ Leptospermum  honeys and comparators, including minimum inhibitory concentrations, total activity and non-peroxide activity. ||  | MIC (% w/v honey) |  |  |  | Antiba",MIC,%w/v,%w/v,False,False,False,Correlation of the antibacterial activity of commercial manuka and Leptospermum honeys from Australia and New Zealand with methylglyoxal content and other physicochemical characteristics.,2022.0,10.1371/journal.pone.0272376,35901185.0,PloS one,PMC9333225,mn27,84.4,324.0,,,61.0,520.0,,437.0,,,,,,,,4.36,,,
PMC9333225,t3,MN27,P. aeruginosaATCC 27853,P. aeruginosa,MIC,,untreated,22.0,,%,,auto_A,"Antibacterial activity of manuka/ Leptospermum  honeys and comparators, including minimum inhibitory concentrations, total activity and non-peroxide activity. ||  | MIC (% w/v honey) |  |  |  | Antiba",MIC,%w/v,%w/v,False,False,False,Correlation of the antibacterial activity of commercial manuka and Leptospermum honeys from Australia and New Zealand with methylglyoxal content and other physicochemical characteristics.,2022.0,10.1371/journal.pone.0272376,35901185.0,PloS one,PMC9333225,mn27,84.4,324.0,,,61.0,520.0,,437.0,,,,,,,,4.36,,,
PMC9333225,t3,MN28,S. aureusATCC 29213,S. aureus,MIC,,untreated,5.0,,%,,auto_A,"Antibacterial activity of manuka/ Leptospermum  honeys and comparators, including minimum inhibitory concentrations, total activity and non-peroxide activity. ||  | MIC (% w/v honey) |  |  |  | Antiba",MIC,%w/v,%w/v,False,False,False,Correlation of the antibacterial activity of commercial manuka and Leptospermum honeys from Australia and New Zealand with methylglyoxal content and other physicochemical characteristics.,2022.0,10.1371/journal.pone.0272376,35901185.0,PloS one,PMC9333225,mn28,84.9,25.0,,,37.0,27.0,,211.0,,,,,,,,5.42,,,
PMC9333225,t3,MN28,E. faecalisATCC 29212,E. faecalis,MIC,,untreated,29.0,,%,,auto_A,"Antibacterial activity of manuka/ Leptospermum  honeys and comparators, including minimum inhibitory concentrations, total activity and non-peroxide activity. ||  | MIC (% w/v honey) |  |  |  | Antiba",MIC,%w/v,%w/v,False,False,False,Correlation of the antibacterial activity of commercial manuka and Leptospermum honeys from Australia and New Zealand with methylglyoxal content and other physicochemical characteristics.,2022.0,10.1371/journal.pone.0272376,35901185.0,PloS one,PMC9333225,mn28,84.9,25.0,,,37.0,27.0,,211.0,,,,,,,,5.42,,,
PMC9333225,t3,MN28,E. coliATCC 25922,E. coli,MIC,,untreated,23.0,,%,,auto_A,"Antibacterial activity of manuka/ Leptospermum  honeys and comparators, including minimum inhibitory concentrations, total activity and non-peroxide activity. ||  | MIC (% w/v honey) |  |  |  | Antiba",MIC,%w/v,%w/v,False,False,False,Correlation of the antibacterial activity of commercial manuka and Leptospermum honeys from Australia and New Zealand with methylglyoxal content and other physicochemical characteristics.,2022.0,10.1371/journal.pone.0272376,35901185.0,PloS one,PMC9333225,mn28,84.9,25.0,,,37.0,27.0,,211.0,,,,,,,,5.42,,,
PMC9333225,t3,MN28,P. aeruginosaATCC 27853,P. aeruginosa,MIC,,untreated,12.0,,%,,auto_A,"Antibacterial activity of manuka/ Leptospermum  honeys and comparators, including minimum inhibitory concentrations, total activity and non-peroxide activity. ||  | MIC (% w/v honey) |  |  |  | Antiba",MIC,%w/v,%w/v,False,False,False,Correlation of the antibacterial activity of commercial manuka and Leptospermum honeys from Australia and New Zealand with methylglyoxal content and other physicochemical characteristics.,2022.0,10.1371/journal.pone.0272376,35901185.0,PloS one,PMC9333225,mn28,84.9,25.0,,,37.0,27.0,,211.0,,,,,,,,5.42,,,
PMC9333225,t3,MN29,S. aureusATCC 29213,S. aureus,MIC,,untreated,6.0,,%,,auto_A,"Antibacterial activity of manuka/ Leptospermum  honeys and comparators, including minimum inhibitory concentrations, total activity and non-peroxide activity. ||  | MIC (% w/v honey) |  |  |  | Antiba",MIC,%w/v,%w/v,False,False,False,Correlation of the antibacterial activity of commercial manuka and Leptospermum honeys from Australia and New Zealand with methylglyoxal content and other physicochemical characteristics.,2022.0,10.1371/journal.pone.0272376,35901185.0,PloS one,PMC9333225,mn29,83.6,21.0,,,98.0,4.0,,444.0,,,,,,,,4.28,,,
PMC9333225,t3,MN29,E. faecalisATCC 29212,E. faecalis,MIC,,untreated,27.0,,%,,auto_A,"Antibacterial activity of manuka/ Leptospermum  honeys and comparators, including minimum inhibitory concentrations, total activity and non-peroxide activity. ||  | MIC (% w/v honey) |  |  |  | Antiba",MIC,%w/v,%w/v,False,False,False,Correlation of the antibacterial activity of commercial manuka and Leptospermum honeys from Australia and New Zealand with methylglyoxal content and other physicochemical characteristics.,2022.0,10.1371/journal.pone.0272376,35901185.0,PloS one,PMC9333225,mn29,83.6,21.0,,,98.0,4.0,,444.0,,,,,,,,4.28,,,
PMC9333225,t3,MN29,E. coliATCC 25922,E. coli,MIC,,untreated,24.0,,%,,auto_A,"Antibacterial activity of manuka/ Leptospermum  honeys and comparators, including minimum inhibitory concentrations, total activity and non-peroxide activity. ||  | MIC (% w/v honey) |  |  |  | Antiba",MIC,%w/v,%w/v,False,False,False,Correlation of the antibacterial activity of commercial manuka and Leptospermum honeys from Australia and New Zealand with methylglyoxal content and other physicochemical characteristics.,2022.0,10.1371/journal.pone.0272376,35901185.0,PloS one,PMC9333225,mn29,83.6,21.0,,,98.0,4.0,,444.0,,,,,,,,4.28,,,
PMC9333225,t3,MN29,P. aeruginosaATCC 27853,P. aeruginosa,MIC,,untreated,10.0,,%,,auto_A,"Antibacterial activity of manuka/ Leptospermum  honeys and comparators, including minimum inhibitory concentrations, total activity and non-peroxide activity. ||  | MIC (% w/v honey) |  |  |  | Antiba",MIC,%w/v,%w/v,False,False,False,Correlation of the antibacterial activity of commercial manuka and Leptospermum honeys from Australia and New Zealand with methylglyoxal content and other physicochemical characteristics.,2022.0,10.1371/journal.pone.0272376,35901185.0,PloS one,PMC9333225,mn29,83.6,21.0,,,98.0,4.0,,444.0,,,,,,,,4.28,,,
PMC9333225,t3,MUL,S. aureusATCC 29213,S. aureus,MIC,,untreated,30.0,,%,gt,auto_A,"Antibacterial activity of manuka/ Leptospermum  honeys and comparators, including minimum inhibitory concentrations, total activity and non-peroxide activity. ||  | MIC (% w/v honey) |  |  |  | Antiba",MIC,%w/v,%w/v,False,False,False,Correlation of the antibacterial activity of commercial manuka and Leptospermum honeys from Australia and New Zealand with methylglyoxal content and other physicochemical characteristics.,2022.0,10.1371/journal.pone.0272376,35901185.0,PloS one,PMC9333225,mul,82.4,,,,,,,244.0,,,,,,,,4.24,,,
PMC9333225,t3,MUL,E. faecalisATCC 29212,E. faecalis,MIC,,untreated,30.0,,%,gt,auto_A,"Antibacterial activity of manuka/ Leptospermum  honeys and comparators, including minimum inhibitory concentrations, total activity and non-peroxide activity. ||  | MIC (% w/v honey) |  |  |  | Antiba",MIC,%w/v,%w/v,False,False,False,Correlation of the antibacterial activity of commercial manuka and Leptospermum honeys from Australia and New Zealand with methylglyoxal content and other physicochemical characteristics.,2022.0,10.1371/journal.pone.0272376,35901185.0,PloS one,PMC9333225,mul,82.4,,,,,,,244.0,,,,,,,,4.24,,,
PMC9333225,t3,MUL,E. coliATCC 25922,E. coli,MIC,,untreated,29.0,,%,,auto_A,"Antibacterial activity of manuka/ Leptospermum  honeys and comparators, including minimum inhibitory concentrations, total activity and non-peroxide activity. ||  | MIC (% w/v honey) |  |  |  | Antiba",MIC,%w/v,%w/v,False,False,False,Correlation of the antibacterial activity of commercial manuka and Leptospermum honeys from Australia and New Zealand with methylglyoxal content and other physicochemical characteristics.,2022.0,10.1371/journal.pone.0272376,35901185.0,PloS one,PMC9333225,mul,82.4,,,,,,,244.0,,,,,,,,4.24,,,
PMC9333225,t3,MUL,P. aeruginosaATCC 27853,P. aeruginosa,MIC,,untreated,25.0,,%,,auto_A,"Antibacterial activity of manuka/ Leptospermum  honeys and comparators, including minimum inhibitory concentrations, total activity and non-peroxide activity. ||  | MIC (% w/v honey) |  |  |  | Antiba",MIC,%w/v,%w/v,False,False,False,Correlation of the antibacterial activity of commercial manuka and Leptospermum honeys from Australia and New Zealand with methylglyoxal content and other physicochemical characteristics.,2022.0,10.1371/journal.pone.0272376,35901185.0,PloS one,PMC9333225,mul,82.4,,,,,,,244.0,,,,,,,,4.24,,,
PMC9333225,t3,ART,S. aureusATCC 29213,S. aureus,MIC,,untreated,30.0,,%,gt,auto_A,"Antibacterial activity of manuka/ Leptospermum  honeys and comparators, including minimum inhibitory concentrations, total activity and non-peroxide activity. ||  | MIC (% w/v honey) |  |  |  | Antiba",MIC,%w/v,%w/v,False,False,False,Correlation of the antibacterial activity of commercial manuka and Leptospermum honeys from Australia and New Zealand with methylglyoxal content and other physicochemical characteristics.,2022.0,10.1371/journal.pone.0272376,35901185.0,PloS one,PMC9333225,art,80.3,,,,,,,9.0,,,,,,,,5.73,,,
PMC9333225,t3,ART,E. faecalisATCC 29212,E. faecalis,MIC,,untreated,30.0,,%,gt,auto_A,"Antibacterial activity of manuka/ Leptospermum  honeys and comparators, including minimum inhibitory concentrations, total activity and non-peroxide activity. ||  | MIC (% w/v honey) |  |  |  | Antiba",MIC,%w/v,%w/v,False,False,False,Correlation of the antibacterial activity of commercial manuka and Leptospermum honeys from Australia and New Zealand with methylglyoxal content and other physicochemical characteristics.,2022.0,10.1371/journal.pone.0272376,35901185.0,PloS one,PMC9333225,art,80.3,,,,,,,9.0,,,,,,,,5.73,,,
PMC9333225,t3,ART,E. coliATCC 25922,E. coli,MIC,,untreated,30.0,,%,gt,auto_A,"Antibacterial activity of manuka/ Leptospermum  honeys and comparators, including minimum inhibitory concentrations, total activity and non-peroxide activity. ||  | MIC (% w/v honey) |  |  |  | Antiba",MIC,%w/v,%w/v,False,False,False,Correlation of the antibacterial activity of commercial manuka and Leptospermum honeys from Australia and New Zealand with methylglyoxal content and other physicochemical characteristics.,2022.0,10.1371/journal.pone.0272376,35901185.0,PloS one,PMC9333225,art,80.3,,,,,,,9.0,,,,,,,,5.73,,,
PMC9333225,t3,ART,P. aeruginosaATCC 27853,P. aeruginosa,MIC,,untreated,28.0,,%,,auto_A,"Antibacterial activity of manuka/ Leptospermum  honeys and comparators, including minimum inhibitory concentrations, total activity and non-peroxide activity. ||  | MIC (% w/v honey) |  |  |  | Antiba",MIC,%w/v,%w/v,False,False,False,Correlation of the antibacterial activity of commercial manuka and Leptospermum honeys from Australia and New Zealand with methylglyoxal content and other physicochemical characteristics.,2022.0,10.1371/journal.pone.0272376,35901185.0,PloS one,PMC9333225,art,80.3,,,,,,,9.0,,,,,,,,5.73,,,
