pmid,pmcid,doi,title,journal,year,elig,extraction_status
31345195.0,PMC6659206,10.1186/s12906-019-2603-8,In vitro evaluation of methicillin-resistant and methicillin-sensitive Staphylococcus aureus susceptibility to Saudi honeys.,BMC complementary and alternative medicine,2019.0,include,extracted
25880671.0,PMC4355501,10.1186/s12906-015-0549-z,Evaluation of the antibacterial activity of selected Pakistani honeys against multi-drug resistant Salmonella typhi.,BMC complementary and alternative medicine,2015.0,include,full text available but no extractable quantitative table
21165664.0,,10.1007/s10096-010-1121-x,The controlled in vitro susceptibility of gastrointestinal pathogens to the antibacterial effect of manuka honey.,European journal of clinical microbiology & infectious diseases : official publication of the European Society of Clinical Microbiology,2011.0,include,no PMC full text available
34867041.0,PMC8626341,10.1016/j.sjbs.2021.08.055,Potential effects of Saudi Shaoka (<i>Fagonia bruguieri)</i> honey against multi-drug-resistant bacteria and cancer cells in comparison to Manuka honey.,Saudi journal of biological sciences,2021.0,include,extracted
37906561.0,PMC10617706,10.1371/journal.pone.0293730,Characterisation of physicochemical parameters and antibacterial properties of New Caledonian honeys.,PloS one,2023.0,include,full text available but no extractable quantitative table
26364634.0,PMC6332115,10.3390/molecules200916068,Comparing the Antibacterial and Functional Properties of Cameroonian and Manuka Honeys for Potential Wound Healing-Have We Come Full Cycle in Dealing with Antibiotic Resistance?,"Molecules (Basel, Switzerland)",2015.0,include,extracted
15527912.0,,10.1016/j.ijfoodmicro.2004.03.025,Growth inhibition of foodborne pathogens and food spoilage organisms by select raw honeys.,International journal of food microbiology,2004.0,include,no PMC full text available
34204325.0,PMC8234392,10.3390/foods10061402,Comparing the Antimicrobial Actions of Greek Honeys from the Island of Lemnos and Manuka Honey from New Zealand against Clinically Important Bacteria.,"Foods (Basel, Switzerland)",2021.0,include,extracted
40397496.0,PMC12175512,10.1128/aem.02523-24,"Strong antimicrobial activity and unique physicochemical characteristics in honey from Australian stingless bees &lt;i&gt;Tetragonula carbonaria&lt;/i&gt;, &lt;i&gt;Tetragonula hockingsi&lt;/i&gt;, and &lt;i&gt;Austroplebeia australis&lt;/i&gt;.",Applied and environmental microbiology,2025.0,include,extracted
32178659.0,PMC7076972,10.1186/s12906-020-2829-5,"Physical characteristics and antimicrobial properties of Apis mellifera, Frieseomelitta nigra and Melipona favosa bee honeys from apiaries in Trinidad and Tobago.",BMC complementary medicine and therapies,2020.0,include,extracted
42578632.0,PMC13460517,10.1099/mic.0.001746,Unique Mānuka Factor (UMF)-dependent antimicrobial activity of Mānuka honey against respiratory pathogens cannot be explained by sugar and methylglyoxal alone.,"Microbiology (Reading, England)",2026.0,include,full text available but no extractable quantitative table
10472280.0,PMC1297205,10.1177/014107689909200604,Antibacterial activity of honey against strains of Staphylococcus aureus from infected wounds.,Journal of the Royal Society of Medicine,1999.0,include,PMC record but full-text XML not retrievable
,,10.1101/2025.09.24.677996,"Antibacterial Activity of Honey on Wound Isolates from Patients Attending Benue State University Teaching Hospital, Makurdi",,2025.0,include,no PMC full text available
35326885.0,PMC8944737,10.3390/antibiotics11030422,Antimicrobial Evaluation of Various Honey Types against Carbapenemase-Producing Gram-Negative Clinical Isolates.,"Antibiotics (Basel, Switzerland)",2022.0,include,extracted
41009866.0,PMC12466729,10.3390/antibiotics14090887,Honey Compounds Exhibit Antibacterial Effects Against &lt;i&gt;Aggregatibacter actinomycetemcomitans&lt;/i&gt; JP2.,"Antibiotics (Basel, Switzerland)",2025.0,include,full text available but no extractable quantitative table
31652284.0,PMC6814216,10.1371/journal.pone.0224495,Antibacterial activity of varying UMF-graded Manuka honeys.,PloS one,2019.0,include,extracted
20813024.0,PMC2942791,10.1186/1472-6882-10-47,"Comparison of the antimicrobial activity of Ulmo honey from Chile and Manuka honey against methicillin-resistant Staphylococcus aureus, Escherichia coli and Pseudomonas aeruginosa.",BMC complementary and alternative medicine,2010.0,include,extracted
19811569.0,,10.1111/j.1365-2672.2009.04552.x,"Antimicrobial activity of honey from the stingless bee Trigona carbonaria determined by agar diffusion, agar dilution, broth microdilution and time-kill methodology.",Journal of applied microbiology,2010.0,include,no PMC full text available
18210383.0,,10.1002/mnfr.200700282,Identification and quantification of methylglyoxal as the dominant antibacterial constituent of Manuka (Leptospermum scoparium) honeys from New Zealand.,Molecular nutrition & food research,2008.0,include,no PMC full text available
1447054.0,,10.1111/j.1365-2672.1992.tb04993.x,A comparison of the sensitivity of wound-infecting species of bacteria to the antibacterial activity of manuka honey and other honey.,The Journal of applied bacteriology,1992.0,include,no PMC full text available
21520131.0,,10.1002/lary.21717,Methylglyoxal-infused honey mimics the anti-Staphylococcus aureus biofilm activity of manuka honey: potential implication in chronic rhinosinusitis.,The Laryngoscope,2011.0,include,no PMC full text available
35901185.0,PMC9333225,10.1371/journal.pone.0272376,Correlation of the antibacterial activity of commercial manuka and Leptospermum honeys from Australia and New Zealand with methylglyoxal content and other physicochemical characteristics.,PloS one,2022.0,include,extracted
33728273.0,PMC7936102,10.1016/j.jtcme.2020.02.007,Portuguese honeys as antimicrobial agents against <i>Candida</i> species.,Journal of traditional and complementary medicine,2021.0,include,extracted
39905465.0,PMC11792292,10.1186/s12906-025-04778-1,Exploring the antibacterial and anti-biofilm activity of two Iranian medical-grade kinds of honey on multidrug-resistant Pseudomonas aeruginosa.,BMC complementary medicine and therapies,2025.0,include,extracted
29749429.0,PMC6034916,10.3892/ijmm.2018.3656,Antibacterial and antioxidant activity of different types of honey derived from Mount Olympus in Greece.,International journal of molecular medicine,2018.0,include,extracted
41731922.0,PMC12929673,10.1002/mbo3.70238,Diverse Forage Enhances the Antimicrobial Potency of Australian Honey.,MicrobiologyOpen,2026.0,include,extracted
42382736.0,PMC13315830,10.1155/ijfo/9085243,South African Honey: Anti-&lt;i&gt;Helicobacter pylori&lt;/i&gt; Activity and Combined Effect With the Gut Microbiome.,International journal of food science,2026.0,include,full text available but no extractable quantitative table
41924719.0,PMC13035723,10.3389/fvets.2026.1782821,&lt;i&gt;In vitro&lt;/i&gt; efficacy of four potential antimicrobial substances against &lt;i&gt;Klebsiella&lt;/i&gt; species and &lt;i&gt;Streptococcus uberis&lt;/i&gt; isolated from bovine mastitis.,Frontiers in veterinary science,2026.0,review_flag,extracted
38731715.0,PMC11083411,10.3390/foods13091344,"Relationships among Hydrogen Peroxide Concentration, Catalase, Glucose Oxidase, and Antimicrobial Activities of Honeys.","Foods (Basel, Switzerland)",2024.0,include,full text available but no extractable quantitative table
40958987.0,PMC12434934,10.14740/jocmr6312,The Elimination Effect of Medical-Grade Honey on &lt;i&gt;Pseudomonas aeruginosa&lt;/i&gt; Biofilms: A Systematic Review and Meta-Analysis.,Journal of clinical medicine research,2025.0,include,full text available but no extractable quantitative table
37237718.0,PMC10215129,10.3390/antibiotics12050816,Antimicrobial and Antibiofilm Properties of Latvian Honey against Causative Agents of Wound Infections.,"Antibiotics (Basel, Switzerland)",2023.0,include,extracted
29569291.0,,10.1111/vde.12533,In vitro efficacy of a honey-based gel against canine clinical isolates of Staphylococcus pseudintermedius and Malassezia pachydermatis.,Veterinary dermatology,2018.0,include,no PMC full text available
,,10.21203/rs.3.rs-10032042/v1,"Phenolic Composition, Antioxidant and Antimicrobial Activities of Berberis Honey from Tibet, China",,2026.0,include,no PMC full text available
23418472.0,PMC3572166,10.1371/journal.pone.0055898,"The effect of New Zealand kanuka, manuka and clover honeys on bacterial growth dynamics and cellular morphology varies according to the species.",PloS one,2013.0,include,full text available but no extractable quantitative table
26986806.0,,10.3109/01913123.2016.1154914,How methylglyoxal kills bacteria: An ultrastructural study.,Ultrastructural pathology,2016.0,include,no PMC full text available
23304790.0,,,Antibacterial and antimycotic activities of Slovenian honeys.,British journal of biomedical science,2012.0,include,no PMC full text available
1687577.0,,10.1111/j.2042-7158.1991.tb03186.x,A survey of the antibacterial activity of some New Zealand honeys.,The Journal of pharmacy and pharmacology,1991.0,include,no PMC full text available
10080135.0,,10.1023/a:1026676517213,Osmotic effect of honey on growth and viability of Helicobacter pylori.,Digestive diseases and sciences,1999.0,include,no PMC full text available
35868137.0,,10.1016/j.ctcp.2022.101640,"In vitro antibacterial activity of Western Australian honeys, and manuka honey, against bacteria implicated in impetigo.",Complementary therapies in clinical practice,2022.0,include,no PMC full text available
22866051.0,PMC3406342,10.3389/fmicb.2012.00265,The effect of standard heat and filtration processing procedures on antimicrobial activity and hydrogen peroxide levels in honey.,Frontiers in microbiology,2012.0,include,extracted
35765547.0,PMC9168249,10.18502/ijm.v14i2.9193,A comparative study of antibacterial and antivirulence activities of four selected honeys to Manuka honey.,Iranian journal of microbiology,2022.0,include,full text available but no extractable quantitative table
34066799.0,PMC8125924,10.3390/molecules26092778,Chemical Analyses and Antimicrobial Activity of Nine Kinds of Unifloral Chinese Honeys Compared to Manuka Honey (12+ and 20+).,"Molecules (Basel, Switzerland)",2021.0,include,extracted
36233331.0,PMC9570014,10.3390/ijms231912031,Enhanced Bioactivity of Tailor-Made Glycolipid Enriched Manuka Honey.,International journal of molecular sciences,2022.0,include,full text available but no extractable quantitative table
,PMC9509720,,P100 Potent inhibition of dermatophyte fungi by Australian native jarrah honey,Medical mycology,2022.0,include,full text available but no extractable quantitative table
35407030.0,PMC8997407,10.3390/foods11070943,Physicochemical Characterization and Biological Properties of Pine Honey Produced across Greece.,"Foods (Basel, Switzerland)",2022.0,include,extracted
30026515.0,PMC6053432,10.1038/s41598-018-29188-x,Impact of honey on dental erosion and adhesion of early bacterial colonizers.,Scientific reports,2018.0,include,full text available but no extractable quantitative table
38776281.0,PMC11111008,10.1371/journal.pone.0303095,Long-term stability and the physical and chemical factors predictive for antimicrobial activity in Australian honey.,PloS one,2024.0,review_flag,extracted
36985830.0,PMC10051060,10.3390/molecules28062858,Monitoring the Release of Methylglyoxal (MGO) from Honey and Honey-Based Formulations.,"Molecules (Basel, Switzerland)",2023.0,include,full text available but no extractable quantitative table
33050172.0,PMC7600471,10.3390/antibiotics9100684,The Bactericidal Activity and Spore Inhibition Effect of Manuka Honey against <i>Clostridioides Difficile</i>.,"Antibiotics (Basel, Switzerland)",2020.0,include,full text available but no extractable quantitative table
39732871.0,PMC11682447,10.1038/s41598-024-82429-0,"The comparison of the antioxidant, antibacterial and antiviral potential of Polish fir honeydew and Manuka honeys.",Scientific reports,2024.0,include,extracted
30858831.0,PMC6397887,10.3389/fmicb.2019.00263,Antimicrobial Activity of <i>Agastache</i> Honey and Characterization of Its Bioactive Compounds in Comparison With Important Commercial Honeys.,Frontiers in microbiology,2019.0,include,extracted
33296391.0,PMC7725308,10.1371/journal.pone.0243246,"Development and validation of a new microplate assay that utilises optical density to quantify the antibacterial activity of honeys including Jarrah, Marri and Manuka.",PloS one,2020.0,include,full text available but no extractable quantitative table
36900615.0,PMC10000891,10.3390/foods12051098,3-Phenyllactic Acid and Polyphenols Are Substances Enhancing the Antibacterial Effect of Methylglyoxal in Manuka Honey.,"Foods (Basel, Switzerland)",2023.0,include,full text available but no extractable quantitative table
38778936.0,PMC11109849,10.1016/j.heliyon.2024.e30839,Bio-functional properties and phytochemical composition of selected <i>Apis mellifera</i> honey from Africa.,Heliyon,2024.0,include,extracted
39109942.0,PMC11485888,10.1080/17460913.2024.2384260,Exploring the antimicrobial efficacy of Manuka honey against multidrug-resistant and extensively drug-resistant &lt;i&gt;Salmonella&lt;/i&gt; Typhi causing septicemia in Pakistan.,Future microbiology,2024.0,include,PMC record but full-text XML not retrievable
36755237.0,PMC9906859,10.1186/s12906-023-03870-8,Antibacterial efficacy of indigenous Pakistani honey against extensively drug-resistant clinical isolates of Salmonella enterica serovar Typhi: an alternative option to combat antimicrobial resistance.,BMC complementary medicine and therapies,2023.0,include,full text available but no extractable quantitative table
33329497.0,PMC7719625,10.3389/fmicb.2020.605608,<i>In vitro</i> Evaluation of Medihoney Antibacterial Wound Gel as an Anti-biofilm Agent Against Ventricular Assist Device Driveline Infections.,Frontiers in microbiology,2020.0,include,extracted
41229077.0,PMC12963514,10.1111/vop.70111,"In Vitro Activity of Manuka Honey, Either Alone or in Combination With Topical Antibiotics, Against Bacteria Commonly Found in Equine Ulcerative Keratitis.",Veterinary ophthalmology,2026.0,review_flag,extracted
38744770.0,PMC11405583,10.1007/s42770-024-01343-9,Antimicrobial and antibiofilm activities of Brazilian organic honey against oral microorganisms.,Brazilian journal of microbiology : [publication of the Brazilian Society for Microbiology],2024.0,include,PMC record but full-text XML not retrievable
42737744.0,PMC13565909,10.3390/ijms27177848,"Comparative Analysis of Phenolic Acid Profiles, Antioxidant Capacity, and Antimicrobial Activity of Honeys from Different Botanical and Geographical Origins.",International journal of molecular sciences,2026.0,include,full text available but no extractable quantitative table
42721122.0,PMC13561338,10.1371/journal.pone.0356687,Modifications to a vegan artificial honey result in inhibitory activity against Mycobacterium abscessus.,PloS one,2026.0,include,full text available but no extractable quantitative table
23134461.0,,10.1089/jmf.2012.0042,Antibacterial activity of Greek and Cypriot honeys against Staphylococcus aureus and Pseudomonas aeruginosa in comparison to manuka honey.,Journal of medicinal food,2013.0,include,no PMC full text available
35752262.0,,10.1016/j.jep.2022.115499,"The in vitro and in vivo antibacterial activities of uniflorous honey from a medicinal plant, Scrophularia ningpoensis Hemsl., and characterization of its chemical profile with UPLC-MS/MS.",Journal of ethnopharmacology,2022.0,include,no PMC full text available
28292167.0,PMC5326189,10.11604/pamj.2016.25.212.10414,Effect of United States buckwheat honey on antibiotic-resistant hospital acquired pathogens.,The Pan African medical journal,2016.0,include,full text available but no extractable quantitative table
22347223.0,PMC3273858,10.3389/fmicb.2012.00036,Mechanism of Honey Bacteriostatic Action Against MRSA and VRE Involves Hydroxyl Radicals Generated from Honey's Hydrogen Peroxide.,Frontiers in microbiology,2012.0,include,full text available but no extractable quantitative table
22783246.0,PMC3389331,10.3389/fmicb.2012.00242,"Powerful bacterial killing by buckwheat honeys is concentration-dependent, involves complete DNA degradation and requires hydrogen peroxide.",Frontiers in microbiology,2012.0,include,extracted
21903658.0,,10.1093/jac/dkr340,Manuka honey inhibits cell division in methicillin-resistant Staphylococcus aureus.,The Journal of antimicrobial chemotherapy,2011.0,include,no PMC full text available
15941774.0,,10.1093/jac/dki193,The antibacterial activity of honey against coagulase-negative staphylococci.,The Journal of antimicrobial chemotherapy,2005.0,include,no PMC full text available
27785532.0,,10.1007/s00203-016-1308-3,Antibacterial activity and chemical characteristics of several Western Australian honeys compared to manuka honey and pasture honey.,Archives of microbiology,2017.0,include,no PMC full text available
23469049.0,PMC3585195,10.1371/journal.pone.0057679,Synergism between Medihoney and rifampicin against methicillin-resistant Staphylococcus aureus (MRSA).,PloS one,2013.0,review_flag,full text available but no extractable quantitative table
,,10.1101/2024.03.20.585900,Non-peroxide antibacterial activity of Meliponula (Axestotrigona) ferruginea honey from Tanzania,,2024.0,include,no PMC full text available
24666777.0,PMC3987683,10.1186/1472-6831-14-24,Honey - a potential agent against Porphyromonas gingivalis: an in vitro study.,BMC oral health,2014.0,include,full text available but no extractable quantitative table
42428714.0,PMC13347724,10.14744/semb.2026.45228,In Vitro Antimicrobial Activity of Five Turkish Honey Types Against Otitis Externa Pathogens: A Comparative Study.,Sisli Etfal Hastanesi tip bulteni,2026.0,include,full text available but no extractable quantitative table
36014359.0,PMC9415335,10.3390/molecules27165121,"Singular and Combined Effects of Essential Oil and Honey of <i>Eucalyptus Globulus</i> on Anti-Inflammatory, Antioxidant, Dermatoprotective, and Antimicrobial Properties: In Vitro and In Vivo Findings.","Molecules (Basel, Switzerland)",2022.0,include,extracted
36028794.0,PMC9419396,10.1186/s12866-022-02611-0,Effects of artificial honey and epigallocatechin-3-gallate on streptococcus pyogenes.,BMC microbiology,2022.0,include,full text available but no extractable quantitative table
41853606.0,PMC12994052,10.1016/j.fochx.2026.103704,Characterization of microbial community and yeast functional traits in &lt;i&gt;Apocynum venetum&lt;/i&gt; honey from Xinjiang.,Food chemistry: X,2026.0,include,full text available but no extractable quantitative table
35966725.0,PMC9371847,10.1155/2022/1518511,"Chemical Composition and the Anticancer, Antimicrobial, and Antioxidant Properties of <i>Acacia</i> Honey from the Hail Region: The in vitro and in silico Investigation.",Evidence-based complementary and alternative medicine : eCAM,2022.0,include,extracted
42491927.0,PMC13379289,10.1039/d6ra02816k,Egyptian fennel honey as a potential sustainable and economical alternative to manuka honey: a multi-parameter comparative study.,RSC advances,2026.0,include,extracted
41900341.0,PMC13028829,10.3390/microorganisms14030579,Probiotic Assessment of Lactic Acid Bacteria Strains and Consortia for Enhancing Honey Bee Health and Nutrition.,Microorganisms,2026.0,include,full text available but no extractable quantitative table
38674722.0,PMC11052219,10.3390/microorganisms12040778,The Antimicrobial and Antibiofilm Abilities of Fish Oil Derived Polyunsaturated Fatty Acids and Manuka Honey.,Microorganisms,2024.0,include,extracted
39597697.0,PMC11596660,10.3390/microorganisms12112309,"Biofilm Inhibition Activity of Fennel Honey, Fennel Essential Oil and Their Combination.",Microorganisms,2024.0,include,extracted
37520253.0,PMC10386826,10.7717/peerj.15645,Unique antimicrobial activity in honey from the Australian honeypot ant (<i>Camponotus inflatus</i>).,PeerJ,2023.0,include,extracted
39554406.0,PMC11561629,10.1021/acsomega.4c04284,"Authentication of <i>Ziziphus lotus</i> Honey from the Middle Atlas Mountains of Morocco: Physicochemical Properties, Mineral Content, Sugar, Polyphenol Profiles, and Antioxidant Capacity.",ACS omega,2024.0,include,extracted
30781788.0,PMC6416547,10.3390/ma12040559,Physically Cross-Linked Gels of PVA with Natural Polymers as Matrices for Manuka Honey Release in Wound-Care Applications.,"Materials (Basel, Switzerland)",2019.0,include,full text available but no extractable quantitative table
33228072.0,PMC7699395,10.3390/microorganisms8111823,Biofilm Formation Reducing Properties of Manuka Honey and Propolis in <i>Proteus mirabilis</i> Rods Isolated from Chronic Wounds.,Microorganisms,2020.0,include,full text available but no extractable quantitative table
36838474.0,PMC9958606,10.3390/microorganisms11020509,Antibacterial and Antibiofilm Effect of Unifloral Honeys against Bacteria Isolated from Chronic Wound Infections.,Microorganisms,2023.0,include,extracted
37069905.0,PMC10105280,10.18502/ijm.v15i1.11923,Comparison of the antimicrobial and antivirulence activities of Sidr and Tualang honeys with Manuka honey against <i>Staphylococcus aureus</i>.,Iranian journal of microbiology,2023.0,include,full text available but no extractable quantitative table
32180623.0,PMC7054553,10.1007/s13197-019-04159-w,Antioxidant properties and antimicrobial activity of manuka honey versus Polish honeys.,Journal of food science and technology,2020.0,include,PMC record but full-text XML not retrievable
40746652.0,PMC12311394,10.1002/fsn3.70743,"The Antimicrobial and Antioxidant Properties of Raw, Aged, and Fermented Garlic: Influence of Processing Methods.",Food science & nutrition,2025.0,include,full text available but no extractable quantitative table
31581550.0,PMC6835506,10.3390/foods8100446,"Oligosaccharides Isolated from MGO™ Manuka Honey Inhibit the Adhesion of <i>Pseudomonas aeruginosa</i>, <i>Escherichia Coli</i> O157:H7 and <i>Staphylococcus Aureus</i> to Human HT-29 cells.","Foods (Basel, Switzerland)",2019.0,include,full text available but no extractable quantitative table
32916880.0,PMC7554693,10.3390/foods9091263,Demanding New Honey Qualitative Standard Based on Antibacterial Activity.,"Foods (Basel, Switzerland)",2020.0,include,full text available but no extractable quantitative table
33334017.0,PMC7765399,10.3390/antibiotics9120911,Antibiofilm Activity of Heather and Manuka Honeys and Antivirulence Potential of Some of Their Constituents on the DsbA1 Enzyme of <i>Pseudomonas aeruginosa</i>.,"Antibiotics (Basel, Switzerland)",2020.0,include,full text available but no extractable quantitative table
34249263.0,PMC8244602,10.22038/ijbms.2021.54224.12179,Antibacterial activity of honeys and potential synergism of honeys with antibiotics and alkaloid extract of <i>Sophora alopecuroides</i> plant against antibiotic-resistant <i>Escherichia coli</i> mutant.,Iranian journal of basic medical sciences,2021.0,review_flag,full text available but no extractable quantitative table
32102181.0,PMC7070301,10.3390/molecules25040992,Vitamin C Enhances the Antibacterial Activity of Honey against Planktonic and Biofilm-Embedded Bacteria.,"Molecules (Basel, Switzerland)",2020.0,include,full text available but no extractable quantitative table
37928190.0,PMC10622673,10.3389/fcimb.2023.1219984,Combinatorial efficacy of Manuka honey and antibiotics in the <i>in vitro</i> control of staphylococci and their small colony variants.,Frontiers in cellular and infection microbiology,2023.0,review_flag,extracted
36139943.0,PMC9495021,10.3390/antibiotics11091163,Antimicrobial and Antioxidant Activity of Different Honey Samples from Beekeepers and Commercial Producers.,"Antibiotics (Basel, Switzerland)",2022.0,include,full text available but no extractable quantitative table
41105045.0,PMC12532491,10.1002/mbo3.70076,"In Vitro Antibacterial Activity of Raw Honey From Apis mellifera, Awi Zone, Amhara, Ethiopia.",MicrobiologyOpen,2025.0,include,extracted
36297324.0,PMC9607359,10.3390/ph15101212,"The Antimicrobial Effects of Saudi Sumra Honey against Drug Resistant Pathogens: Phytochemical Analysis, Antibiofilm, Anti-Quorum Sensing, and Antioxidant Activities.","Pharmaceuticals (Basel, Switzerland)",2022.0,include,extracted
33828385.0,PMC8021062,10.4103/jpbs.jpbs_280_19,Effect of Non-hydrogen Peroxide on Antibacterial Activity of Malaysian <i>Meliponini</i> Honey against <i>Staphylococcus aureus</i>.,Journal of pharmacy & bioallied sciences,2020.0,include,extracted
12392533.0,,10.1046/j.1365-2672.2002.01761.x,The sensitivity to honey of Gram-positive cocci of clinical significance isolated from wounds.,Journal of applied microbiology,2002.0,include,no PMC full text available
20228250.0,,10.1096/fj.09-150789,How honey kills bacteria.,FASEB journal : official publication of the Federation of American Societies for Experimental Biology,2010.0,include,no PMC full text available
19813035.0,,10.1007/s10096-009-0817-2,The intracellular effects of manuka honey on Staphylococcus aureus.,European journal of clinical microbiology & infectious diseases : official publication of the European Society of Clinical Microbiology,2010.0,include,no PMC full text available
28426165.0,,10.1111/lam.12749,Hydrogen peroxide-dependent antibacterial action of Melilotus albus honey.,Letters in applied microbiology,2017.0,include,no PMC full text available
,,10.21203/rs.3.rs-3881301/v1,Exploring the potent antimicrobial activity of manuka honey as against clinically isolated multi-drug resistant and ceftriaxone-resistant Salmonella Typhi in septicemia patients: a promising therapeutic option,,2024.0,include,no PMC full text available
39413813.0,,10.2460/ajvr.24.07.0188,Medical-grade honey has superior antibacterial properties against common bacterial isolates in wound cultures of dogs and cats in comparison to non-medical-grade honey types.,American journal of veterinary research,2024.0,include,no PMC full text available
42341007.0,,10.1080/09603123.2026.2690590,Cytotoxic and antibacterial potential of Eucalyptus honey: in vitro assessment on human cancer cell lines and bacterial strains.,International journal of environmental health research,2026.0,include,no PMC full text available
17473892.0,,10.1139/w06-086,Effect of hydrogen peroxide on antibacterial activities of Canadian honeys.,Canadian journal of microbiology,2006.0,include,no PMC full text available
19754926.0,PMC2753561,10.1186/1472-6882-9-34,The antibacterial properties of Malaysian tualang honey against wound and enteric microorganisms in comparison to manuka honey.,BMC complementary and alternative medicine,2009.0,include,full text available but no extractable quantitative table
20542641.0,,10.1016/j.burns.2010.05.013,Activity of topical antimicrobial agents against multidrug-resistant bacteria recovered from burn patients.,Burns : journal of the International Society for Burn Injuries,2010.0,include,no PMC full text available
29373742.0,,10.1093/trstmh/trx084,Single and joint antibacterial activity of aqueous garlic extract and Manuka honey on extended-spectrum beta-lactamase-producing Escherichia coli.,Transactions of the Royal Society of Tropical Medicine and Hygiene,2017.0,include,no PMC full text available
28763988.0,,10.1016/j.foodchem.2017.05.085,Screening bioactivity and bioactive constituents of Nordic unifloral honeys.,Food chemistry,2017.0,include,no PMC full text available
35421436.0,,10.1016/j.toxicon.2022.04.006,Chemical profiling and antimicrobial effect of Anatolian honey bee venom.,Toxicon : official journal of the International Society on Toxinology,2022.0,include,no PMC full text available
23684665.0,,10.1016/j.arcmed.2013.04.009,Differences in composition of honey samples and their impact on the antimicrobial activities against drug multiresistant bacteria and pathogenic fungi.,Archives of medical research,2013.0,include,no PMC full text available
23758747.0,PMC3716576,10.1186/1472-6882-13-129,Antibacterial activity of selected Malaysian honey.,BMC complementary and alternative medicine,2013.0,include,extracted
33830141.0,,,A Preliminary Study on the Evaluation of In-vitro Inhibition Potential of Antimicrobial Efficacy of Raw and Commercial Honey on Escherichia coli: An Emerging Periodontal Pathogen.,Mymensingh medical journal : MMJ,2021.0,include,no PMC full text available
11603859.0,,10.1016/s0168-1605(01)00505-0,Inhibitory activity of honey against foodborne pathogens as influenced by the presence of hydrogen peroxide and level of antioxidant power.,International journal of food microbiology,2001.0,include,no PMC full text available
21350671.0,PMC3042689,10.4061/2011/917505,Antibacterial efficacy of raw and processed honey.,Biotechnology research international,2011.0,include,extracted
42617823.0,,10.1016/j.micpath.2026.108782,Integrated in vitro and in silico evaluation of the antimicrobial and bioactive properties of natural honey and its enhanced derivatives against multidrug-resistant pathogens.,Microbial pathogenesis,2026.0,include,no PMC full text available
23579991.0,PMC6269728,10.3390/molecules18044233,Effect of Erica sp. honey against microorganisms of clinical importance: study of the factors underlying this biological activity.,"Molecules (Basel, Switzerland)",2013.0,include,extracted
,,10.14293/pr2199.000425.v1,Antibacterial activity of honey and palm kernel oil on clinical isolates of Pseudomonas aeruginosa and Staphylococcus aureus.,,2023.0,include,no PMC full text available
28417271.0,,10.1007/s10096-017-2980-1,Antimicrobial effects of Manuka honey on in vitro biofilm formation by Clostridium difficile.,European journal of clinical microbiology & infectious diseases : official publication of the European Society of Clinical Microbiology,2017.0,include,no PMC full text available
29226698.0,,10.2217/fmb-2017-0119,In vitro and in vivo activity of Manuka honey against NDM-1-producing Klebsiella pneumoniae ST11.,Future microbiology,2018.0,include,no PMC full text available
37968896.0,,10.1002/cbdv.202301678,"Bioactivities and Phenolic Profiles of Honeys Derived from Plants of the Goldfields, Esperance and Wheatbelt Regions of Western Australia.",Chemistry & biodiversity,2023.0,include,no PMC full text available
24192110.0,PMC3929242,10.1089/jmf.2012.0201,Methylglyoxal may affect hydrogen peroxide accumulation in manuka honey through the inhibition of glucose oxidase.,Journal of medicinal food,2014.0,include,PMC record but full-text XML not retrievable
40647128.0,PMC12249035,10.3390/foods14132376,"Physicochemical Properties, Antioxidant and Antibacterial Activities and Anti-Hepatocarcinogenic Effect and Potential Mechanism of &lt;i&gt;Schefflera oleifera&lt;/i&gt; Honey Against HepG2 Cells.","Foods (Basel, Switzerland)",2025.0,include,extracted
34430875.0,PMC8374640,10.1016/j.crfs.2021.08.002,"The bioactive, antioxidant, antibacterial, and physicochemical properties of a range of commercially available Australian honeys.",Current research in food science,2021.0,include,full text available but no extractable quantitative table
36010001.0,PMC9405051,10.3390/antibiotics11081132,Both Manuka and Non-Manuka Honey Types Inhibit Antibiotic Resistant Wound-Infecting Bacteria.,"Antibiotics (Basel, Switzerland)",2022.0,include,full text available but no extractable quantitative table
36364211.0,PMC9654997,10.3390/molecules27217385,The Effect of Selected Bee Products on Adhesion and Biofilm of <i>Clostridioides difficile</i> Strains Belonging to Different Ribotypes.,"Molecules (Basel, Switzerland)",2022.0,include,full text available but no extractable quantitative table
40732277.0,PMC12298140,10.3390/ph18070988,Natural Honey-Propolis Combinations with Health-Promoting Potential: Antibacterial Activity Against Foodborne Pathogens.,"Pharmaceuticals (Basel, Switzerland)",2025.0,include,full text available but no extractable quantitative table
35740017.0,PMC9219755,10.3390/antiox11061120,"Antioxidative, Antibacterial and Antiproliferative Properties of Honey Types from the Western Balkans.","Antioxidants (Basel, Switzerland)",2022.0,include,extracted
36312784.0,PMC9616666,10.1155/2022/5308435,Antibacterial Efficacy and Healing Potential of Honey from Different Zones in Nigeria on Diabetic-Induced Wound Infection in Wistar Rats.,International journal of microbiology,2022.0,include,full text available but no extractable quantitative table
35625239.0,PMC9137981,10.3390/antibiotics11050595,Diversity of Monofloral Honey Based on the Antimicrobial and Antioxidant Potential.,"Antibiotics (Basel, Switzerland)",2022.0,include,full text available but no extractable quantitative table
40001390.0,PMC11851655,10.3390/antibiotics14020146,Synergistic Antibiofilm Effects of Chestnut and Linden Honey with Lavender Essential Oil Against Multidrug-Resistant Otitis Media Pathogens.,"Antibiotics (Basel, Switzerland)",2025.0,include,extracted
33077785.0,PMC7573686,10.1038/s41598-020-74937-6,Use of a model to understand the synergies underlying the antibacterial mechanism of H<sub>2</sub>O<sub>2</sub>-producing honeys.,Scientific reports,2020.0,include,full text available but no extractable quantitative table
39118572.0,PMC11311187,10.1177/2515690x241271978,Characterization of Antibiofilm and Antimicrobial Effects of <i>Trigona</i> Stingless Bee Honey Compared to Stinging Bee <i>Centaurea hyalolepis</i> and <i>Citrus</i> Honeys.,Journal of evidence-based integrative medicine,2024.0,include,extracted
31010070.0,PMC6514785,10.3390/molecules24081573,Antibacterial Activity of Different Blossom Honeys: New Findings.,"Molecules (Basel, Switzerland)",2019.0,include,full text available but no extractable quantitative table
33233581.0,PMC7712053,10.3390/vetsci7040181,Antibacterial Activity of Honey Samples from Ukraine.,Veterinary sciences,2020.0,include,full text available but no extractable quantitative table
39910223.0,PMC11799142,10.1038/s41598-025-88613-0,"Physicochemical parameters, microbiological quality, and antibacterial activity of honey from the Bucovina region of Romania.",Scientific reports,2025.0,include,extracted
41386824.0,PMC12861962,10.1016/j.jgeb.2025.100559,"Potential antibacterial, antioxidant and anticancer activities of Nigerian mountain honey in relation to its bacterial flora.","Journal, genetic engineering & biotechnology",2025.0,include,extracted
31973242.0,PMC7168267,10.3390/antibiotics9020043,Honey as a Strategy to Fight <i>Candida tropicalis</i> in Mixed-Biofilms with <i>Pseudomonas aeruginosa</i>.,"Antibiotics (Basel, Switzerland)",2020.0,include,full text available but no extractable quantitative table
30505183.0,PMC6252015,10.1016/j.sjbs.2018.05.021,Floral markers and biological activity of Saudi honey.,Saudi journal of biological sciences,2018.0,include,extracted
37761060.0,PMC10528311,10.3390/foods12183349,Microbiological Quality of Polish Artisanal Varietal Honeys.,"Foods (Basel, Switzerland)",2023.0,include,full text available but no extractable quantitative table
41963586.0,PMC13068764,10.1007/s00284-026-04866-6,Evaluation of the Antimicrobial Potential of Malaysian Kelulut Honeydew Honey Against Acne Pathogens.,Current microbiology,2026.0,include,extracted
42563159.0,PMC13445924,10.1186/s12906-026-05491-3,Manuka honey as a multifunctional therapeutic against Helicobacter pylori: from chemical profiling to in vitro potency and in vivo gastroprotective efficacy.,BMC complementary medicine and therapies,2026.0,include,full text available but no extractable quantitative table
20851288.0,,10.1016/j.arcmed.2010.08.002,Selected South African honeys and their extracts possess in vitro anti-Helicobacter pylori activity.,Archives of medical research,2010.0,include,no PMC full text available
18361758.0,,10.1089/jmf.2007.502,Synergistic effect of starch on the antibacterial activity of honey.,Journal of medicinal food,2008.0,include,no PMC full text available
21499488.0,PMC3074369,,In-vitro antimicrobial activity of selected honeys on clinical isolates of Helicobacter pylori.,African health sciences,2007.0,include,PMC record but full-text XML not retrievable
19831033.0,,,Properties of honey from ten species of Peruvian stingless bees.,Natural product communications,2009.0,include,no PMC full text available
,,10.32388/jeyd13.3,Antibacterial Activity of Malaysian Trigona itama and Trigona thoracica Honey Against Gram-Negative and Gram-Positive Bacteria,,2025.0,include,no PMC full text available
39904405.0,,10.1016/j.fct.2025.115305,"Chemical characterization, antibacterial and antifungal activity of honey pots and pollen pots obtained from the stingless bee Tetragonisca angustula (Latreille, 1811).",Food and chemical toxicology : an international journal published for the British Industrial Biological Research Association,2025.0,include,no PMC full text available
12432313.0,,10.1097/00004630-200211000-00002,The efficacy of honey in inhibiting strains of Pseudomonas aeruginosa from infected burns.,The Journal of burn care & rehabilitation,2002.0,include,no PMC full text available
14977445.0,,10.1089/109662003772519921,Identification of nitric oxide metabolites in various honeys: effects of intravenous honey on plasma and urinary nitric oxide metabolites concentrations.,Journal of medicinal food,2003.0,include,no PMC full text available
30562950.0,PMC6313337,10.3390/medicines5040135,A New Approach for Indexing Honey for Its Heath/Medicinal Benefits: Visualization of the Concept by Indexing Based on Antioxidant and Antibacterial Activities.,"Medicines (Basel, Switzerland)",2018.0,include,extracted
15951867.0,,,Antibacterial activity of Omani honey alone and in combination with gentamicin.,Saudi medical journal,2005.0,include,no PMC full text available
15979745.0,,10.1016/j.mimet.2005.04.007,Use of a spectrophotometric bioassay for determination of microbial sensitivity to manuka honey.,Journal of microbiological methods,2006.0,include,no PMC full text available
17540520.0,,10.1016/j.vetmic.2007.04.039,Comparison of the antibacterial activity of honey from different provenance against bacteria usually isolated from skin wounds.,Veterinary microbiology,2007.0,include,no PMC full text available
26954570.0,PMC4783026,10.1371/journal.pone.0150984,Effects of Selected Egyptian Honeys on the Cellular Ultrastructure and the Gene Expression Profile of Escherichia coli.,PloS one,2016.0,include,extracted
26217333.0,PMC4499756,10.3389/fmicb.2015.00711,"MRJP1-containing glycoproteins isolated from honey, a novel antibacterial drug candidate with broad spectrum activity against multi-drug resistant clinical isolates.",Frontiers in microbiology,2015.0,include,full text available but no extractable quantitative table
27109449.0,,10.1111/vde.12306,A pilot study comparing in vitro efficacy of topical preparations against veterinary pathogens.,Veterinary dermatology,2016.0,include,no PMC full text available
38702397.0,PMC11068765,10.1038/s41598-024-60961-3,Antibacterial activity of Hungarian varietal honeys against respiratory pathogens as a function of storage time.,Scientific reports,2024.0,include,extracted
28407946.0,,10.1016/j.foodchem.2017.03.075,Manuka honey (Leptospermum scoparium) inhibits jack bean urease activity due to methylglyoxal and dihydroxyacetone.,Food chemistry,2017.0,include,no PMC full text available
27789370.0,,10.1016/j.ijpharm.2016.10.050,"Application of DoE approach in the development of mini-capsules, based on biopolymers and manuka honey polar fraction, as powder formulation for the treatment of skin ulcers.",International journal of pharmaceutics,2017.0,include,no PMC full text available
31303818.0,PMC6601024,10.1016/j.sjbs.2018.04.008,"Laurus nobilis L. Extracts against Paenibacillus larvae: Antimicrobial activity, antioxidant capacity, hygienic behavior and colony strength.",Saudi journal of biological sciences,2019.0,include,full text available but no extractable quantitative table
27386291.0,PMC4919268,10.1186/s40064-016-2493-x,"Evaluation of antibacterial activity of honey against multidrug resistant bacteria in Ayder Referral and Teaching Hospital, Northern Ethiopia.",SpringerPlus,2016.0,include,extracted
31073310.0,PMC6470442,10.1155/2019/7686130,Antibacterial Activity of Honey against Methicillin-Resistant Staphylococcus aureus: A Laboratory-Based Experimental Study.,International journal of microbiology,2019.0,include,full text available but no extractable quantitative table
21195787.0,,10.1016/j.anaerobe.2010.12.007,The in vitro effect of manuka honeys on growth and adherence of oral bacteria.,Anaerobe,2011.0,include,no PMC full text available
21524711.0,,10.1016/j.anaerobe.2011.03.012,Antibacterial activity of different honeys against pathogenic bacteria.,Anaerobe,2011.0,include,no PMC full text available
22046173.0,PMC3201021,10.3389/fmicb.2011.00213,Re-examining the role of hydrogen peroxide in bacteriostatic and bactericidal activities of honey.,Frontiers in microbiology,2011.0,include,full text available but no extractable quantitative table
31993165.0,PMC6977423,10.1002/fsn3.1320,In vitro antimicrobial activities of Saudi honeys originating from Ziziphus spina-christi L. and Acacia gerrardii Benth. trees.,Food science & nutrition,2020.0,include,extracted
24775444.0,,10.1111/jam.12533,Antimicrobial properties and isotope investigations of South African honey.,Journal of applied microbiology,2014.0,include,no PMC full text available
24860556.0,PMC4029012,10.3389/fmicb.2014.00180,Effect of methylglyoxal on multidrug-resistant Pseudomonas aeruginosa.,Frontiers in microbiology,2014.0,include,extracted
31776432.0,PMC6881396,10.1038/s41598-019-54217-8,Anti-biofilm effects and characterisation of the hydrogen peroxide activity of a range of Western Australian honeys compared to Manuka and multifloral honeys.,Scientific reports,2019.0,include,extracted
32575376.0,PMC7345844,10.3390/antibiotics9060344,"In Vitro Efficacy of Essential Oils from Melaleuca Alternifolia and Rosmarinus Officinalis, Manuka Honey-based Gel, and Propolis as Antibacterial Agents Against Canine Staphylococcus Pseudintermedius Strains.","Antibiotics (Basel, Switzerland)",2020.0,include,full text available but no extractable quantitative table
25680398.0,PMC4398880,10.1007/s00203-015-1091-6,A demonstration of the susceptibility of clinical isolates obtained from cystic fibrosis patients to manuka honey.,Archives of microbiology,2015.0,include,extracted
33157353.0,,10.1016/j.ctcp.2020.101257,In vitro antibacterial activity of honey against multidrug-resistant Shigella sonnei.,Complementary therapies in clinical practice,2020.0,include,no PMC full text available
24884949.0,PMC4023514,10.1186/1476-0711-13-19,Manuka honey treatment of biofilms of Pseudomonas aeruginosa results in the emergence of isolates with increased honey resistance.,Annals of clinical microbiology and antimicrobials,2014.0,include,extracted
37391964.0,,,In Vitro Antibacterial Activity of Honey against Gram Negative Bacterial Isolates.,Mymensingh medical journal : MMJ,2023.0,include,no PMC full text available
22287464.0,,10.1002/alr.20073,Methylglyoxal: (active agent of manuka honey) in vitro activity against bacterial biofilms.,International forum of allergy & rhinology,2011.0,include,no PMC full text available
23043914.0,,10.1016/S1995-7645(12)60141-2,Antibacterial activity of various honey types of Algeria against Staphylococcus aureus and Streptococcus pyogenes.,Asian Pacific journal of tropical medicine,2012.0,include,no PMC full text available
23651562.0,PMC3669629,10.1186/1756-0500-6-188,Antibacterial effect of Manuka honey on Clostridium difficile.,BMC research notes,2013.0,include,full text available but no extractable quantitative table
22038612.0,PMC3255743,10.1128/AEM.05538-11,Effect of honey on Streptococcus mutans growth and biofilm formation.,Applied and environmental microbiology,2012.0,include,PMC record but full-text XML not retrievable
17702261.0,,,[Antimicrobial activity of honey the southeast of Buenos Aires Province against Escherichia coli].,Revista Argentina de microbiologia,2007.0,include,no PMC full text available
8308841.0,PMC1294271,10.1177/014107689408700106,Susceptibility of Helicobacter pylori to the antibacterial activity of manuka honey.,Journal of the Royal Society of Medicine,1994.0,include,PMC record but full-text XML not retrievable
10455629.0,,10.12968/jowc.1999.8.4.25867,The use of honey as an antiseptic in managing Pseudomonas infection.,Journal of wound care,1999.0,include,no PMC full text available
35349126.0,PMC9433582,10.1007/s42770-022-00736-y,Fractionation of hexane extracts from Achyrocline satureioides and their biological activities against Paenibacillus larvae.,Brazilian journal of microbiology : [publication of the Brazilian Society for Microbiology],2022.0,include,PMC record but full-text XML not retrievable
21464891.0,PMC3065476,10.1371/journal.pone.0018229,The antibacterial activity of honey derived from Australian flora.,PloS one,2011.0,include,full text available but no extractable quantitative table
39616761.0,,10.1016/j.foodchem.2024.141844,Facile synthesis of highly efficient fluorescent silicon quantum dots used for highly sensitive sensor of tetracycline in honey samples and antibacterial agent.,Food chemistry,2025.0,include,no PMC full text available
,,10.21203/rs.3.rs-3878580/v1,Antibacterial activity of Hungarian varietal honeys changes over time against respiratory pathogens,,2024.0,include,no PMC full text available
42280166.0,PMC13257883,10.3390/molecules31111863,Botanical Origin-Dependent Phytochemical Profiles and Pharmaceutical Properties of Medical-Grade Honeys: Transdermal Delivery and Antibacterial Efficacy in a Wound Fluid Model.,"Molecules (Basel, Switzerland)",2026.0,include,full text available but no extractable quantitative table
39767104.0,PMC11675915,10.3390/foods13244163,The Effect of Honey Powder Addition on Chosen Quality Properties of Model Chicken Products.,"Foods (Basel, Switzerland)",2024.0,include,full text available but no extractable quantitative table
38667044.0,PMC11047503,10.3390/antibiotics13040368,Medical-Grade Honey as a Potential New Therapy for Bacterial Vaginosis.,"Antibiotics (Basel, Switzerland)",2024.0,include,full text available but no extractable quantitative table
37455680.0,PMC10344713,10.1016/j.crfs.2023.100543,Evaluation of the polyphenolic profile of native Ecuadorian stingless bee honeys (<i>Tribe: Meliponini</i>) and their antibiofilm activity on susceptible and multidrug-resistant pathogens: An exploratory analysis.,Current research in food science,2023.0,include,full text available but no extractable quantitative table
42040030.0,PMC12107304,10.31661/gmj.v13isp1.3567,In Vitro Synergistic Antibacterial Effects of Extract and Honey Derived from Nigella Sativa on Streptococcus Mutans : Antibacterial Effects of Nigella Sativa Extract and Honey.,Galen medical journal,2024.0,include,full text available but no extractable quantitative table
38794130.0,PMC11123796,10.3390/ph17050560,Antimicrobial Effect of Honey Phenolic Compounds against <i>E. coli</i>-An In Vitro Study.,"Pharmaceuticals (Basel, Switzerland)",2024.0,include,full text available but no extractable quantitative table
38611866.0,PMC11013281,10.3390/molecules29071588,Investigations of Major α-Dicarbonyl Content in U.S. Honey of Different Geographical Origins.,"Molecules (Basel, Switzerland)",2024.0,include,full text available but no extractable quantitative table
39218463.0,PMC11376693,10.15537/smj.2024.45.9.20240153,Biological studies of the activity of Manuka honey against Carbapenem-resistant Enterobacterales (CRE) bacteria.,Saudi medical journal,2024.0,include,extracted
41976104.0,PMC13072155,10.3390/ani16071125,Chilean Honey as Alternative Antibacterial: In Vitro Activity Against Multidrug-Resistant Canine Bacterial Pathogens.,Animals : an open access journal from MDPI,2026.0,include,extracted
36144586.0,PMC9505312,10.3390/molecules27185850,"Determination of Chemical Compounds and Investigation of Biological Properties of <i>Matricaria chamomilla</i> Essential Oils, Honey, and Their Mixture.","Molecules (Basel, Switzerland)",2022.0,review_flag,extracted
33996167.0,PMC8096559,10.1155/2021/5554305,Quantification of Hydrogen Peroxide in Cretan Honey and Correlation with Physicochemical Parameters.,Journal of analytical methods in chemistry,2021.0,include,full text available but no extractable quantitative table
33923242.0,PMC8145095,10.3390/foods10050936,Transcriptomic Analysis of <i>Pseudomonas aeruginosa</i> Response to Pine Honey via RNA Sequencing Indicates Multiple Mechanisms of Antibacterial Activity.,"Foods (Basel, Switzerland)",2021.0,include,full text available but no extractable quantitative table
35911104.0,PMC9326441,10.3389/fnut.2022.953470,"Antibacterial and Biofilm Degradation Effects of Hungarian Honeys Linked With Botanical Origin, Antioxidant Capacity and Mineral Content.",Frontiers in nutrition,2022.0,include,full text available but no extractable quantitative table
42738708.0,PMC13567264,10.3390/molecules31173048,Species-Dependent Antibacterial Responses and Bioactivity Patterns Associated with Declared Botanical Type in Honey: An Integrated Biochemical and Microbiological Analysis.,"Molecules (Basel, Switzerland)",2026.0,include,full text available but no extractable quantitative table
36139961.0,PMC9495090,10.3390/antibiotics11091182,"Antibacterial Mechanism of Action of Two Types of Honey against <i>Escherichia coli</i> through Interfering with Bacterial Membrane Permeability, Inhibiting Proteins, and Inducing Bacterial DNA Damage.","Antibiotics (Basel, Switzerland)",2022.0,include,full text available but no extractable quantitative table
42313275.0,PMC13279511,10.1007/s11259-026-11360-8,Immune response in honey bees (Apis mellifera) following humic substance feeding.,Veterinary research communications,2026.0,include,full text available but no extractable quantitative table
37110183.0,PMC10141347,10.3390/metabo13040526,Unexpected Value of Honey Color for Prediction of a Non-Enzymatic H&lt;sub&gt;2&lt;/sub&gt;O&lt;sub&gt;2&lt;/sub&gt; Production and Honey Antibacterial Activity: A Perspective.,Metabolites,2023.0,include,extracted
40394023.0,PMC12092607,10.1038/s41598-025-00773-1,Chemical composition of Egyptian propolis and studying its antimicrobial activity and synergistic action with honey against some multidrug-resistant uropathogens.,Scientific reports,2025.0,review_flag,extracted
33613911.0,PMC7884280,10.18502/ijm.v12i6.5031,Antibacterial properties of selected Malaysian Tualang honey against <i>Pseudomonas aeruginosa</i> and <i>Streptococcus pyogenes</i>.,Iranian journal of microbiology,2020.0,include,extracted
37107465.0,PMC10137453,10.3390/foods12081670,"Differentiation of High-Fructose Corn Syrup Adulterated Kelulut Honey Using Physicochemical, Rheological, and Antibacterial Parameters.","Foods (Basel, Switzerland)",2023.0,include,full text available but no extractable quantitative table
37370317.0,PMC10294803,10.3390/antibiotics12060998,Impact of Mt. Olympus Honeys on Virulence Factors Implicated in Pathogenesis Exerted by <i>Pseudomonas aeruginosa</i>.,"Antibiotics (Basel, Switzerland)",2023.0,include,full text available but no extractable quantitative table
34151153.0,PMC8209695,10.1099/acmi.0.000198,Factors affecting the production and measurement of hydrogen peroxide in honey samples.,Access microbiology,2021.0,include,extracted
32801179.0,PMC7531947,10.1128/AEM.01768-20,Antibacterial and Antivirulence Activity of Manuka Honey against Genetically Diverse Staphylococcus pseudintermedius Strains.,Applied and environmental microbiology,2020.0,review_flag,full text available but no extractable quantitative table
28808376.0,PMC5538150,10.4103/0973-1296.210166,Isolation of Abscisic Acid from Korean Acacia Honey with Anti-<i>Helicobacter pylori</i> Activity.,Pharmacognosy magazine,2017.0,include,full text available but no extractable quantitative table
37765148.0,PMC10534861,10.3390/pharmaceutics15092177,"Antibiofilm, Antimicrobial, Anti-Quorum Sensing, and Antioxidant Activities of Saudi Sidr Honey: In Vitro and Molecular Docking Studies.",Pharmaceutics,2023.0,include,extracted
38534690.0,PMC10967288,10.3390/antibiotics13030255,Chestnut Honey Is Effective against Mixed Biofilms at Different Stages of Maturity.,"Antibiotics (Basel, Switzerland)",2024.0,include,full text available but no extractable quantitative table
40733343.0,PMC12299362,10.3390/plants14142106,"Nutritional Composition, Volatile Profiles, and Biological Evaluation of Honeys from &lt;i&gt;Melipona interrupta&lt;/i&gt; and &lt;i&gt;Melipona seminigra&lt;/i&gt; from Amazonas State, Brazil.","Plants (Basel, Switzerland)",2025.0,include,full text available but no extractable quantitative table
40940367.0,PMC12432216,10.1038/s41598-025-17830-4,Exploring the potential of hydro alcoholic crude extract of beeswax as antibacterial antifungal antiviral antiinflammatory and antioxidant agent.,Scientific reports,2025.0,include,full text available but no extractable quantitative table
40632713.0,PMC12240352,10.1371/journal.pone.0327861,"Multidimensional analysis of honey from Eastern Anatolia (Kars): Pollen spectrum, physicochemical properties, and antimicrobial activity.",PloS one,2025.0,include,extracted
37252390.0,PMC10213365,10.3389/fvets.2023.1172025,Antibacterial and wound-healing action of Ulmo honey (<i>Eucryphia cordifolia</i>) of differing degrees of purity.,Frontiers in veterinary science,2023.0,include,full text available but no extractable quantitative table
37705301.0,PMC10621554,10.1177/10406387231200178,Oxytetracycline-resistant <i>Paenibacillus larvae</i> identified in commercial beekeeping operations in Saskatchewan using pooled honey sampling.,"Journal of veterinary diagnostic investigation : official publication of the American Association of Veterinary Laboratory Diagnosticians, Inc",2023.0,include,full text available but no extractable quantitative table
31148887.0,PMC6537647,10.4103/jpbs.jpbs_257_18,Comparative Evaluation of Wound Healing Potential of Manuka and Acacia Honey in Diabetic and Nondiabetic Rats.,Journal of pharmacy & bioallied sciences,2019.0,include,full text available but no extractable quantitative table
39767065.0,PMC11675739,10.3390/foods13244120,"Bioactive Compounds, Antioxidant Properties, and Antimicrobial Profiling of a Range of West Algerian Honeys: In Vitro Comparative Screening Prior to Therapeutic Purpose.","Foods (Basel, Switzerland)",2024.0,include,extracted
39065691.0,PMC11279865,10.3390/ph17070840,Czech Honeydew Honeys-A Potential Source of Local Medical Honey with Strong Antimicrobial Activity.,"Pharmaceuticals (Basel, Switzerland)",2024.0,include,full text available but no extractable quantitative table
39519479.0,PMC11547790,10.3390/nu16213647,Eudermic Properties and Chemical-Physical Characterization of Honeys of Different Botanical Origin.,Nutrients,2024.0,include,full text available but no extractable quantitative table
15857217.0,,10.1089/jmf.2005.8.100,Antibacterial activity of 13 honeys against Escherichia coli and Pseudomonas aeruginosa.,Journal of medicinal food,2005.0,include,no PMC full text available
21991052.0,PMC3188119,,Comparative antibacterial activity of honey and gentamicin against Escherichia coli and pseudomonas aeruginosa.,Annals of burns and fire disasters,2006.0,include,PMC record but full-text XML not retrievable
17532737.0,,10.1089/acm.2007.6366,Bactericidal activity of different types of honey against clinical and environmental isolates of Pseudomonas aeruginosa.,"Journal of alternative and complementary medicine (New York, N.Y.)",2007.0,include,no PMC full text available
42134014.0,,10.1016/j.ram.2026.100724,Antibacterial activity and effect on the outer membrane permeability of Apis mellifera honey from Brazil.,Revista Argentina de microbiologia,2026.0,review_flag,no PMC full text available
18818958.0,,10.1007/s10096-008-0630-3,The in vitro susceptibility of Campylobacter spp. to the antibacterial effect of manuka honey.,European journal of clinical microbiology & infectious diseases : official publication of the European Society of Clinical Microbiology,2009.0,include,no PMC full text available
41684467.0,,10.1007/s13197-024-06185-9,Physiochemical characterization and antibacterial properties of a honey-like extract from &lt;i&gt;Averrhoa carambola&lt;/i&gt; fruits.,Journal of food science and technology,2026.0,include,no PMC full text available
,,10.1099/acmi.0.001131.v1,"Mechanistic determinants of antibacterial potency in Libyan and Saudi monofloral honeys: integrated H₂O₂, acidity, and phenolic chemistry",,2025.0,include,no PMC full text available
14633019.0,,10.1046/j.1365-2672.2003.02050.x,Antibacterial activity of honey and propolis from Apis mellifera and Tetragonisca angustula against Staphylococcus aureus.,Journal of applied microbiology,2003.0,include,no PMC full text available
38944352.0,,10.1016/j.chemosphere.2024.142717,Using honey bee colonies to monitor phenotypic and genotypic resistance to colistin.,Chemosphere,2024.0,include,no PMC full text available
27504886.0,,10.17236/sat00075,Evaluation of antimicrobial activity of Italian honey for wound healing application in veterinary medicine.,Schweizer Archiv fur Tierheilkunde,2016.0,include,no PMC full text available
29652864.0,PMC6027671,10.3390/scipharm86020014,Honey Bee as Alternative Medicine to Treat Eleven Multidrug-Resistant Bacteria Causing Urinary Tract Infection during Pregnancy.,Scientia pharmaceutica,2018.0,include,extracted
28154488.0,PMC5287163,10.5941/MYCO.2016.44.4.302,Antifungal Activity of Lactic Acid Bacteria Strains Isolated from Natural Honey against Pathogenic Candida Species.,Mycobiology,2016.0,include,full text available but no extractable quantitative table
31516358.0,PMC6733388,10.1016/j.sjbs.2018.05.011,Antibacterial potential of some Saudi honeys from Asir region against selected pathogenic bacteria.,Saudi journal of biological sciences,2019.0,include,full text available but no extractable quantitative table
24772182.0,PMC3977104,10.1155/2014/562804,Synergetic antimicrobial effects of mixtures of ethiopian honeys and ginger powder extracts on standard and resistant clinical bacteria isolates.,Evidence-based complementary and alternative medicine : eCAM,2014.0,include,full text available but no extractable quantitative table
23494861.0,,10.1002/ptr.4957,Anti-biofilm effects of honey against wound pathogens Proteus mirabilis and Enterobacter cloacae.,Phytotherapy research : PTR,2014.0,include,no PMC full text available
25159357.0,,10.1097/TA.0000000000000324,Efficacy of medical grade honey against multidrug-resistant organisms of operational significance: part I.,The journal of trauma and acute care surgery,2014.0,include,no PMC full text available
37796058.0,,10.1021/acs.jafc.3c03446,Formation of Protein-Bound Maillard Reaction Products during the Storage of Manuka Honey.,Journal of agricultural and food chemistry,2023.0,include,no PMC full text available
37252242.0,PMC10211265,10.3389/fnut.2023.1181492,Antioxidant and antibacterial activity of Apis laboriosa honey against Salmonella enterica serovar Typhimurium.,Frontiers in nutrition,2023.0,include,extracted
36996100.0,PMC10062613,10.1371/journal.pone.0279118,Antimycotic effect of 3-phenyllactic acid produced by probiotic bacterial isolates against Covid-19 associated mucormycosis causing fungi.,PloS one,2023.0,include,full text available but no extractable quantitative table
39571898.0,,10.1016/j.job.2024.100589,"Impact of organic, conventional, and stingless bee honeys on the antibacterial activity of gummy candies against oral bacteria.",Journal of oral biosciences,2025.0,include,no PMC full text available
38638050.0,,10.2174/0115672018275561240228065755,"Evaluation of <i>Moringa Oleifera</i> Leaf Extract for its <i>In vitro</i> Antibacterial Properties, Mechanism of Action, and <i>In vivo</i> Corneal Ulcer Healing Effects in Rabbits' Eyes.",Current drug delivery,2025.0,review_flag,no PMC full text available
31808237.0,,10.1111/vde.12811,In vitro antimicrobial efficacy of two medical grade honey formulations against common high-risk meticillin-resistant staphylococci and Pseudomonas spp. pathogens.,Veterinary dermatology,2020.0,include,no PMC full text available
31584691.0,,10.1002/jsfa.10043,Antibacterial potential of Swiss honeys and characterisation of their bee-derived bioactive compounds.,Journal of the science of food and agriculture,2020.0,include,no PMC full text available
30412324.0,,10.1111/jam.14152,Natural products show diverse mechanisms of action against Clostridium difficile.,Journal of applied microbiology,2019.0,include,no PMC full text available
31906055.0,PMC6981522,10.3390/ijerph17010278,Probiotic Properties of Bacillus Strains Isolated from Stingless Bee (Heterotrigona itama) Honey Collected across Malaysia.,International journal of environmental research and public health,2019.0,include,full text available but no extractable quantitative table
32182836.0,PMC7142649,10.3390/foods9030311,"Antibiotics, Acid and Heat Tolerance of Honey adapted Escherichia coli, Salmonella Typhi and Klebsiella pneumoniae.","Foods (Basel, Switzerland)",2020.0,include,extracted
31874231.0,,10.1016/j.micpath.2019.103946,"Inhibitory effects of Cinnamaldehyde, Carvacrol, and honey on the expression of exoS and ampC genes in multidrug-resistant Pseudomonas aeruginosa isolated from burn wound infections.",Microbial pathogenesis,2020.0,review_flag,no PMC full text available
22754244.0,PMC3385198,10.4103/0974-777X.96770,Honey as an antimicrobial agent against pseudomonas aeruginosa isolated from infected wounds.,Journal of global infectious diseases,2012.0,include,full text available but no extractable quantitative table
22948516.0,PMC6268398,10.3390/molecules170910540,Antibacterial and antioxidant potency of floral honeys from different botanical and geographical origins.,"Molecules (Basel, Switzerland)",2012.0,include,extracted
25683403.0,,10.1016/j.foodchem.2012.01.035,Unraveling a mechanism of honey antibacterial action: polyphenol/H₂O₂-induced oxidative effect on bacterial cell growth and on DNA degradation.,Food chemistry,2012.0,include,no PMC full text available
35507200.0,PMC9068672,10.1007/s11274-022-03259-8,Evaluation of different bacterial honey isolates as probiotics and their efficient roles in cholesterol reduction.,World journal of microbiology & biotechnology,2022.0,include,full text available but no extractable quantitative table
34216360.0,,10.1007/s12602-021-09812-5,Detection Bioactive Metabolites of Fructobacillus fructosus Strain HI-1 Isolated from Honey Bee's Digestive Tract Against Paenibacillus larvae.,Probiotics and antimicrobial proteins,2022.0,include,no PMC full text available
35092131.0,,10.1111/jam.15440,Propolis antibacterial and antioxidant synergisms with gentamicin and honey.,Journal of applied microbiology,2022.0,review_flag,no PMC full text available
32659861.0,,10.1111/jocd.13624,In vitro evaluation of antioxidant and antibacterial activities of Eucheuma cottonii extract and its in vivo evaluation of the wound-healing activity in mice.,Journal of cosmetic dermatology,2021.0,include,no PMC full text available
23870890.0,,10.1016/j.foodchem.2013.04.092,"Analysis of the flavonoid component of bioactive New Zealand mānuka (Leptospermum scoparium) honey and the isolation, characterisation and synthesis of an unusual pyrrole.",Food chemistry,2013.0,include,no PMC full text available
24035944.0,,,Inhibitory and bactericidal activity of selected South African honeys and their solvent extracts against clinical isolates of Helicobacter pylori.,Pakistan journal of pharmaceutical sciences,2013.0,include,no PMC full text available
23451712.0,,10.1021/jf304946p,Metabolic transit of dietary methylglyoxal.,Journal of agricultural and food chemistry,2013.0,include,no PMC full text available
39753840.0,,10.1007/s10123-024-00631-6,Isolation and probiotic evaluation of Apilactobacillus kunkeei and Bombella sp. from Apis mellifera anatoliaca and Bombus terrestris.,International microbiology : the official journal of the Spanish Society for Microbiology,2025.0,include,no PMC full text available
32974924.0,,10.1002/jsfa.10828,Antibacterial activity of honeys from Amazonian stingless bees of Melipona spp. and its effects on bacterial cell morphology.,Journal of the science of food and agriculture,2021.0,include,no PMC full text available
34850868.0,,10.1093/femsle/fnab150,Viable fructophilic lactic acid bacteria present in honeybee-based food products.,FEMS microbiology letters,2021.0,include,no PMC full text available
23998014.0,PMC3757282,10.1016/S2221-1691(13)60146-X,Combined antibacterial activity of stingless bee (Apis mellipodae) honey and garlic (Allium sativum) extracts against standard and clinical pathogenic bacteria.,Asian Pacific journal of tropical biomedicine,2013.0,include,PMC record but full-text XML not retrievable
22991325.0,,10.1002/ptr.4844,Anti-microbial activity and composition of manuka and portobello honey.,Phytotherapy research : PTR,2013.0,include,no PMC full text available
39718948.0,,10.1089/jmf.2023.0107,Honey from Different Species of Stingless Bees (Apidae: Meliponini) is Effective Against Gram-Positive and Gram-Negative Bacteria.,Journal of medicinal food,2025.0,include,no PMC full text available
20936493.0,,10.1007/s10096-010-1065-1,The effect of manuka honey on the structure of Pseudomonas aeruginosa.,European journal of clinical microbiology & infectious diseases : official publication of the European Society of Clinical Microbiology,2011.0,include,no PMC full text available
20882522.0,,10.1002/ptr.3304,Honeydew honey as a potent antibacterial agent in eradication of multi-drug resistant Stenotrophomonas maltophilia isolates from cancer patients.,Phytotherapy research : PTR,2011.0,include,no PMC full text available
33550857.0,,10.1080/14786419.2021.1880403,Effect of manuka honey on human immunodeficiency virus type 1 reverse transcriptase activity.,Natural product research,2022.0,include,no PMC full text available
,,,"Unveiling the geographical signatures of Turkish honey through multivariate analysis of its physicochemical, chemical, and biological properties",European food research & technology,2026.0,include,no PMC full text available
15456545.0,,10.2004/JCPSP.585588,Efficacy of camphorated paramonochlorophenol to a mixture of honey and mustard oil as a root canal medicament.,Journal of the College of Physicians and Surgeons--Pakistan : JCPSP,2004.0,include,no PMC full text available
41146522.0,,10.1002/bab.70076,Antagonistic Effects of Probiotic Lactobacillus Strains on Multidrug-Resistant Staphylococcus aureus: Role of mecA/mecC and icaAD Gene Variants.,Biotechnology and applied biochemistry,2026.0,include,no PMC full text available
42666442.0,PMC13522720,10.1002/fsn3.72165,"Phytochemical Profiling and Antibacterial Activity of Moroccan Monofloral Honeys Against Multidrug-Resistant Uropathogens: In Vitro, ADMET, Molecular Docking, and Molecular Dynamics Approaches.",Food science & nutrition,2026.0,include,full text available but no extractable quantitative table
42653054.0,PMC13514261,10.3390/life16081366,"The Effect of Temperature Variations on the 5-Hydroxymethylfurfural Content, Antioxidant and Antimicrobial Properties of Honey.","Life (Basel, Switzerland)",2026.0,include,extracted
41853254.0,PMC12992230,10.3389/fimmu.2026.1760968,"Manuka honey and its component, methyl syringate, shift neutrophil release profiles from pro-inflammatory while preserving pro-regenerative growth factor release &lt;i&gt;in vitro&lt;/i&gt;.",Frontiers in immunology,2026.0,include,full text available but no extractable quantitative table
41376881.0,PMC12686235,10.1007/s13205-025-04609-7,"&lt;i&gt;Bacillus subtilis&lt;/i&gt; EGY1 glucansucrase: optimization, characterization and immobilization using activated carrier of pectin-egg white protein beads.",3 Biotech,2026.0,include,extracted
32582463.0,PMC7297938,10.1007/s10068-020-00744-4,Effects of phenolic and protein extracts from <i>Melipona beecheii</i> honey on pathogenic strains of <i>Escherichia coli</i> and <i>Staphylococcus aureus</i>.,Food science and biotechnology,2020.0,include,PMC record but full-text XML not retrievable
35203748.0,PMC8868498,10.3390/antibiotics11020145,Combined Inhibitory Effect of Fir (<i>Abies alba</i> Mill.) Honeydew Honey and Probiotic Bacteria <i>Lactiplantibacillus plantarum</i> on the Growth of <i>Salmonella enterica</i> Serotype Typhimurium.,"Antibiotics (Basel, Switzerland)",2022.0,review_flag,extracted
34209107.0,PMC8272120,10.3390/molecules26134007,Promising Antimicrobial Properties of Bioactive Compounds from Different Honeybee Products.,"Molecules (Basel, Switzerland)",2021.0,include,extracted
31412630.0,PMC6722746,10.3390/microorganisms7080258,Evaluation of Physiological Effects Induced by Manuka Honey Upon Staphylococcus aureus and Escherichia coli.,Microorganisms,2019.0,include,full text available but no extractable quantitative table
39064812.0,PMC11279598,10.3390/nu16142369,Manuka Honey Inhibits Human Breast Cancer Progression in Preclinical Models.,Nutrients,2024.0,include,full text available but no extractable quantitative table
38463856.0,PMC10920374,10.1016/j.heliyon.2024.e27073,Identification of essential oils with strong activity against stationary phase Mycobacterium abscessus.,Heliyon,2024.0,include,full text available but no extractable quantitative table
40428448.0,PMC12110744,10.3390/foods14101668,Integrated Chemical and Biological Evaluation of Linden Honeydew Honey from Bosnia and Herzegovina: Composition and Cellular Effects.,"Foods (Basel, Switzerland)",2025.0,include,extracted
37242724.0,PMC10223922,10.3390/pharmaceutics15051483,"Design, Preparation, and Physicochemical Characterisation of Alginate-Based Honey-Loaded Topical Formulations.",Pharmaceutics,2023.0,include,full text available but no extractable quantitative table
39749222.0,PMC11695059,,Analysis of Floral Sources of a Local Honey Used in Clinical Treatment of Topical Community Acquired Methicillin Resistant <i>Staphylococcus Aureus</i>.,New Mexico journal of science,2023.0,include,PMC record but full-text XML not retrievable
40005716.0,PMC11858503,10.3390/microorganisms13020349,Probiotics and Honey: Boosting Functional Properties in Dry Fermented Sausages.,Microorganisms,2025.0,include,full text available but no extractable quantitative table
34359503.0,PMC8304482,10.3390/foods10071632,In Vitro Antibacterial and Antibiofilm Activity of Hungarian Honeys against Respiratory Tract Bacteria.,"Foods (Basel, Switzerland)",2021.0,include,extracted
40855473.0,PMC12379519,10.1186/s12866-025-04326-4,Probiotic potential of 'lactobacilli' isolated from traditionally fermented Ethiopian honey wine (Tej).,BMC microbiology,2025.0,include,extracted
38886123.0,PMC11210501,10.1093/femsec/fiae091,Pollen products collected from honey bee hives experiencing minor stress have altered fungal communities and reduced antimicrobial properties.,FEMS microbiology ecology,2024.0,include,full text available but no extractable quantitative table
39200468.0,PMC11353252,10.3390/foods13162541,Functional <i>Cyperus esculentus</i> L. Cookies Enriched with the Probiotic Strain <i>Lacticaseibacillus rhamnosus</i> SL42.,"Foods (Basel, Switzerland)",2024.0,include,full text available but no extractable quantitative table
41684696.0,PMC12891082,10.3389/frabi.2025.1692653,Activity of Biocidin&lt;sup&gt;®&lt;/sup&gt; against microbial biofilms.,Frontiers in antibiotics,2025.0,include,extracted
38338414.0,PMC10856440,10.3390/molecules29030671,Biochemical Profiling and Physicochemical and Biological Valorization of Iraqi Honey: A Comprehensive Analysis.,"Molecules (Basel, Switzerland)",2024.0,include,extracted
34947842.0,PMC8709083,10.3390/life11121311,"Bee Venom, Honey, and Royal Jelly in the Treatment of Bacterial Infections of the Oral Cavity: A Review.","Life (Basel, Switzerland)",2021.0,include,extracted
40232034.0,PMC11941359,10.3390/foods14060995,"Physicochemical Characteristics, Antioxidant Capacity, and Antimicrobial Activity of Stingless Bee Honey from Malaysia: &lt;i&gt;Heterotrigona itama&lt;/i&gt;, &lt;i&gt;Lophotrigona canifrons&lt;/i&gt;, and &lt;i&gt;Tetrigona binghami&lt;/i&gt;.","Foods (Basel, Switzerland)",2025.0,include,extracted
40232035.0,PMC11941748,10.3390/foods14060997,Brazilian Organic Honeydew Reduces In Vitro and In Vivo Periodontal Disease-Related Subgingival Biofilm.,"Foods (Basel, Switzerland)",2025.0,include,full text available but no extractable quantitative table
40558182.0,PMC12189776,10.3390/antibiotics14060592,"Integrated Assessment of Antibacterial Activity, Polyphenol Composition, Molecular Docking, and ADME Properties of Romanian Oak and Fir Honeydew Honeys.","Antibiotics (Basel, Switzerland)",2025.0,include,extracted
37754871.0,PMC10649667,10.3390/jfb14090457,Novel Biocement/Honey Composites for Bone Regenerative Medicine.,Journal of functional biomaterials,2023.0,include,full text available but no extractable quantitative table
36830146.0,PMC9951885,10.3390/antibiotics12020235,"The Antioxidant, Antibacterial and Anti-Biofilm Properties of Rapeseed Creamed Honey Enriched with Selected Plant Superfoods.","Antibiotics (Basel, Switzerland)",2023.0,include,extracted
27656571.0,PMC5028579,10.7860/JCDR/2016/19268.8311,"A Comparative Evaluation on Antimicrobial Effect of Honey, Neem Leaf Extract and Sodium Hypochlorite as Intracanal Irrigant: An Ex-Vivo Study.",Journal of clinical and diagnostic research : JCDR,2016.0,include,PMC record but full-text XML not retrievable
26693829.0,,10.1111/lam.12541,"Activity of Polish unifloral honeys against pathogenic bacteria and its correlation with colour, phenolic content, antioxidant capacity and other parameters.",Letters in applied microbiology,2016.0,include,no PMC full text available
26743158.0,PMC7442301,10.1099/ijsem.0.000882,"Apibacter adventoris gen. nov., sp. nov., a member of the phylum Bacteroidetes isolated from honey bees.",International journal of systematic and evolutionary microbiology,2016.0,include,full text available but no extractable quantitative table
42530864.0,,10.1007/s12602-026-11149-w,"Mechanistic Insights into Honey-Mediated Antibacterial Activity Against Enterobacteriaceae: A Multifaceted Approach Targeting Membrane Integrity, Protein Synthesis, and Quorum Sensing Inhibition.",Probiotics and antimicrobial proteins,2026.0,include,no PMC full text available
21748138.0,PMC3074916,,The antibacterial activity of honey on helicobacter pylori.,Sultan Qaboos University medical journal,2006.0,include,PMC record but full-text XML not retrievable
25442544.0,,10.1016/j.foodchem.2014.09.067,Infrared spectroscopy as a rapid tool to detect methylglyoxal and antibacterial activity in Australian honeys.,Food chemistry,2015.0,review_flag,no PMC full text available
18627601.0,PMC2478674,10.1186/1472-6882-8-41,Antimicrobial activity of two South African honeys produced from indigenous Leucospermum cordifolium and Erica species on selected micro-organisms.,BMC complementary and alternative medicine,2008.0,include,extracted
21991039.0,PMC3188100,,The antipseudomonal property of honey and gentamicin.,Annals of burns and fire disasters,2006.0,include,PMC record but full-text XML not retrievable
19308800.0,,10.1080/00365540902849383,"Bacteria, biofilm and honey: a study of the effects of honey on 'planktonic' and biofilm-embedded chronic wound bacteria.",Scandinavian journal of infectious diseases,2009.0,include,no PMC full text available
23082035.0,,10.1099/mic.0.062794-0,Manuka honey is bactericidal against Pseudomonas aeruginosa and results in differential expression of oprF and algD.,"Microbiology (Reading, England)",2012.0,include,no PMC full text available
,,10.21203/rs.3.rs-8069357/v1,High synergistic antimicrobial and antioxidant activities of Algerian honey-honey and honey-plant extracts mixtures,,2025.0,include,no PMC full text available
29899462.0,PMC5998132,10.1038/s41598-018-27449-3,Phytochemicals-mediated production of hydrogen peroxide is crucial for high antibacterial activity of honeydew honey.,Scientific reports,2018.0,include,full text available but no extractable quantitative table
32043858.0,,10.1021/acsami.9b22386,Antimicrobial Honey-Inspired Glucose-Responsive Nanoreactors by Polymerization-Induced Self-Assembly.,ACS applied materials & interfaces,2020.0,review_flag,no PMC full text available
31349428.0,,10.1016/j.msec.2019.05.020,Antimicrobial emulsions: Formulation of a triggered release reactive oxygen delivery system.,"Materials science & engineering. C, Materials for biological applications",2019.0,include,no PMC full text available
29991862.0,PMC6034044,10.5005/jp-journals-10005-1494,Manuka Honey: A Potent Cariostatic Agent- An in vitro Study.,International journal of clinical pediatric dentistry,2018.0,include,full text available but no extractable quantitative table
31794675.0,,10.1089/bio.2019.0054,Honey as an Alternative to Antibiotics for Cryopreservation of Nili-Ravi Buffalo Bull Spermatozoa.,Biopreservation and biobanking,2020.0,include,no PMC full text available
34589300.0,PMC8435200,10.7717/peerj.12097,Apis andreniformis associated Actinomycetes show antimicrobial activity against black rot pathogen (Xanthomonas campestris pv. campestris).,PeerJ,2021.0,include,full text available but no extractable quantitative table
32884418.0,PMC7451694,10.1016/j.sjbs.2020.05.031,"Physico-chemical, antioxidant and anti-microbial properties of some Ethiopian mono-floral honeys.",Saudi journal of biological sciences,2020.0,include,extracted
34362865.0,,10.47665/tb.38.3.062,Optimisation of topical antibacterial preparation from Malaysian kelulut honey by using xanthan gum as polymeric agent.,Tropical biomedicine,2021.0,include,no PMC full text available
35086770.0,,10.1016/j.msec.2022.112664,Formulation of an antibacterial topical cream containing bioengineered honey that generates reactive oxygen species.,Biomaterials advances,2022.0,include,no PMC full text available
32777570.0,,10.1016/j.foodchem.2020.127774,Evaluation of physicochemical properties of Qinling Apis cerana honey and the antimicrobial activity of the extract against Salmonella Typhimurium LT(2) in vitro and in vivo.,Food chemistry,2021.0,include,no PMC full text available
25191847.0,PMC4156419,10.1371/journal.pone.0106967,"Antibacterial compounds of Canadian honeys target bacterial cell wall inducing phenotype changes, growth inhibition and cell lysis that resemble action of β-lactam antibiotics.",PloS one,2014.0,include,full text available but no extractable quantitative table
28901255.0,,10.2174/1389200218666170911152240,Health Benefits of Manuka Honey as an Essential Constituent for Tissue Regeneration.,Current drug metabolism,2017.0,include,no PMC full text available
37505452.0,,10.1093/jambio/lxad164,"Changes in antibacterial activity, colour, and hydrogen peroxide content of Western Australian Jarrah and Marri honeys after storage at different temperatures over time.",Journal of applied microbiology,2023.0,include,no PMC full text available
15777988.0,,10.1016/j.arcmed.2004.10.002,"Mixture of honey, beeswax and olive oil inhibits growth of Staphylococcus aureus and Candida albicans.",Archives of medical research,2005.0,include,no PMC full text available
16099322.0,,10.1016/j.arcmed.2005.03.038,Bactericidal activity of different honeys against pathogenic bacteria.,Archives of medical research,2005.0,include,no PMC full text available
25654191.0,PMC4417269,10.1186/0717-6287-48-4,"Activities of different types of Thai honey on pathogenic bacteria causing skin diseases, tyrosinase enzyme and generating free radicals.",Biological research,2015.0,include,extracted
28855819.0,PMC5562472,10.1016/j.sjbs.2016.08.007,Antimicrobial effect of different types of honey on Staphylococcus aureus.,Saudi journal of biological sciences,2017.0,include,full text available but no extractable quantitative table
,,10.21203/rs.3.rs-2449706/v1,Screening invitro antibacterial properties of Apis mellifera L. monofloral honey in Ethiopia,,2023.0,include,no PMC full text available
30263438.0,PMC6049263,10.1007/s10068-016-0234-0,Antimicrobial activity of solvent fractions and bacterial isolates of Korean domestic honey from different floral sources.,Food science and biotechnology,2016.0,include,PMC record but full-text XML not retrievable
28398231.0,PMC5489923,10.3390/scipharm85020019,"Antibacterial Activity of Ethanolic Extract of Cinnamon Bark, Honey, and Their Combination Effects against Acne-Causing Bacteria.",Scientia pharmaceutica,2017.0,include,extracted
,,10.21203/rs.3.rs-3715467/v1,"Antibacterial Effect of Apis Mellifera Bees Honey, Garlic Extracts and Their Combination Against Salmonella in Wolayta Sodo, Southern Ethiopia",,2024.0,include,no PMC full text available
29109311.0,,10.5005/jp-journals-10024-2165,"Antimicrobial Effect of Ginger, Garlic, Honey, and Lemon Extracts on Streptococcus mutans.",The journal of contemporary dental practice,2017.0,review_flag,no PMC full text available
38928296.0,PMC11203921,10.3390/ijms25126590,Antibacterial Effect of Spanish Honeys of Different Botanical Origins against Staphylococcus epidermidis.,International journal of molecular sciences,2024.0,include,full text available but no extractable quantitative table
23594187.0,,10.1111/jam.12222,Manuka honey inhibits siderophore production in Pseudomonas aeruginosa.,Journal of applied microbiology,2013.0,include,no PMC full text available
24138782.0,PMC3817311,10.1186/1472-6882-13-269,"Antibacterial effects of Apis mellifera and stingless bees honeys on susceptible and resistant strains of Escherichia coli, Staphylococcus aureus and Klebsiella pneumoniae in Gondar, Northwest Ethiopia.",BMC complementary and alternative medicine,2013.0,include,full text available but no extractable quantitative table
29763681.0,,10.1016/j.fct.2018.05.034,Manuka honey attenuates oxidative damage induced by H(2)O(2) in human whole blood in vitro.,Food and chemical toxicology : an international journal published for the British Industrial Biological Research Association,2018.0,include,no PMC full text available
26059863.0,,10.1007/s10482-015-0503-6,"Isoprenyl caffeate, a major compound in manuka propolis, is a quorum-sensing inhibitor in Chromobacterium violaceum.",Antonie van Leeuwenhoek,2015.0,include,no PMC full text available
22953879.0,,10.1016/j.foodchem.2012.06.012,Effect of high hydrostatic pressure on antimicrobial activity and quality of Manuka honey.,Food chemistry,2012.0,include,no PMC full text available
36456855.0,,10.1007/s11259-022-10036-3,Biocontrol potential of Apilactobacillus kunkeei EIR/BG-1 against infectious diseases in honey bees (Apis mellifera L.).,Veterinary research communications,2023.0,include,no PMC full text available
26594206.0,PMC4635208,10.3389/fmicb.2015.01239,Modeling the synergistic antibacterial effects of honey characteristics of different botanical origins from the Sahara Desert of Algeria.,Frontiers in microbiology,2015.0,include,full text available but no extractable quantitative table
25102696.0,,10.1016/s0254-6272(14)60059-5,Antibacterial activity of honey in north-west Pakistan against select human pathogens.,Journal of traditional Chinese medicine = Chung i tsa chih ying wen pan,2014.0,include,no PMC full text available
24380618.0,,10.1080/03601234.2014.858008,"Antibacterial activity of different natural honeys from Transylvania, Romania.","Journal of environmental science and health. Part. B, Pesticides, food contaminants, and agricultural wastes",2014.0,include,no PMC full text available
31782867.0,,10.1111/jam.14534,Manuka honey chelates iron and impacts iron regulation in key bacterial pathogens.,Journal of applied microbiology,2020.0,include,no PMC full text available
18158846.0,,10.1089/jmf.2006.256,Sahara honey shows higher potency against Pseudomonas aeruginosa compared to north Algerian types of honey.,Journal of medicinal food,2007.0,include,no PMC full text available
19827482.0,,10.12968/jowc.2009.18.7.43112,Are biopolymers potential deodourising agents in wound management?,Journal of wound care,2009.0,include,no PMC full text available
33439113.0,,10.1099/ijsem.0.004633,"Bombella favorum sp. nov. and Bombella mellum sp. nov., two novel species isolated from the honeycombs of Apis mellifera.",International journal of systematic and evolutionary microbiology,2021.0,include,no PMC full text available
34971500.0,,10.12834/VetIt.1964.12937.1,Antimicrobial activity of a standardized medical honey on bacterial isolates from infected skin lesions of non-traditional companion animals.,Veterinaria italiana,2021.0,include,no PMC full text available
34531482.0,PMC8446051,10.1038/s41598-021-97950-9,A potential probiotic Leuconostoc mesenteroides TBE-8 for honey bee.,Scientific reports,2021.0,include,full text available but no extractable quantitative table
23962613.0,,10.1016/j.tvjl.2013.07.003,The antimicrobial activity of honey against common equine wound bacterial isolates.,"Veterinary journal (London, England : 1997)",2014.0,include,no PMC full text available
36892790.0,,10.1007/s11259-023-10094-1,"Phytochemicals, antimicrobial, and sporicidal activities of moss, Dicranum polysetum Sw., against certain honey bee bacterial pathogens.",Veterinary research communications,2023.0,include,no PMC full text available
35883906.0,PMC9311549,10.3390/antiox11071413,"Chemical Profiling, Antioxidant, and Antimicrobial Activity of Saudi Propolis Collected by Arabian Honey Bee (Apis mellifera jemenitica) Colonies.","Antioxidants (Basel, Switzerland)",2022.0,include,extracted
,,10.21203/rs.3.rs-7280305/v1,Unveiling the culturable Bacillus sp. from honey in Burkina Faso as a potential source for antimicrobial peptides in plant disease control,,2025.0,include,no PMC full text available
39303474.0,,10.1016/j.foodchem.2024.141202,Radiofrequency affects the decrystallization efficiency and physicochemical properties of rape honey via crystal structure modification and inactivating enzyme.,Food chemistry,2025.0,include,no PMC full text available
40354286.0,,10.3791/67398,Live/Dead Staining for Quantifying Viable but Not Culturable Cells in Manuka Honey-Treated Wound-Causing Bacteria.,Journal of visualized experiments : JoVE,2025.0,include,no PMC full text available
42450382.0,PMC13361349,10.3390/foods15132263,"Nutritional Composition, Glycemic Index, Antioxidant and Anti-Inflammatory Activities of Five Monofloral Honeys from Qassim, Saudi Arabia: A Component-Effect Relationship Study.","Foods (Basel, Switzerland)",2026.0,include,full text available but no extractable quantitative table
36452962.0,PMC9703798,10.1016/j.tcsw.2022.100090,Manuka honey in combination with azithromycin shows potential for improved activity against &lt;i&gt;Mycobacterium abscessus&lt;/i&gt;.,"Cell surface (Amsterdam, Netherlands)",2022.0,review_flag,extracted
39584092.0,PMC11585709,10.1016/j.heliyon.2024.e40202,Bio-fabrication of biologically active copper nanocomposite.,Heliyon,2024.0,include,extracted
36829972.0,PMC9952334,10.3390/antiox12020414,Honey's Antioxidant and Antimicrobial Properties: A Bibliometric Study.,"Antioxidants (Basel, Switzerland)",2023.0,include,full text available but no extractable quantitative table
39760010.0,PMC11699800,10.1016/j.crfs.2024.100949,3D printed cacao-based formulations as nutrient carriers for immune system enhancement.,Current research in food science,2025.0,review_flag,full text available but no extractable quantitative table
41227568.0,PMC12607591,10.3390/foods14213594,Antimicrobial and Biofilm Inhibiting Potential of Two Romanian Linden Honeys.,"Foods (Basel, Switzerland)",2025.0,include,full text available but no extractable quantitative table
40298625.0,PMC12023948,10.3390/antiox14040375,"Antibacterial Properties, Arabinogalactan Proteins, and Bioactivities of New Zealand Honey.","Antioxidants (Basel, Switzerland)",2025.0,include,full text available but no extractable quantitative table
40005232.0,PMC11858134,10.3390/molecules30040919,"Influence of Season, Hive Position, Extraction Method and Storage Temperature on Polyphenols and Antioxidant Activity of Croatian Honey.","Molecules (Basel, Switzerland)",2025.0,include,extracted
32164305.0,PMC7179468,10.3390/molecules25051252,"Antibacterial Action Mechanisms of Honey: Physiological Effects of Avocado, Chestnut, and Polyfloral Honey upon Staphylococcus aureus and Escherichia coli.","Molecules (Basel, Switzerland)",2020.0,include,full text available but no extractable quantitative table
38790882.0,PMC11120828,10.3390/foods13101582,Unconventional Yeasts Isolated from Chilean Honey: A Probiotic and Phenotypic Characterization.,"Foods (Basel, Switzerland)",2024.0,include,extracted
41225893.0,PMC12608498,10.3390/plants14213340,"Compound Annotation by UHPLC-MS/MS, Quantification of Phenolic Compounds and Antimicrobial Activity of Monofloral Avocado Honey.","Plants (Basel, Switzerland)",2025.0,include,full text available but no extractable quantitative table
38947155.0,PMC11210353,10.2478/jvetres-2024-0029,Comparison of transfer of different sulphonamides from contaminated beeswax to honey.,Journal of veterinary research,2024.0,include,full text available but no extractable quantitative table
39057687.0,PMC11279380,10.3390/metabo14070364,Physicochemical Characterization of Moroccan Honey Varieties from the Fez-Meknes Region and Their Antioxidant and Antibacterial Properties.,Metabolites,2024.0,include,extracted
40563383.0,PMC12189821,10.3390/antiox14060751,Chemical Composition and Antioxidant Activity of Prokupac Grape Pomace Extract: Implications for Redox Modulation in Honey Bee Cells.,"Antioxidants (Basel, Switzerland)",2025.0,include,full text available but no extractable quantitative table
41977258.0,PMC13073754,10.3390/ijms27073074,Recent Progress on Polyphenols of Malaysian Honey and Their Molecular Mechanism Pathways in Cancer-A Comprehensive Review.,International journal of molecular sciences,2026.0,include,full text available but no extractable quantitative table
36290087.0,PMC9598309,10.3390/antibiotics11101429,"Physicochemical Profile, Antioxidant and Antimicrobial Activities of Honeys Produced in Minas Gerais (Brazil).","Antibiotics (Basel, Switzerland)",2022.0,include,full text available but no extractable quantitative table
40764737.0,PMC12325679,10.1038/s41598-025-14383-4,Synthesis and properties of carbon quantum dots as an antimicrobial agent and detection of ciprofloxacin.,Scientific reports,2025.0,include,full text available but no extractable quantitative table
34359441.0,PMC8307090,10.3390/foods10071568,In Vitro Screening Potential Antibacterial Properties of the Greek Oregano Honey against Clinical Isolates of <i>Helicobacter pylori</i>.,"Foods (Basel, Switzerland)",2021.0,include,extracted
41070031.0,PMC12507334,10.3389/fnut.2025.1641551,Enhancing antioxidant activity and quality of &lt;i&gt;Triadica cochinchinensis&lt;/i&gt; honey via an automated temperature-humidity controlled cabinet.,Frontiers in nutrition,2025.0,include,full text available but no extractable quantitative table
,,10.21203/rs.3.rs-7357944/v1,"Elemental, Phenolic and Flavonoid Content, Antibacterial, Antiradical Properties, and Health Risk Assessment of honey samples from NEPAL",,2025.0,include,no PMC full text available
33267984.0,,10.1016/j.foodchem.2020.128561,Antimicrobial activity of heat-treated Polish honeys.,Food chemistry,2021.0,include,no PMC full text available
34448426.0,,10.1080/14786419.2021.1960525,"Eucryphia cordifolia extracts: Phytochemical screening, antibacterial and antioxidant activities.",Natural product research,2022.0,include,no PMC full text available
35393467.0,PMC8991240,10.1038/s41598-022-09796-4,Evaluating approved and alternative treatments against an oxytetracycline-resistant bacterium responsible for European foulbrood disease in honey bees.,Scientific reports,2022.0,include,full text available but no extractable quantitative table
35322896.0,,10.1111/lam.13705,"In vitro activity of honey, total alkaloids of Sophora alopecuroides and matrine alone and in combination with antibiotics against multidrug-resistant Pseudomonas aeruginosa isolates.",Letters in applied microbiology,2022.0,review_flag,no PMC full text available
34189137.0,PMC8192209,10.1155/2021/5573237,The Antibacterial and Antioxidant Roles of Buckwheat Honey (BH) in Liquid Preservation of Boar Semen.,BioMed research international,2021.0,review_flag,full text available but no extractable quantitative table
37191027.0,,10.1080/07391102.2023.2205945,GC-MS screening of the phytochemical composition of Ziziphus honey: ADME properties and in vitro/in silico study of its antimicrobial activity.,Journal of biomolecular structure & dynamics,2024.0,include,no PMC full text available
33384897.0,PMC7751431,10.7717/peerj.10512,Antimicrobial activity of Streptomyces spp. isolated from Apis dorsata combs against some phytopathogenic bacteria.,PeerJ,2020.0,include,full text available but no extractable quantitative table
37241876.0,PMC10223701,10.3390/molecules28104135,Chemical Composition and Antimicrobial Properties of Honey Bee Venom.,"Molecules (Basel, Switzerland)",2023.0,include,extracted
28795889.0,,10.12968/jowc.2017.26.8.442,Use of an engineered honey to eradicate preformed biofilms of important wound pathogens: an in vitro study.,Journal of wound care,2017.0,include,no PMC full text available
29387098.0,PMC5767632,,Does natural honey act as an alternative to antibiotics in the semen extender for cryopreservation of crossbred ram semen?,Iranian journal of veterinary research,2017.0,include,PMC record but full-text XML not retrievable
27992658.0,,10.1111/lam.12707,Antimicrobial activity of Manuka honey against antibiotic-resistant strains of the cell wall-free bacteria Ureaplasma parvum and Ureaplasma urealyticum.,Letters in applied microbiology,2017.0,include,no PMC full text available
37572818.0,,10.1016/j.ijbiomac.2023.126278,Prebiotic-mediated gastroprotective potentials of three bacterial levans through NF-κB-modulation and upregulation of systemic IL-17A.,International journal of biological macromolecules,2023.0,include,no PMC full text available
22294681.0,,10.1099/mic.0.053959-0,Manuka honey inhibits the development of Streptococcus pyogenes biofilms and causes reduced expression of two fibronectin binding proteins.,"Microbiology (Reading, England)",2012.0,include,no PMC full text available
24779285.0,PMC4718317,,Antimicrobial potential of Sicilian honeys against commensal Escherichia coli and pathogenic Salmonella serovar infantis.,Journal of preventive medicine and hygiene,2013.0,include,PMC record but full-text XML not retrievable
25435614.0,PMC4202638,10.4314/ajtcam.v11i2.14,In-vitro screening of Malaysian honey from different floral sources for antibacterial activity on human pathogenic bacteria.,"African journal of traditional, complementary, and alternative medicines : AJTCAM",2014.0,include,PMC record but full-text XML not retrievable
27873724.0,,10.1016/j.jgar.2014.03.006,Engineered honey: In vitro antimicrobial activity of a novel topical wound care treatment.,Journal of global antimicrobial resistance,2014.0,include,no PMC full text available
30949493.0,PMC6425412,10.1155/2019/4101695,"Comparative Assessment on Selected Physicochemical Parameters and Antioxidant and Antimicrobial Activities of Honey Samples from Selected Districts of the Amhara and Tigray Regions, Ethiopia.",International journal of food science,2019.0,include,extracted
31105667.0,PMC6491927,10.3389/fmicb.2019.00869,Anti-pseudomonad Activity of Manuka Honey and Antibiotics in a Specialized ex vivo Model Simulating Cystic Fibrosis Lung Infection.,Frontiers in microbiology,2019.0,include,full text available but no extractable quantitative table
34366459.0,PMC8292519,10.1007/s13197-020-04937-x,Physicochemical properties and biological activities of bracatinga honeydew honey from different geographical locations.,Journal of food science and technology,2021.0,include,PMC record but full-text XML not retrievable
35197738.0,PMC8847928,10.1016/j.sjbs.2021.09.059,Antibacterial properties of Apis dorsata honey against some bacterial pathogens.,Saudi journal of biological sciences,2022.0,include,full text available but no extractable quantitative table
32849317.0,PMC7396681,10.3389/fmicb.2020.01465,"In vitro Synergy of Polyphenolic Extracts From Honey, Myrtle and Pomegranate Against Oral Pathogens, S. mutans and R. dentocariosa.",Frontiers in microbiology,2020.0,include,extracted
25342919.0,PMC4206207,10.2147/DHPS.S66496,Evaluation of bactericidal activity of Hannon honey on slowly growing bacteria in the chemostat.,"Drug, healthcare and patient safety",2014.0,include,extracted
26869239.0,PMC4751499,10.1038/srep21641,"Antibacterial synergic effect of honey from two stingless bees: Scaptotrigona bipunctata Lepeletier, 1836, and S. postica Latreille, 1807.",Scientific reports,2016.0,include,extracted
26288553.0,PMC4537880,10.1016/j.sjbs.2015.04.006,Antimicrobial activities of Saudi honey against Pseudomonas aeruginosa.,Saudi journal of biological sciences,2015.0,include,full text available but no extractable quantitative table
25806982.0,,10.1590/0001-3765201520130511,"Antimicrobial activity of apitoxin, melittin and phospholipase A₂ of honey bee (Apis mellifera) venom against oral pathogens.",Anais da Academia Brasileira de Ciencias,2015.0,review_flag,no PMC full text available
19042166.0,,10.1016/j.ijsu.2008.10.011,Administration of honey to prevent peritoneal adhesions in a rat peritonitis model.,"International journal of surgery (London, England)",2009.0,include,no PMC full text available
18315514.0,,10.1089/acm.2007.0589,Synergistic action of starch and honey against Pseudomonas aeruginosa in correlation with diastase number.,"Journal of alternative and complementary medicine (New York, N.Y.)",2008.0,include,no PMC full text available
15298770.0,,10.1089/1096620041224139,Investigating the antimicrobial activity of natural honey and its effects on the pathogenic bacterial infections of surgical wounds and conjunctiva.,Journal of medicinal food,2004.0,include,no PMC full text available
14649097.0,,,Antimicrobial activity of extracts of local cough mixtures on upper respiratory tract bacterial pathogens.,The West Indian medical journal,2003.0,include,no PMC full text available
10886608.0,,10.1046/j.1472-765x.2000.00756.x,Susceptibility of multiresistant strains of Burkholderia cepacia to honey.,Letters in applied microbiology,2000.0,include,no PMC full text available
41385265.0,PMC12700387,10.1099/jmm.0.002109,Potential confounding factors in currently used antibiotic susceptibility assays for the honey bee pathogen &lt;i&gt;Melissococcus plutonius&lt;/i&gt;.,Journal of medical microbiology,2025.0,include,full text available but no extractable quantitative table
41466252.0,PMC12751895,10.1186/s12906-025-05171-8,Combined effects of honey and silver nanoparticles on wound healing in human dermal fibroblast cells.,BMC complementary medicine and therapies,2025.0,include,extracted
22309178.0,,10.1902/jop.2012.110461,A comparative evaluation of the antibacterial efficacy of honey in vitro and antiplaque efficacy in a 4-day plaque regrowth model in vivo: preliminary results.,Journal of periodontology,2012.0,include,no PMC full text available
10703581.0,,,Effect of honey on multidrug resistant organisms and its synergistic action with three common antibiotics.,Journal of postgraduate medicine,1998.0,review_flag,no PMC full text available
19152480.0,,,Additive activity of royal jelly and honey against Pseudomonas aeruginosa.,Alternative medicine review : a journal of clinical therapeutic,2008.0,review_flag,no PMC full text available
34827303.0,PMC8615016,10.3390/antibiotics10111365,Application of Heating on the Antioxidant and Antibacterial Properties of Malaysian and Australian Stingless Bee Honey.,"Antibiotics (Basel, Switzerland)",2021.0,include,full text available but no extractable quantitative table
22409307.0,,10.1021/jf300068w,"Identification of a novel glycoside, leptosin, as a chemical marker of manuka honey.",Journal of agricultural and food chemistry,2012.0,include,no PMC full text available
19513768.0,,10.1007/s10096-009-0763-z,"The unusual antibacterial activity of medical-grade Leptospermum honey: antibacterial spectrum, resistance and transcriptome analysis.",European journal of clinical microbiology & infectious diseases : official publication of the European Society of Clinical Microbiology,2009.0,include,no PMC full text available
25830314.0,PMC4382210,10.1371/journal.pone.0120238,"Honey glycoproteins containing antimicrobial peptides, Jelleins of the Major Royal Jelly Protein 1, are responsible for the cell wall lytic and bactericidal activities of honey.",PloS one,2015.0,include,extracted
