pmcid,pmid,doi,title,journal,year,elig,elig_reason,score,n_rows,extracted
PMC6659206,31345195.0,10.1186/s12906-019-2603-8,In vitro evaluation of methicillin-resistant and methicillin-sensitive Staphylococcus aureus susceptibility to Saudi honeys.,BMC complementary and alternative medicine,2019.0,include,meets criteria,14.0,84.0,True
PMC4355501,25880671.0,10.1186/s12906-015-0549-z,Evaluation of the antibacterial activity of selected Pakistani honeys against multi-drug resistant Salmonella typhi.,BMC complementary and alternative medicine,2015.0,include,meets criteria,13.5,,False
,21165664.0,10.1007/s10096-010-1121-x,The controlled in vitro susceptibility of gastrointestinal pathogens to the antibacterial effect of manuka honey.,European journal of clinical microbiology & infectious diseases : official publication of the European Society of Clinical Microbiology,2011.0,include,meets criteria,13.5,,False
PMC8626341,34867041.0,10.1016/j.sjbs.2021.08.055,Potential effects of Saudi Shaoka (<i>Fagonia bruguieri)</i> honey against multi-drug-resistant bacteria and cancer cells in comparison to Manuka honey.,Saudi journal of biological sciences,2021.0,include,meets criteria,13.0,25.0,True
PMC10617706,37906561.0,10.1371/journal.pone.0293730,Characterisation of physicochemical parameters and antibacterial properties of New Caledonian honeys.,PloS one,2023.0,include,meets criteria,13.0,,False
PMC6332115,26364634.0,10.3390/molecules200916068,Comparing the Antibacterial and Functional Properties of Cameroonian and Manuka Honeys for Potential Wound Healing-Have We Come Full Cycle in Dealing with Antibiotic Resistance?,"Molecules (Basel, Switzerland)",2015.0,include,meets criteria,12.5,8.0,True
PMC8234392,34204325.0,10.3390/foods10061402,Comparing the Antimicrobial Actions of Greek Honeys from the Island of Lemnos and Manuka Honey from New Zealand against Clinically Important Bacteria.,"Foods (Basel, Switzerland)",2021.0,include,meets criteria,12.0,224.0,True
PMC12175512,40397496.0,10.1128/aem.02523-24,"Strong antimicrobial activity and unique physicochemical characteristics in honey from Australian stingless bees &lt;i&gt;Tetragonula carbonaria&lt;/i&gt;, &lt;i&gt;Tetragonula hockingsi&lt;/i&gt;, and &lt;i&gt;Austroplebeia australis&lt;/i&gt;.",Applied and environmental microbiology,2025.0,include,meets criteria,12.0,102.0,True
PMC7076972,32178659.0,10.1186/s12906-020-2829-5,"Physical characteristics and antimicrobial properties of Apis mellifera, Frieseomelitta nigra and Melipona favosa bee honeys from apiaries in Trinidad and Tobago.",BMC complementary medicine and therapies,2020.0,include,meets criteria,12.0,57.0,True
PMC5721633,29354709.0,10.1136/bmjophth-2016-000065,Preclinical development of MGO Manuka Honey microemulsion for blepharitis management.,BMJ open ophthalmology,2017.0,exclude,formulation with inseparable matrix,12.0,,False
PMC13460517,42578632.0,10.1099/mic.0.001746,Unique Mānuka Factor (UMF)-dependent antimicrobial activity of Mānuka honey against respiratory pathogens cannot be explained by sugar and methylglyoxal alone.,"Microbiology (Reading, England)",2026.0,include,meets criteria,12.0,,False
PMC1297205,10472280.0,10.1177/014107689909200604,Antibacterial activity of honey against strains of Staphylococcus aureus from infected wounds.,Journal of the Royal Society of Medicine,1999.0,include,meets criteria,11.5,,False
PMC8944737,35326885.0,10.3390/antibiotics11030422,Antimicrobial Evaluation of Various Honey Types against Carbapenemase-Producing Gram-Negative Clinical Isolates.,"Antibiotics (Basel, Switzerland)",2022.0,include,meets criteria,11.0,49.0,True
PMC10669562,37998842.0,10.3390/antibiotics12111640,The Antibacterial Properties of Polish Honey against <i>Streptococcus mutans</i>-A Causative Agent of Dental Caries.,"Antibiotics (Basel, Switzerland)",2023.0,exclude,no quantitative antibacterial outcome,11.0,,False
PMC12466729,41009866.0,10.3390/antibiotics14090887,Honey Compounds Exhibit Antibacterial Effects Against &lt;i&gt;Aggregatibacter actinomycetemcomitans&lt;/i&gt; JP2.,"Antibiotics (Basel, Switzerland)",2025.0,include,meets criteria,11.0,,False
PMC6814216,31652284.0,10.1371/journal.pone.0224495,Antibacterial activity of varying UMF-graded Manuka honeys.,PloS one,2019.0,include,meets criteria,11.0,21.0,True
PMC2942791,20813024.0,10.1186/1472-6882-10-47,"Comparison of the antimicrobial activity of Ulmo honey from Chile and Manuka honey against methicillin-resistant Staphylococcus aureus, Escherichia coli and Pseudomonas aeruginosa.",BMC complementary and alternative medicine,2010.0,include,meets criteria,10.5,35.0,True
PMC9333225,35901185.0,10.1371/journal.pone.0272376,Correlation of the antibacterial activity of commercial manuka and Leptospermum honeys from Australia and New Zealand with methylglyoxal content and other physicochemical characteristics.,PloS one,2022.0,include,meets criteria,10.0,184.0,True
PMC12730059,41463762.0,10.3390/antibiotics14121260,"Exploring the Antibacterial, Anti-Inflammatory, and Antioxidant Properties of the Natural Food Supplement ""&lt;i&gt;Protegol&lt;/i&gt;"" as a Supportive Strategy in Respiratory Tract Infections.","Antibiotics (Basel, Switzerland)",2025.0,exclude,non-honey bee product is main article,10.0,,False
PMC7936102,33728273.0,10.1016/j.jtcme.2020.02.007,Portuguese honeys as antimicrobial agents against <i>Candida</i> species.,Journal of traditional and complementary medicine,2021.0,include,meets criteria,10.0,34.0,True
PMC9324298,35890390.0,10.3390/pharmaceutics14071493,Preparation and Characterisation of a Cyclodextrin-Complexed Mānuka Honey Microemulsion for Eyelid Application.,Pharmaceutics,2022.0,exclude,formulation with inseparable matrix,10.0,,False
PMC11792292,39905465.0,10.1186/s12906-025-04778-1,Exploring the antibacterial and anti-biofilm activity of two Iranian medical-grade kinds of honey on multidrug-resistant Pseudomonas aeruginosa.,BMC complementary medicine and therapies,2025.0,include,meets criteria,10.0,8.0,True
PMC6029468,30018636.0,10.1155/2018/7021713,The Antibacterial Effect <i>In Vitro</i> of Honey Derived from Various Danish Flora.,Dermatology research and practice,2018.0,exclude,no quantitative antibacterial outcome,10.0,,False
PMC6034916,29749429.0,10.3892/ijmm.2018.3656,Antibacterial and antioxidant activity of different types of honey derived from Mount Olympus in Greece.,International journal of molecular medicine,2018.0,include,meets criteria,10.0,1.0,True
PMC12929673,41731922.0,10.1002/mbo3.70238,Diverse Forage Enhances the Antimicrobial Potency of Australian Honey.,MicrobiologyOpen,2026.0,include,meets criteria,10.0,4.0,True
PMC12030384,40283968.0,10.3390/ph18040534,In Vitro Evidence for the Efficacy of Manuka Honey and Its Components Against the Major Human Pathogenic &lt;i&gt;Sporothrix&lt;/i&gt; Species.,"Pharmaceuticals (Basel, Switzerland)",2025.0,exclude,non-bacterial outcome only,10.0,,False
PMC13350941,42115218.0,10.1038/s41598-026-43867-0,Natural compounds for preventing dental caries by evaluating antibacterial and biofilm disrupting effects on Streptococcus mutans.,Scientific reports,2026.0,exclude,non-honey bee product is main article,10.0,,False
PMC13315830,42382736.0,10.1155/ijfo/9085243,South African Honey: Anti-&lt;i&gt;Helicobacter pylori&lt;/i&gt; Activity and Combined Effect With the Gut Microbiome.,International journal of food science,2026.0,include,meets criteria,10.0,,False
PMC13035723,41924719.0,10.3389/fvets.2026.1782821,&lt;i&gt;In vitro&lt;/i&gt; efficacy of four potential antimicrobial substances against &lt;i&gt;Klebsiella&lt;/i&gt; species and &lt;i&gt;Streptococcus uberis&lt;/i&gt; isolated from bovine mastitis.,Frontiers in veterinary science,2026.0,review_flag,combination therapy - verify honey-alone arm,10.0,18.0,True
PMC11083411,38731715.0,10.3390/foods13091344,"Relationships among Hydrogen Peroxide Concentration, Catalase, Glucose Oxidase, and Antimicrobial Activities of Honeys.","Foods (Basel, Switzerland)",2024.0,include,meets criteria,10.0,,False
PMC12434934,40958987.0,10.14740/jocmr6312,The Elimination Effect of Medical-Grade Honey on &lt;i&gt;Pseudomonas aeruginosa&lt;/i&gt; Biofilms: A Systematic Review and Meta-Analysis.,Journal of clinical medicine research,2025.0,include,meets criteria,10.0,,False
PMC10215129,37237718.0,10.3390/antibiotics12050816,Antimicrobial and Antibiofilm Properties of Latvian Honey against Causative Agents of Wound Infections.,"Antibiotics (Basel, Switzerland)",2023.0,include,meets criteria,10.0,338.0,True
PMC10739588,38055248.0,10.1021/acsami.3c11910,Layer-by-Layer Coatings of Collagen-Hyaluronic acid Loaded with an Antibacterial Manuka Honey Bioactive Compound to Fight Metallic Implant Infections.,ACS applied materials & interfaces,2023.0,exclude,formulation with inseparable matrix,10.0,,False
PMC3572166,23418472.0,10.1371/journal.pone.0055898,"The effect of New Zealand kanuka, manuka and clover honeys on bacterial growth dynamics and cellular morphology varies according to the species.",PloS one,2013.0,include,meets criteria,9.5,,False
PMC3406342,22866051.0,10.3389/fmicb.2012.00265,The effect of standard heat and filtration processing procedures on antimicrobial activity and hydrogen peroxide levels in honey.,Frontiers in microbiology,2012.0,include,meets criteria,9.5,22.0,True
PMC9168249,35765547.0,10.18502/ijm.v14i2.9193,A comparative study of antibacterial and antivirulence activities of four selected honeys to Manuka honey.,Iranian journal of microbiology,2022.0,include,meets criteria,9.0,,False
PMC8125924,34066799.0,10.3390/molecules26092778,Chemical Analyses and Antimicrobial Activity of Nine Kinds of Unifloral Chinese Honeys Compared to Manuka Honey (12+ and 20+).,"Molecules (Basel, Switzerland)",2021.0,include,meets criteria,9.0,5.0,True
PMC9570014,36233331.0,10.3390/ijms231912031,Enhanced Bioactivity of Tailor-Made Glycolipid Enriched Manuka Honey.,International journal of molecular sciences,2022.0,include,meets criteria,9.0,,False
PMC9509720,,,P100 Potent inhibition of dermatophyte fungi by Australian native jarrah honey,Medical mycology,2022.0,include,meets criteria,9.0,,False
PMC9414000,36015289.0,10.3390/pharmaceutics14081663,Honey: An Advanced Antimicrobial and Wound Healing Biomaterial for Tissue Engineering Applications.,Pharmaceutics,2022.0,exclude,formulation with inseparable matrix,9.0,,False
PMC8997407,35407030.0,10.3390/foods11070943,Physicochemical Characterization and Biological Properties of Pine Honey Produced across Greece.,"Foods (Basel, Switzerland)",2022.0,include,meets criteria,9.0,140.0,True
PMC11763214,39858289.0,10.3390/antibiotics14010003,Effectiveness of a Novel Liposomal Methylglyoxal-Tobramycin Formulation in Reducing Biofilm Formation and Bacterial Adhesion.,"Antibiotics (Basel, Switzerland)",2024.0,exclude,formulation with inseparable matrix,9.0,,False
PMC5578320,28813014.0,10.3390/ma10080954,Antibacterial Properties of Nonwoven Wound Dressings Coated with Manuka Honey or Methylglyoxal.,"Materials (Basel, Switzerland)",2017.0,exclude,formulation with inseparable matrix,9.0,,False
PMC6053432,30026515.0,10.1038/s41598-018-29188-x,Impact of honey on dental erosion and adhesion of early bacterial colonizers.,Scientific reports,2018.0,include,meets criteria,9.0,,False
PMC11111008,38776281.0,10.1371/journal.pone.0303095,Long-term stability and the physical and chemical factors predictive for antimicrobial activity in Australian honey.,PloS one,2024.0,review_flag,combination therapy - verify honey-alone arm,9.0,99.0,True
PMC10931437,38473161.0,10.3390/ani14050776,Comparison of In Vitro Bacterial Susceptibility to Common and Novel Equine Wound Care Dressings.,Animals : an open access journal from MDPI,2024.0,exclude,formulation with inseparable matrix,9.0,,False
PMC10051060,36985830.0,10.3390/molecules28062858,Monitoring the Release of Methylglyoxal (MGO) from Honey and Honey-Based Formulations.,"Molecules (Basel, Switzerland)",2023.0,include,meets criteria,9.0,,False
PMC7600471,33050172.0,10.3390/antibiotics9100684,The Bactericidal Activity and Spore Inhibition Effect of Manuka Honey against <i>Clostridioides Difficile</i>.,"Antibiotics (Basel, Switzerland)",2020.0,include,meets criteria,9.0,,False
PMC11876691,40032917.0,10.1038/s41598-025-90072-6,"Formulation and evaluation of therapeutic antimicrobial citrus and Manuka honey creams with aloe vera, mint essential oil, and Indian costus.",Scientific reports,2025.0,exclude,formulation with inseparable matrix,9.0,,False
PMC11682447,39732871.0,10.1038/s41598-024-82429-0,"The comparison of the antioxidant, antibacterial and antiviral potential of Polish fir honeydew and Manuka honeys.",Scientific reports,2024.0,include,meets criteria,9.0,54.0,True
PMC6397887,30858831.0,10.3389/fmicb.2019.00263,Antimicrobial Activity of <i>Agastache</i> Honey and Characterization of Its Bioactive Compounds in Comparison With Important Commercial Honeys.,Frontiers in microbiology,2019.0,include,meets criteria,9.0,96.0,True
PMC7725308,33296391.0,10.1371/journal.pone.0243246,"Development and validation of a new microplate assay that utilises optical density to quantify the antibacterial activity of honeys including Jarrah, Marri and Manuka.",PloS one,2020.0,include,meets criteria,9.0,,False
PMC10000891,36900615.0,10.3390/foods12051098,3-Phenyllactic Acid and Polyphenols Are Substances Enhancing the Antibacterial Effect of Methylglyoxal in Manuka Honey.,"Foods (Basel, Switzerland)",2023.0,include,meets criteria,9.0,,False
PMC11405313,39290512.0,10.3389/fmicb.2024.1440658,PCL-gelatin honey scaffolds promote <i>Staphylococcus aureus</i> agrA expression in biofilms with <i>Pseudomonas aeruginosa</i>.,Frontiers in microbiology,2024.0,exclude,formulation with inseparable matrix,9.0,,False
PMC11109849,38778936.0,10.1016/j.heliyon.2024.e30839,Bio-functional properties and phytochemical composition of selected <i>Apis mellifera</i> honey from Africa.,Heliyon,2024.0,include,meets criteria,9.0,53.0,True
PMC11485888,39109942.0,10.1080/17460913.2024.2384260,Exploring the antimicrobial efficacy of Manuka honey against multidrug-resistant and extensively drug-resistant &lt;i&gt;Salmonella&lt;/i&gt; Typhi causing septicemia in Pakistan.,Future microbiology,2024.0,include,meets criteria,9.0,,False
PMC9906859,36755237.0,10.1186/s12906-023-03870-8,Antibacterial efficacy of indigenous Pakistani honey against extensively drug-resistant clinical isolates of Salmonella enterica serovar Typhi: an alternative option to combat antimicrobial resistance.,BMC complementary medicine and therapies,2023.0,include,meets criteria,9.0,,False
PMC7719625,33329497.0,10.3389/fmicb.2020.605608,<i>In vitro</i> Evaluation of Medihoney Antibacterial Wound Gel as an Anti-biofilm Agent Against Ventricular Assist Device Driveline Infections.,Frontiers in microbiology,2020.0,include,meets criteria,9.0,24.0,True
PMC12963514,41229077.0,10.1111/vop.70111,"In Vitro Activity of Manuka Honey, Either Alone or in Combination With Topical Antibiotics, Against Bacteria Commonly Found in Equine Ulcerative Keratitis.",Veterinary ophthalmology,2026.0,review_flag,combination therapy - verify honey-alone arm,9.0,18.0,True
PMC11405583,38744770.0,10.1007/s42770-024-01343-9,Antimicrobial and antibiofilm activities of Brazilian organic honey against oral microorganisms.,Brazilian journal of microbiology : [publication of the Brazilian Society for Microbiology],2024.0,include,meets criteria,9.0,,False
PMC13565909,42737744.0,10.3390/ijms27177848,"Comparative Analysis of Phenolic Acid Profiles, Antioxidant Capacity, and Antimicrobial Activity of Honeys from Different Botanical and Geographical Origins.",International journal of molecular sciences,2026.0,include,meets criteria,9.0,,False
PMC13561338,42721122.0,10.1371/journal.pone.0356687,Modifications to a vegan artificial honey result in inhibitory activity against Mycobacterium abscessus.,PloS one,2026.0,include,meets criteria,9.0,,False
PMC6890799,31796774.0,10.1038/s41598-019-54576-2,Honey can inhibit and eliminate biofilms produced by Pseudomonas aeruginosa.,Scientific reports,2019.0,exclude,formulation with inseparable matrix,9.0,,False
PMC5326189,28292167.0,10.11604/pamj.2016.25.212.10414,Effect of United States buckwheat honey on antibiotic-resistant hospital acquired pathogens.,The Pan African medical journal,2016.0,include,meets criteria,8.5,,False
PMC3273858,22347223.0,10.3389/fmicb.2012.00036,Mechanism of Honey Bacteriostatic Action Against MRSA and VRE Involves Hydroxyl Radicals Generated from Honey's Hydrogen Peroxide.,Frontiers in microbiology,2012.0,include,meets criteria,8.5,,False
PMC3389331,22783246.0,10.3389/fmicb.2012.00242,"Powerful bacterial killing by buckwheat honeys is concentration-dependent, involves complete DNA degradation and requires hydrogen peroxide.",Frontiers in microbiology,2012.0,include,meets criteria,8.5,32.0,True
PMC3585195,23469049.0,10.1371/journal.pone.0057679,Synergism between Medihoney and rifampicin against methicillin-resistant Staphylococcus aureus (MRSA).,PloS one,2013.0,review_flag,combination therapy - verify honey-alone arm,8.5,,False
PMC3987683,24666777.0,10.1186/1472-6831-14-24,Honey - a potential agent against Porphyromonas gingivalis: an in vitro study.,BMC oral health,2014.0,include,meets criteria,8.5,,False
PMC12821595,41562695.0,10.3390/biotech15010005,Medicinal Honeys from Oceania: An Updated Review on Their Bioactive Constituents and Health Applications.,Biotech (Basel (Switzerland)),2026.0,exclude,no quantitative antibacterial outcome,8.0,,False
PMC13347724,42428714.0,10.14744/semb.2026.45228,In Vitro Antimicrobial Activity of Five Turkish Honey Types Against Otitis Externa Pathogens: A Comparative Study.,Sisli Etfal Hastanesi tip bulteni,2026.0,include,meets criteria,8.0,,False
PMC9415335,36014359.0,10.3390/molecules27165121,"Singular and Combined Effects of Essential Oil and Honey of <i>Eucalyptus Globulus</i> on Anti-Inflammatory, Antioxidant, Dermatoprotective, and Antimicrobial Properties: In Vitro and In Vivo Findings.","Molecules (Basel, Switzerland)",2022.0,include,meets criteria,8.0,66.0,True
PMC9419396,36028794.0,10.1186/s12866-022-02611-0,Effects of artificial honey and epigallocatechin-3-gallate on streptococcus pyogenes.,BMC microbiology,2022.0,include,meets criteria,8.0,,False
PMC12994052,41853606.0,10.1016/j.fochx.2026.103704,Characterization of microbial community and yeast functional traits in &lt;i&gt;Apocynum venetum&lt;/i&gt; honey from Xinjiang.,Food chemistry: X,2026.0,include,meets criteria,8.0,,False
PMC9371847,35966725.0,10.1155/2022/1518511,"Chemical Composition and the Anticancer, Antimicrobial, and Antioxidant Properties of <i>Acacia</i> Honey from the Hail Region: The in vitro and in silico Investigation.",Evidence-based complementary and alternative medicine : eCAM,2022.0,include,meets criteria,8.0,89.0,True
PMC13379289,42491927.0,10.1039/d6ra02816k,Egyptian fennel honey as a potential sustainable and economical alternative to manuka honey: a multi-parameter comparative study.,RSC advances,2026.0,include,meets criteria,8.0,6.0,True
PMC13028829,41900341.0,10.3390/microorganisms14030579,Probiotic Assessment of Lactic Acid Bacteria Strains and Consortia for Enhancing Honey Bee Health and Nutrition.,Microorganisms,2026.0,include,meets criteria,8.0,,False
PMC11052219,38674722.0,10.3390/microorganisms12040778,The Antimicrobial and Antibiofilm Abilities of Fish Oil Derived Polyunsaturated Fatty Acids and Manuka Honey.,Microorganisms,2024.0,include,meets criteria,8.0,31.0,True
PMC11596660,39597697.0,10.3390/microorganisms12112309,"Biofilm Inhibition Activity of Fennel Honey, Fennel Essential Oil and Their Combination.",Microorganisms,2024.0,include,meets criteria,8.0,9.0,True
PMC10386826,37520253.0,10.7717/peerj.15645,Unique antimicrobial activity in honey from the Australian honeypot ant (<i>Camponotus inflatus</i>).,PeerJ,2023.0,include,meets criteria,8.0,22.0,True
PMC11561629,39554406.0,10.1021/acsomega.4c04284,"Authentication of <i>Ziziphus lotus</i> Honey from the Middle Atlas Mountains of Morocco: Physicochemical Properties, Mineral Content, Sugar, Polyphenol Profiles, and Antioxidant Capacity.",ACS omega,2024.0,include,meets criteria,8.0,22.0,True
PMC10919402,38455958.0,10.3389/fphar.2024.1345340,"Comparative evaluation of antioxidant activity, total phenolic content, anti-inflammatory, and antibacterial potential of <i>Euphorbia</i>-derived functional products.",Frontiers in pharmacology,2024.0,exclude,non-honey bee product is main article,8.0,,False
PMC6416547,30781788.0,10.3390/ma12040559,Physically Cross-Linked Gels of PVA with Natural Polymers as Matrices for Manuka Honey Release in Wound-Care Applications.,"Materials (Basel, Switzerland)",2019.0,include,meets criteria,8.0,,False
PMC6963415,31817375.0,10.3390/antibiotics8040251,Dissecting the Antimicrobial Composition of Honey.,"Antibiotics (Basel, Switzerland)",2019.0,exclude,no quantitative antibacterial outcome,8.0,,False
PMC7699395,33228072.0,10.3390/microorganisms8111823,Biofilm Formation Reducing Properties of Manuka Honey and Propolis in <i>Proteus mirabilis</i> Rods Isolated from Chronic Wounds.,Microorganisms,2020.0,include,meets criteria,8.0,,False
PMC9958606,36838474.0,10.3390/microorganisms11020509,Antibacterial and Antibiofilm Effect of Unifloral Honeys against Bacteria Isolated from Chronic Wound Infections.,Microorganisms,2023.0,include,meets criteria,8.0,15.0,True
PMC10105280,37069905.0,10.18502/ijm.v15i1.11923,Comparison of the antimicrobial and antivirulence activities of Sidr and Tualang honeys with Manuka honey against <i>Staphylococcus aureus</i>.,Iranian journal of microbiology,2023.0,include,meets criteria,8.0,,False
PMC7054553,32180623.0,10.1007/s13197-019-04159-w,Antioxidant properties and antimicrobial activity of manuka honey versus Polish honeys.,Journal of food science and technology,2020.0,include,meets criteria,8.0,,False
PMC12311394,40746652.0,10.1002/fsn3.70743,"The Antimicrobial and Antioxidant Properties of Raw, Aged, and Fermented Garlic: Influence of Processing Methods.",Food science & nutrition,2025.0,include,meets criteria,8.0,,False
PMC6835506,31581550.0,10.3390/foods8100446,"Oligosaccharides Isolated from MGO™ Manuka Honey Inhibit the Adhesion of <i>Pseudomonas aeruginosa</i>, <i>Escherichia Coli</i> O157:H7 and <i>Staphylococcus Aureus</i> to Human HT-29 cells.","Foods (Basel, Switzerland)",2019.0,include,meets criteria,8.0,,False
PMC12153394,40293032.0,10.1080/17460913.2025.2498233,"Selected honey as a multifaceted antimicrobial agent: review of compounds, mechanisms, and research challenges.",Future microbiology,2025.0,exclude,no quantitative antibacterial outcome,8.0,,False
PMC12457313,41000474.0,10.3389/fbioe.2025.1661383,&lt;i&gt;In vitro&lt;/i&gt; evaluation of methylglyoxal as an antibacterial additive to bone cement.,Frontiers in bioengineering and biotechnology,2025.0,exclude,formulation with inseparable matrix,8.0,,False
PMC7554693,32916880.0,10.3390/foods9091263,Demanding New Honey Qualitative Standard Based on Antibacterial Activity.,"Foods (Basel, Switzerland)",2020.0,include,meets criteria,8.0,,False
PMC7765399,33334017.0,10.3390/antibiotics9120911,Antibiofilm Activity of Heather and Manuka Honeys and Antivirulence Potential of Some of Their Constituents on the DsbA1 Enzyme of <i>Pseudomonas aeruginosa</i>.,"Antibiotics (Basel, Switzerland)",2020.0,include,meets criteria,8.0,,False
PMC8244602,34249263.0,10.22038/ijbms.2021.54224.12179,Antibacterial activity of honeys and potential synergism of honeys with antibiotics and alkaloid extract of <i>Sophora alopecuroides</i> plant against antibiotic-resistant <i>Escherichia coli</i> mutant.,Iranian journal of basic medical sciences,2021.0,review_flag,combination therapy - verify honey-alone arm,8.0,,False
PMC7070301,32102181.0,10.3390/molecules25040992,Vitamin C Enhances the Antibacterial Activity of Honey against Planktonic and Biofilm-Embedded Bacteria.,"Molecules (Basel, Switzerland)",2020.0,include,meets criteria,8.0,,False
PMC10622673,37928190.0,10.3389/fcimb.2023.1219984,Combinatorial efficacy of Manuka honey and antibiotics in the <i>in vitro</i> control of staphylococci and their small colony variants.,Frontiers in cellular and infection microbiology,2023.0,review_flag,combination therapy - verify honey-alone arm,8.0,13.0,True
PMC9332021,35893528.0,10.3390/nano12152560,Recent Advances in Honey-Based Nanoparticles for Wound Dressing: A Review.,"Nanomaterials (Basel, Switzerland)",2022.0,exclude,formulation with inseparable matrix,8.0,,False
PMC9495021,36139943.0,10.3390/antibiotics11091163,Antimicrobial and Antioxidant Activity of Different Honey Samples from Beekeepers and Commercial Producers.,"Antibiotics (Basel, Switzerland)",2022.0,include,meets criteria,8.0,,False
PMC12488946,41034295.0,10.1038/s41598-025-15260-w,Exploring the novel paper wasp (Parapolybia escalerae) honey for green synthesis of silver nanoparticles with antibacterial properties.,Scientific reports,2025.0,exclude,formulation with inseparable matrix,8.0,,False
PMC8637896,34869257.0,10.3389/fbioe.2021.742135,<i>In situ</i> Forming Hyperbranched PEG-Thiolated Hyaluronic Acid Hydrogels With Honey-Mimetic Antibacterial Properties.,Frontiers in bioengineering and biotechnology,2021.0,exclude,formulation with inseparable matrix,8.0,,False
PMC12532491,41105045.0,10.1002/mbo3.70076,"In Vitro Antibacterial Activity of Raw Honey From Apis mellifera, Awi Zone, Amhara, Ethiopia.",MicrobiologyOpen,2025.0,include,meets criteria,8.0,25.0,True
PMC9607359,36297324.0,10.3390/ph15101212,"The Antimicrobial Effects of Saudi Sumra Honey against Drug Resistant Pathogens: Phytochemical Analysis, Antibiofilm, Anti-Quorum Sensing, and Antioxidant Activities.","Pharmaceuticals (Basel, Switzerland)",2022.0,include,meets criteria,8.0,34.0,True
PMC8021062,33828385.0,10.4103/jpbs.jpbs_280_19,Effect of Non-hydrogen Peroxide on Antibacterial Activity of Malaysian <i>Meliponini</i> Honey against <i>Staphylococcus aureus</i>.,Journal of pharmacy & bioallied sciences,2020.0,include,meets criteria,8.0,10.0,True
PMC2753561,19754926.0,10.1186/1472-6882-9-34,The antibacterial properties of Malaysian tualang honey against wound and enteric microorganisms in comparison to manuka honey.,BMC complementary and alternative medicine,2009.0,include,meets criteria,7.5,,False
PMC3716576,23758747.0,10.1186/1472-6882-13-129,Antibacterial activity of selected Malaysian honey.,BMC complementary and alternative medicine,2013.0,include,meets criteria,7.5,44.0,True
PMC3042689,21350671.0,10.4061/2011/917505,Antibacterial efficacy of raw and processed honey.,Biotechnology research international,2011.0,include,meets criteria,7.5,68.0,True
PMC6269728,23579991.0,10.3390/molecules18044233,Effect of Erica sp. honey against microorganisms of clinical importance: study of the factors underlying this biological activity.,"Molecules (Basel, Switzerland)",2013.0,include,meets criteria,7.5,10.0,True
PMC3929242,24192110.0,10.1089/jmf.2012.0201,Methylglyoxal may affect hydrogen peroxide accumulation in manuka honey through the inhibition of glucose oxidase.,Journal of medicinal food,2014.0,include,meets criteria,7.5,,False
PMC9359632,35958247.0,10.3389/fnut.2022.954170,"The role of honey in the ecology of the hive: Nutrition, detoxification, longevity, and protection against hive pathogens.",Frontiers in nutrition,2022.0,exclude,no quantitative antibacterial outcome,7.0,,False
PMC12249035,40647128.0,10.3390/foods14132376,"Physicochemical Properties, Antioxidant and Antibacterial Activities and Anti-Hepatocarcinogenic Effect and Potential Mechanism of &lt;i&gt;Schefflera oleifera&lt;/i&gt; Honey Against HepG2 Cells.","Foods (Basel, Switzerland)",2025.0,include,meets criteria,7.0,32.0,True
PMC9241799,35446116.0,10.1128/spectrum.02357-21,Exploration of the Antimicrobial Synergy between Selected Natural Substances on Streptococcus mutans to Identify Candidates for the Control of Dental Caries.,Microbiology spectrum,2022.0,exclude,no quantitative antibacterial outcome,7.0,,False
PMC8374640,34430875.0,10.1016/j.crfs.2021.08.002,"The bioactive, antioxidant, antibacterial, and physicochemical properties of a range of commercially available Australian honeys.",Current research in food science,2021.0,include,meets criteria,7.0,,False
PMC9405051,36010001.0,10.3390/antibiotics11081132,Both Manuka and Non-Manuka Honey Types Inhibit Antibiotic Resistant Wound-Infecting Bacteria.,"Antibiotics (Basel, Switzerland)",2022.0,include,meets criteria,7.0,,False
PMC9654997,36364211.0,10.3390/molecules27217385,The Effect of Selected Bee Products on Adhesion and Biofilm of <i>Clostridioides difficile</i> Strains Belonging to Different Ribotypes.,"Molecules (Basel, Switzerland)",2022.0,include,meets criteria,7.0,,False
PMC9570921,36235073.0,10.3390/molecules27196536,Biological Efficacy of Compounds from Stingless Honey and Sting Honey against Two Pathogenic Bacteria: An In Vitro and In Silico Study.,"Molecules (Basel, Switzerland)",2022.0,exclude,no quantitative antibacterial outcome,7.0,,False
PMC8127710,34025770.0,10.1111/eva.13200,Evolution of honey resistance in experimental populations of bacteria depends on the type of honey and has no major side effects for antibiotic susceptibility.,Evolutionary applications,2021.0,exclude,no quantitative antibacterial outcome,7.0,,False
PMC12298140,40732277.0,10.3390/ph18070988,Natural Honey-Propolis Combinations with Health-Promoting Potential: Antibacterial Activity Against Foodborne Pathogens.,"Pharmaceuticals (Basel, Switzerland)",2025.0,include,meets criteria,7.0,,False
PMC9516024,,,P475 Bee health and the antifungal activity of honey,Medical mycology,2022.0,exclude,non-bacterial outcome only,7.0,,False
PMC9219755,35740017.0,10.3390/antiox11061120,"Antioxidative, Antibacterial and Antiproliferative Properties of Honey Types from the Western Balkans.","Antioxidants (Basel, Switzerland)",2022.0,include,meets criteria,7.0,95.0,True
PMC9740266,36501550.0,10.3390/polym14235155,Antibacterial Properties of Honey Nanocomposite Fibrous Meshes.,Polymers,2022.0,exclude,formulation with inseparable matrix,7.0,,False
PMC9616666,36312784.0,10.1155/2022/5308435,Antibacterial Efficacy and Healing Potential of Honey from Different Zones in Nigeria on Diabetic-Induced Wound Infection in Wistar Rats.,International journal of microbiology,2022.0,include,meets criteria,7.0,,False
PMC9137981,35625239.0,10.3390/antibiotics11050595,Diversity of Monofloral Honey Based on the Antimicrobial and Antioxidant Potential.,"Antibiotics (Basel, Switzerland)",2022.0,include,meets criteria,7.0,,False
PMC11851655,40001390.0,10.3390/antibiotics14020146,Synergistic Antibiofilm Effects of Chestnut and Linden Honey with Lavender Essential Oil Against Multidrug-Resistant Otitis Media Pathogens.,"Antibiotics (Basel, Switzerland)",2025.0,include,meets criteria,7.0,47.0,True
PMC11851452,40001416.0,10.3390/antibiotics14020172,Antimicrobial Properties of Hive Products and Their Potential Applications in Human and Veterinary Medicine.,"Antibiotics (Basel, Switzerland)",2025.0,exclude,no quantitative antibacterial outcome,7.0,,False
PMC7573686,33077785.0,10.1038/s41598-020-74937-6,Use of a model to understand the synergies underlying the antibacterial mechanism of H<sub>2</sub>O<sub>2</sub>-producing honeys.,Scientific reports,2020.0,include,meets criteria,7.0,,False
PMC11015535,38613443.0,10.1002/vms3.1440,Fabrication and antimicrobial properties of novel meropenem-honey encapsulated chitosan nanoparticles against multiresistant and biofilm-forming Staphylococcus aureus as a new antimicrobial agent.,Veterinary medicine and science,2024.0,exclude,formulation with inseparable matrix,7.0,,False
PMC11311187,39118572.0,10.1177/2515690x241271978,Characterization of Antibiofilm and Antimicrobial Effects of <i>Trigona</i> Stingless Bee Honey Compared to Stinging Bee <i>Centaurea hyalolepis</i> and <i>Citrus</i> Honeys.,Journal of evidence-based integrative medicine,2024.0,include,meets criteria,7.0,5.0,True
PMC10534332,37764280.0,10.3390/molecules28186504,"Synthesis, Characterization, and Biological Properties of Iron Oxide Nanoparticles Synthesized from <i>Apis mellifera</i> Honey.","Molecules (Basel, Switzerland)",2023.0,exclude,formulation with inseparable matrix,7.0,,False
PMC6514785,31010070.0,10.3390/molecules24081573,Antibacterial Activity of Different Blossom Honeys: New Findings.,"Molecules (Basel, Switzerland)",2019.0,include,meets criteria,7.0,,False
PMC7712053,33233581.0,10.3390/vetsci7040181,Antibacterial Activity of Honey Samples from Ukraine.,Veterinary sciences,2020.0,include,meets criteria,7.0,,False
PMC11939154,40149066.0,10.3390/antibiotics14030255,Honey as a Natural Antimicrobial.,"Antibiotics (Basel, Switzerland)",2025.0,exclude,clinical/in-vivo without microbiological assay,7.0,,False
PMC11799142,39910223.0,10.1038/s41598-025-88613-0,"Physicochemical parameters, microbiological quality, and antibacterial activity of honey from the Bucovina region of Romania.",Scientific reports,2025.0,include,meets criteria,7.0,447.0,True
PMC12861962,41386824.0,10.1016/j.jgeb.2025.100559,"Potential antibacterial, antioxidant and anticancer activities of Nigerian mountain honey in relation to its bacterial flora.","Journal, genetic engineering & biotechnology",2025.0,include,meets criteria,7.0,21.0,True
PMC8071826,33911935.0,10.1016/j.sjbs.2020.10.017,The antibacterial activities of honey.,Saudi journal of biological sciences,2021.0,exclude,no quantitative antibacterial outcome,7.0,,False
PMC7918412,33670403.0,10.3390/pathogens10020194,Inhibition of Dermatophyte Fungi by Australian Jarrah Honey.,"Pathogens (Basel, Switzerland)",2021.0,exclude,non-bacterial outcome only,7.0,,False
PMC7168267,31973242.0,10.3390/antibiotics9020043,Honey as a Strategy to Fight <i>Candida tropicalis</i> in Mixed-Biofilms with <i>Pseudomonas aeruginosa</i>.,"Antibiotics (Basel, Switzerland)",2020.0,include,meets criteria,7.0,,False
PMC6252015,30505183.0,10.1016/j.sjbs.2018.05.021,Floral markers and biological activity of Saudi honey.,Saudi journal of biological sciences,2018.0,include,meets criteria,7.0,35.0,True
PMC10528311,37761060.0,10.3390/foods12183349,Microbiological Quality of Polish Artisanal Varietal Honeys.,"Foods (Basel, Switzerland)",2023.0,include,meets criteria,7.0,,False
PMC13220480,42215924.0,10.1186/s12896-026-01159-5,Antimicrobial potential of different bee product-loaded carboxymethyl chitosan nanoparticles against multidrug-resistant clinical pathogens: a comparative in vitro study.,BMC biotechnology,2026.0,exclude,formulation with inseparable matrix,7.0,,False
PMC13068764,41963586.0,10.1007/s00284-026-04866-6,Evaluation of the Antimicrobial Potential of Malaysian Kelulut Honeydew Honey Against Acne Pathogens.,Current microbiology,2026.0,include,meets criteria,7.0,10.0,True
PMC13445924,42563159.0,10.1186/s12906-026-05491-3,Manuka honey as a multifunctional therapeutic against Helicobacter pylori: from chemical profiling to in vitro potency and in vivo gastroprotective efficacy.,BMC complementary medicine and therapies,2026.0,include,meets criteria,7.0,,False
PMC3074369,21499488.0,,In-vitro antimicrobial activity of selected honeys on clinical isolates of Helicobacter pylori.,African health sciences,2007.0,include,meets criteria,6.5,,False
PMC6313337,30562950.0,10.3390/medicines5040135,A New Approach for Indexing Honey for Its Heath/Medicinal Benefits: Visualization of the Concept by Indexing Based on Antioxidant and Antibacterial Activities.,"Medicines (Basel, Switzerland)",2018.0,include,meets criteria,6.5,33.0,True
PMC4783026,26954570.0,10.1371/journal.pone.0150984,Effects of Selected Egyptian Honeys on the Cellular Ultrastructure and the Gene Expression Profile of Escherichia coli.,PloS one,2016.0,include,meets criteria,6.5,3.0,True
PMC4499756,26217333.0,10.3389/fmicb.2015.00711,"MRJP1-containing glycoproteins isolated from honey, a novel antibacterial drug candidate with broad spectrum activity against multi-drug resistant clinical isolates.",Frontiers in microbiology,2015.0,include,meets criteria,6.5,,False
PMC11068765,38702397.0,10.1038/s41598-024-60961-3,Antibacterial activity of Hungarian varietal honeys against respiratory pathogens as a function of storage time.,Scientific reports,2024.0,include,meets criteria,6.5,66.0,True
PMC6601024,31303818.0,10.1016/j.sjbs.2018.04.008,"Laurus nobilis L. Extracts against Paenibacillus larvae: Antimicrobial activity, antioxidant capacity, hygienic behavior and colony strength.",Saudi journal of biological sciences,2019.0,include,meets criteria,6.5,,False
PMC4919268,27386291.0,10.1186/s40064-016-2493-x,"Evaluation of antibacterial activity of honey against multidrug resistant bacteria in Ayder Referral and Teaching Hospital, Northern Ethiopia.",SpringerPlus,2016.0,include,meets criteria,6.5,19.0,True
PMC6470442,31073310.0,10.1155/2019/7686130,Antibacterial Activity of Honey against Methicillin-Resistant Staphylococcus aureus: A Laboratory-Based Experimental Study.,International journal of microbiology,2019.0,include,meets criteria,6.5,,False
PMC3201021,22046173.0,10.3389/fmicb.2011.00213,Re-examining the role of hydrogen peroxide in bacteriostatic and bactericidal activities of honey.,Frontiers in microbiology,2011.0,include,meets criteria,6.5,,False
PMC6977423,31993165.0,10.1002/fsn3.1320,In vitro antimicrobial activities of Saudi honeys originating from Ziziphus spina-christi L. and Acacia gerrardii Benth. trees.,Food science & nutrition,2020.0,include,meets criteria,6.5,24.0,True
PMC4029012,24860556.0,10.3389/fmicb.2014.00180,Effect of methylglyoxal on multidrug-resistant Pseudomonas aeruginosa.,Frontiers in microbiology,2014.0,include,meets criteria,6.5,8.0,True
PMC6881396,31776432.0,10.1038/s41598-019-54217-8,Anti-biofilm effects and characterisation of the hydrogen peroxide activity of a range of Western Australian honeys compared to Manuka and multifloral honeys.,Scientific reports,2019.0,include,meets criteria,6.5,17.0,True
PMC7345844,32575376.0,10.3390/antibiotics9060344,"In Vitro Efficacy of Essential Oils from Melaleuca Alternifolia and Rosmarinus Officinalis, Manuka Honey-based Gel, and Propolis as Antibacterial Agents Against Canine Staphylococcus Pseudintermedius Strains.","Antibiotics (Basel, Switzerland)",2020.0,include,meets criteria,6.5,,False
PMC4398880,25680398.0,10.1007/s00203-015-1091-6,A demonstration of the susceptibility of clinical isolates obtained from cystic fibrosis patients to manuka honey.,Archives of microbiology,2015.0,include,meets criteria,6.5,30.0,True
PMC4023514,24884949.0,10.1186/1476-0711-13-19,Manuka honey treatment of biofilms of Pseudomonas aeruginosa results in the emergence of isolates with increased honey resistance.,Annals of clinical microbiology and antimicrobials,2014.0,include,meets criteria,6.5,17.0,True
PMC3669629,23651562.0,10.1186/1756-0500-6-188,Antibacterial effect of Manuka honey on Clostridium difficile.,BMC research notes,2013.0,include,meets criteria,6.5,,False
PMC3255743,22038612.0,10.1128/AEM.05538-11,Effect of honey on Streptococcus mutans growth and biofilm formation.,Applied and environmental microbiology,2012.0,include,meets criteria,6.5,,False
PMC1294271,8308841.0,10.1177/014107689408700106,Susceptibility of Helicobacter pylori to the antibacterial activity of manuka honey.,Journal of the Royal Society of Medicine,1994.0,include,meets criteria,6.5,,False
PMC9433582,35349126.0,10.1007/s42770-022-00736-y,Fractionation of hexane extracts from Achyrocline satureioides and their biological activities against Paenibacillus larvae.,Brazilian journal of microbiology : [publication of the Brazilian Society for Microbiology],2022.0,include,meets criteria,6.5,,False
PMC3065476,21464891.0,10.1371/journal.pone.0018229,The antibacterial activity of honey derived from Australian flora.,PloS one,2011.0,include,meets criteria,6.5,,False
PMC13257883,42280166.0,10.3390/molecules31111863,Botanical Origin-Dependent Phytochemical Profiles and Pharmaceutical Properties of Medical-Grade Honeys: Transdermal Delivery and Antibacterial Efficacy in a Wound Fluid Model.,"Molecules (Basel, Switzerland)",2026.0,include,meets criteria,6.0,,False
PMC12786090,41517090.0,10.3390/foods15010024,"Evaluation of the Antioxidant, Antibacterial Activity and Volatile Components of Three Distinctive &lt;i&gt;Apis cerana&lt;/i&gt; Honeys.","Foods (Basel, Switzerland)",2025.0,exclude,no quantitative antibacterial outcome,6.0,,False
PMC11675915,39767104.0,10.3390/foods13244163,The Effect of Honey Powder Addition on Chosen Quality Properties of Model Chicken Products.,"Foods (Basel, Switzerland)",2024.0,include,meets criteria,6.0,,False
PMC11047503,38667044.0,10.3390/antibiotics13040368,Medical-Grade Honey as a Potential New Therapy for Bacterial Vaginosis.,"Antibiotics (Basel, Switzerland)",2024.0,include,meets criteria,6.0,,False
PMC10344713,37455680.0,10.1016/j.crfs.2023.100543,Evaluation of the polyphenolic profile of native Ecuadorian stingless bee honeys (<i>Tribe: Meliponini</i>) and their antibiofilm activity on susceptible and multidrug-resistant pathogens: An exploratory analysis.,Current research in food science,2023.0,include,meets criteria,6.0,,False
PMC5302252,28234328.0,10.3390/foods3030420,The Composition and Biological Activity of Honey: A Focus on Manuka Honey.,"Foods (Basel, Switzerland)",2014.0,exclude,no quantitative antibacterial outcome,6.0,,False
PMC12966754,41799253.0,10.1016/j.crfs.2026.101366,Divergent polyphenolic modulation of glucose oxidase activity across honey types: Implications for medical-grade honey standardization.,Current research in food science,2026.0,exclude,non-bacterial outcome only,6.0,,False
PMC12107304,42040030.0,10.31661/gmj.v13isp1.3567,In Vitro Synergistic Antibacterial Effects of Extract and Honey Derived from Nigella Sativa on Streptococcus Mutans : Antibacterial Effects of Nigella Sativa Extract and Honey.,Galen medical journal,2024.0,include,meets criteria,6.0,,False
PMC11123796,38794130.0,10.3390/ph17050560,Antimicrobial Effect of Honey Phenolic Compounds against <i>E. coli</i>-An In Vitro Study.,"Pharmaceuticals (Basel, Switzerland)",2024.0,include,meets criteria,6.0,,False
PMC11013281,38611866.0,10.3390/molecules29071588,Investigations of Major α-Dicarbonyl Content in U.S. Honey of Different Geographical Origins.,"Molecules (Basel, Switzerland)",2024.0,include,meets criteria,6.0,,False
PMC11004823,38601605.0,10.1016/j.heliyon.2024.e28968,Bee venom: A potential natural alternative to conventional preservatives for prolonging the shelf-life of soft cheese 'Talaga'.,Heliyon,2024.0,exclude,non-honey bee product is main article,6.0,,False
PMC13088292,42005332.0,10.1002/fsn3.71645,Honey as a Natural Flavorful Product: A Comprehensive Review of Its Potential Biological Activities and Recent Studies.,Food science & nutrition,2026.0,exclude,no quantitative antibacterial outcome,6.0,,False
PMC13079122,41993919.0,10.3389/finsc.2026.1787016,Effects of essential oils on foulbrood bacteria and honey bee workers (&lt;i&gt;Apis mellifera&lt;/i&gt;) under laboratory conditions.,Frontiers in insect science,2026.0,exclude,no quantitative antibacterial outcome,6.0,,False
PMC11376693,39218463.0,10.15537/smj.2024.45.9.20240153,Biological studies of the activity of Manuka honey against Carbapenem-resistant Enterobacterales (CRE) bacteria.,Saudi medical journal,2024.0,include,meets criteria,6.0,31.0,True
PMC13458788,42437770.0,10.1038/s41598-026-56909-4,"Honey-biosynthesized silver nanoparticles against vancomycin-resistant enterococci: integrated antibacterial, antibiofilm, mechanistic and preliminary safety evaluation.",Scientific reports,2026.0,exclude,formulation with inseparable matrix,6.0,,False
PMC13416295,42515076.0,10.3390/pathogens15070749,"Antibacterial, Phytochemical, and Antioxidant Properties of Propolis Extracts Obtained Using Different Solvents Against Multidrug-Resistant Bacteria.","Pathogens (Basel, Switzerland)",2026.0,exclude,non-honey bee product is main article,6.0,,False
PMC13170404,42137682.0,10.7759/cureus.106948,The Role of Honey in Dental Caries Prevention: A Narrative Review.,Cureus,2026.0,exclude,clinical/in-vivo without microbiological assay,6.0,,False
PMC13072155,41976104.0,10.3390/ani16071125,Chilean Honey as Alternative Antibacterial: In Vitro Activity Against Multidrug-Resistant Canine Bacterial Pathogens.,Animals : an open access journal from MDPI,2026.0,include,meets criteria,6.0,6.0,True
PMC9696375,36422549.0,10.3390/ph15111419,Therapeutic Potential of Honey and Propolis on Ocular Disease.,"Pharmaceuticals (Basel, Switzerland)",2022.0,exclude,no quantitative antibacterial outcome,6.0,,False
PMC9505312,36144586.0,10.3390/molecules27185850,"Determination of Chemical Compounds and Investigation of Biological Properties of <i>Matricaria chamomilla</i> Essential Oils, Honey, and Their Mixture.","Molecules (Basel, Switzerland)",2022.0,review_flag,combination therapy - verify honey-alone arm,6.0,62.0,True
PMC8096559,33996167.0,10.1155/2021/5554305,Quantification of Hydrogen Peroxide in Cretan Honey and Correlation with Physicochemical Parameters.,Journal of analytical methods in chemistry,2021.0,include,meets criteria,6.0,,False
PMC12564397,41149407.0,10.3390/gels11100802,"Bee Product-Based Antimicrobial Film-Forming Gels Targeting &lt;i&gt;Staphylococcus aureus&lt;/i&gt;, &lt;i&gt;Staphylococcus epidermidis&lt;/i&gt;, and &lt;i&gt;Cutibacterium acnes&lt;/i&gt; for Anti-Acne Applications.","Gels (Basel, Switzerland)",2025.0,exclude,non-honey bee product is main article,6.0,,False
PMC9693101,36432425.0,10.3390/nu14224738,Evaluation of Biological Activities and Medicinal Properties of Honey Drops and Honey Lozenges.,Nutrients,2022.0,exclude,no quantitative antibacterial outcome,6.0,,False
PMC8145095,33923242.0,10.3390/foods10050936,Transcriptomic Analysis of <i>Pseudomonas aeruginosa</i> Response to Pine Honey via RNA Sequencing Indicates Multiple Mechanisms of Antibacterial Activity.,"Foods (Basel, Switzerland)",2021.0,include,meets criteria,6.0,,False
PMC9784341,36557628.0,10.3390/microorganisms10122374,"Anti-Inflammatory and Antibacterial Effects and Mode of Action of Greek Arbutus, Chestnut, and Fir Honey in Mouse Models of Inflammation and Sepsis.",Microorganisms,2022.0,exclude,no quantitative antibacterial outcome,6.0,,False
PMC9326441,35911104.0,10.3389/fnut.2022.953470,"Antibacterial and Biofilm Degradation Effects of Hungarian Honeys Linked With Botanical Origin, Antioxidant Capacity and Mineral Content.",Frontiers in nutrition,2022.0,include,meets criteria,6.0,,False
PMC13567264,42738708.0,10.3390/molecules31173048,Species-Dependent Antibacterial Responses and Bioactivity Patterns Associated with Declared Botanical Type in Honey: An Integrated Biochemical and Microbiological Analysis.,"Molecules (Basel, Switzerland)",2026.0,include,meets criteria,6.0,,False
PMC9495090,36139961.0,10.3390/antibiotics11091182,"Antibacterial Mechanism of Action of Two Types of Honey against <i>Escherichia coli</i> through Interfering with Bacterial Membrane Permeability, Inhibiting Proteins, and Inducing Bacterial DNA Damage.","Antibiotics (Basel, Switzerland)",2022.0,include,meets criteria,6.0,,False
PMC13279511,42313275.0,10.1007/s11259-026-11360-8,Immune response in honey bees (Apis mellifera) following humic substance feeding.,Veterinary research communications,2026.0,include,meets criteria,6.0,,False
PMC8746156,35009233.0,10.3390/ma15010089,Preliminary Characterization of a Polycaprolactone-SurgihoneyRO Electrospun Mesh for Skin Tissue Engineering.,"Materials (Basel, Switzerland)",2021.0,exclude,formulation with inseparable matrix,6.0,,False
PMC10055715,36985734.0,10.3390/molecules28062762,"Green Synthesis, Characterization, Antioxidant, Antibacterial and Enzyme Inhibition Effects of Chestnut (<i>Castanea sativa</i>) Honey-Mediated Silver Nanoparticles.","Molecules (Basel, Switzerland)",2023.0,exclude,formulation with inseparable matrix,6.0,,False
PMC9316648,35885284.0,10.3390/foods11142041,Investigating Possible Synergism in the Antioxidant and Antibacterial Actions of Honey and Propolis from the Greek Island of Samothrace through Their Combined Application.,"Foods (Basel, Switzerland)",2022.0,exclude,no quantitative antibacterial outcome,6.0,,False
PMC12588269,41200380.0,10.30466/vrf.2025.2044129.4508,Probiotics and postbiotics: a promising prophylactic measure for American foulbrood and European foulbrood diseases of honey bees.,Veterinary research forum : an international quarterly journal,2025.0,exclude,no quantitative antibacterial outcome,6.0,,False
PMC10141347,37110183.0,10.3390/metabo13040526,Unexpected Value of Honey Color for Prediction of a Non-Enzymatic H&lt;sub&gt;2&lt;/sub&gt;O&lt;sub&gt;2&lt;/sub&gt; Production and Honey Antibacterial Activity: A Perspective.,Metabolites,2023.0,include,meets criteria,6.0,36.0,True
PMC12092607,40394023.0,10.1038/s41598-025-00773-1,Chemical composition of Egyptian propolis and studying its antimicrobial activity and synergistic action with honey against some multidrug-resistant uropathogens.,Scientific reports,2025.0,review_flag,combination therapy - verify honey-alone arm,6.0,6.0,True
PMC12193722,40572822.0,10.3390/ma18122689,Biomaterials Based on Bee Products and Their Effectiveness in Soft Tissue Regeneration.,"Materials (Basel, Switzerland)",2025.0,exclude,non-honey bee product is main article,6.0,,False
PMC7884280,33613911.0,10.18502/ijm.v12i6.5031,Antibacterial properties of selected Malaysian Tualang honey against <i>Pseudomonas aeruginosa</i> and <i>Streptococcus pyogenes</i>.,Iranian journal of microbiology,2020.0,include,meets criteria,6.0,6.0,True
PMC10137453,37107465.0,10.3390/foods12081670,"Differentiation of High-Fructose Corn Syrup Adulterated Kelulut Honey Using Physicochemical, Rheological, and Antibacterial Parameters.","Foods (Basel, Switzerland)",2023.0,include,meets criteria,6.0,,False
PMC10327913,37424668.0,10.2147/idr.s410159,Effects of Repeated in-vitro Exposure to Saudi Honey on Bacterial Resistance to Antibiotics and Biofilm Formation.,Infection and drug resistance,2023.0,exclude,no quantitative antibacterial outcome,6.0,,False
PMC10294803,37370317.0,10.3390/antibiotics12060998,Impact of Mt. Olympus Honeys on Virulence Factors Implicated in Pathogenesis Exerted by <i>Pseudomonas aeruginosa</i>.,"Antibiotics (Basel, Switzerland)",2023.0,include,meets criteria,6.0,,False
PMC8209695,34151153.0,10.1099/acmi.0.000198,Factors affecting the production and measurement of hydrogen peroxide in honey samples.,Access microbiology,2021.0,include,meets criteria,6.0,32.0,True
PMC7531947,32801179.0,10.1128/AEM.01768-20,Antibacterial and Antivirulence Activity of Manuka Honey against Genetically Diverse Staphylococcus pseudintermedius Strains.,Applied and environmental microbiology,2020.0,review_flag,combination therapy - verify honey-alone arm,6.0,,False
PMC12507962,41060351.0,10.1007/s11274-025-04551-z,From hive to laboratory - biotechnological potential of microorganisms from honey.,World journal of microbiology & biotechnology,2025.0,exclude,no quantitative antibacterial outcome,6.0,,False
PMC11244575,38999722.0,10.3390/plants13131883,Preliminary Identification and Quantification of Individual Polyphenols in <i>Fallopia japonica</i> Plants and Honey and Their Influence on Antimicrobial and Antibiofilm Activities.,"Plants (Basel, Switzerland)",2024.0,exclude,no quantitative antibacterial outcome,6.0,,False
PMC10526086,37760088.0,10.3390/antiox12091785,"Antimicrobial, Antioxidant, and Anti-Inflammatory Properties of Monofloral Honeys from Chile.","Antioxidants (Basel, Switzerland)",2023.0,exclude,no quantitative antibacterial outcome,6.0,,False
PMC9928779,36701999.0,10.1016/j.biomaterials.2023.122015,Evaluation of bacterial attachment on mineralized collagen scaffolds and addition of manuka honey to increase mesenchymal stem cell osteogenesis.,Biomaterials,2023.0,exclude,formulation with inseparable matrix,6.0,,False
PMC5538150,28808376.0,10.4103/0973-1296.210166,Isolation of Abscisic Acid from Korean Acacia Honey with Anti-<i>Helicobacter pylori</i> Activity.,Pharmacognosy magazine,2017.0,include,meets criteria,6.0,,False
PMC10534861,37765148.0,10.3390/pharmaceutics15092177,"Antibiofilm, Antimicrobial, Anti-Quorum Sensing, and Antioxidant Activities of Saudi Sidr Honey: In Vitro and Molecular Docking Studies.",Pharmaceutics,2023.0,include,meets criteria,6.0,34.0,True
PMC11137562,38818153.0,10.1016/j.heliyon.2024.e31424,Harnessing bio-based chelating agents for sustainable synthesis of AgNPs: Evaluating their inherent attributes and antimicrobial potency in conjunction with honey.,Heliyon,2024.0,exclude,formulation with inseparable matrix,6.0,,False
PMC10967288,38534690.0,10.3390/antibiotics13030255,Chestnut Honey Is Effective against Mixed Biofilms at Different Stages of Maturity.,"Antibiotics (Basel, Switzerland)",2024.0,include,meets criteria,6.0,,False
PMC13512192,42650557.0,10.3390/foods15162863,Mixed Fermentation Using &lt;i&gt;Saccharomyces cerevisiae&lt;/i&gt; var. &lt;i&gt;boulardii&lt;/i&gt; and Kombucha Culture as a Strategy for the Production of Mead with Antimicrobial Activity.,"Foods (Basel, Switzerland)",2026.0,exclude,no quantitative antibacterial outcome,6.0,,False
PMC13163150,42117760.0,10.1111/iwj.70939,Clinical and Postoperative Applications of Manuka Honey in Wound Healing: An Evidence-Based Review.,International wound journal,2026.0,exclude,formulation with inseparable matrix,6.0,,False
PMC12299362,40733343.0,10.3390/plants14142106,"Nutritional Composition, Volatile Profiles, and Biological Evaluation of Honeys from &lt;i&gt;Melipona interrupta&lt;/i&gt; and &lt;i&gt;Melipona seminigra&lt;/i&gt; from Amazonas State, Brazil.","Plants (Basel, Switzerland)",2025.0,include,meets criteria,6.0,,False
PMC12432216,40940367.0,10.1038/s41598-025-17830-4,Exploring the potential of hydro alcoholic crude extract of beeswax as antibacterial antifungal antiviral antiinflammatory and antioxidant agent.,Scientific reports,2025.0,include,meets criteria,6.0,,False
PMC10650056,37959109.0,10.3390/foods12213990,Impact of the Drying Procedure and Botanical Origin on the Physico-Chemical and Potentially Bioactive Properties of Honey Powders.,"Foods (Basel, Switzerland)",2023.0,exclude,no quantitative antibacterial outcome,6.0,,False
PMC9626727,36264478.0,10.1007/s40204-022-00207-5,Nigella/honey/garlic/olive oil co-loaded PVA electrospun nanofibers for potential biomedical applications.,Progress in biomaterials,2022.0,exclude,formulation with inseparable matrix,6.0,,False
PMC12294384,40710718.0,10.3390/gels11070557,Composite HPMC-Gelatin Films Loaded with Cameroonian and Manuka Honeys Show Antibacterial and Functional Wound Dressing Properties.,"Gels (Basel, Switzerland)",2025.0,exclude,formulation with inseparable matrix,6.0,,False
PMC12240352,40632713.0,10.1371/journal.pone.0327861,"Multidimensional analysis of honey from Eastern Anatolia (Kars): Pollen spectrum, physicochemical properties, and antimicrobial activity.",PloS one,2025.0,include,meets criteria,6.0,145.0,True
PMC10213365,37252390.0,10.3389/fvets.2023.1172025,Antibacterial and wound-healing action of Ulmo honey (<i>Eucryphia cordifolia</i>) of differing degrees of purity.,Frontiers in veterinary science,2023.0,include,meets criteria,6.0,,False
PMC10621554,37705301.0,10.1177/10406387231200178,Oxytetracycline-resistant <i>Paenibacillus larvae</i> identified in commercial beekeeping operations in Saskatchewan using pooled honey sampling.,"Journal of veterinary diagnostic investigation : official publication of the American Association of Veterinary Laboratory Diagnosticians, Inc",2023.0,include,meets criteria,6.0,,False
PMC6537647,31148887.0,10.4103/jpbs.jpbs_257_18,Comparative Evaluation of Wound Healing Potential of Manuka and Acacia Honey in Diabetic and Nondiabetic Rats.,Journal of pharmacy & bioallied sciences,2019.0,include,meets criteria,6.0,,False
PMC8690519,34930218.0,10.1186/s12906-021-03466-0,Identification of components in Kazakhstan honeys that correlate with antimicrobial activity against wound and skin infecting microorganisms.,BMC complementary medicine and therapies,2021.0,exclude,no quantitative antibacterial outcome,6.0,,False
PMC11093306,38743750.0,10.1371/journal.pone.0301201,"Stingless bee honey: Nutritional, physicochemical, phytochemical and antibacterial validation properties against wound bacterial isolates.",PloS one,2024.0,exclude,formulation with inseparable matrix,6.0,,False
PMC11675739,39767065.0,10.3390/foods13244120,"Bioactive Compounds, Antioxidant Properties, and Antimicrobial Profiling of a Range of West Algerian Honeys: In Vitro Comparative Screening Prior to Therapeutic Purpose.","Foods (Basel, Switzerland)",2024.0,include,meets criteria,6.0,26.0,True
PMC11275220,39057022.0,10.3390/cimb46070380,The Antioxidant Potential of Commercial Manuka Honey from New Zealand-Biochemical and Cellular Studies.,Current issues in molecular biology,2024.0,exclude,no quantitative antibacterial outcome,6.0,,False
PMC11279865,39065691.0,10.3390/ph17070840,Czech Honeydew Honeys-A Potential Source of Local Medical Honey with Strong Antimicrobial Activity.,"Pharmaceuticals (Basel, Switzerland)",2024.0,include,meets criteria,6.0,,False
PMC11547790,39519479.0,10.3390/nu16213647,Eudermic Properties and Chemical-Physical Characterization of Honeys of Different Botanical Origin.,Nutrients,2024.0,include,meets criteria,6.0,,False
PMC3188119,21991052.0,,Comparative antibacterial activity of honey and gentamicin against Escherichia coli and pseudomonas aeruginosa.,Annals of burns and fire disasters,2006.0,include,meets criteria,5.5,,False
PMC6027671,29652864.0,10.3390/scipharm86020014,Honey Bee as Alternative Medicine to Treat Eleven Multidrug-Resistant Bacteria Causing Urinary Tract Infection during Pregnancy.,Scientia pharmaceutica,2018.0,include,meets criteria,5.5,120.0,True
PMC5287163,28154488.0,10.5941/MYCO.2016.44.4.302,Antifungal Activity of Lactic Acid Bacteria Strains Isolated from Natural Honey against Pathogenic Candida Species.,Mycobiology,2016.0,include,meets criteria,5.5,,False
PMC6733388,31516358.0,10.1016/j.sjbs.2018.05.011,Antibacterial potential of some Saudi honeys from Asir region against selected pathogenic bacteria.,Saudi journal of biological sciences,2019.0,include,meets criteria,5.5,,False
PMC3977104,24772182.0,10.1155/2014/562804,Synergetic antimicrobial effects of mixtures of ethiopian honeys and ginger powder extracts on standard and resistant clinical bacteria isolates.,Evidence-based complementary and alternative medicine : eCAM,2014.0,include,meets criteria,5.5,,False
PMC10211265,37252242.0,10.3389/fnut.2023.1181492,Antioxidant and antibacterial activity of Apis laboriosa honey against Salmonella enterica serovar Typhimurium.,Frontiers in nutrition,2023.0,include,meets criteria,5.5,8.0,True
PMC10062613,36996100.0,10.1371/journal.pone.0279118,Antimycotic effect of 3-phenyllactic acid produced by probiotic bacterial isolates against Covid-19 associated mucormycosis causing fungi.,PloS one,2023.0,include,meets criteria,5.5,,False
PMC6981522,31906055.0,10.3390/ijerph17010278,Probiotic Properties of Bacillus Strains Isolated from Stingless Bee (Heterotrigona itama) Honey Collected across Malaysia.,International journal of environmental research and public health,2019.0,include,meets criteria,5.5,,False
PMC7142649,32182836.0,10.3390/foods9030311,"Antibiotics, Acid and Heat Tolerance of Honey adapted Escherichia coli, Salmonella Typhi and Klebsiella pneumoniae.","Foods (Basel, Switzerland)",2020.0,include,meets criteria,5.5,51.0,True
PMC3385198,22754244.0,10.4103/0974-777X.96770,Honey as an antimicrobial agent against pseudomonas aeruginosa isolated from infected wounds.,Journal of global infectious diseases,2012.0,include,meets criteria,5.5,,False
PMC6268398,22948516.0,10.3390/molecules170910540,Antibacterial and antioxidant potency of floral honeys from different botanical and geographical origins.,"Molecules (Basel, Switzerland)",2012.0,include,meets criteria,5.5,12.0,True
PMC9068672,35507200.0,10.1007/s11274-022-03259-8,Evaluation of different bacterial honey isolates as probiotics and their efficient roles in cholesterol reduction.,World journal of microbiology & biotechnology,2022.0,include,meets criteria,5.5,,False
PMC3757282,23998014.0,10.1016/S2221-1691(13)60146-X,Combined antibacterial activity of stingless bee (Apis mellipodae) honey and garlic (Allium sativum) extracts against standard and clinical pathogenic bacteria.,Asian Pacific journal of tropical biomedicine,2013.0,include,meets criteria,5.5,,False
PMC13522720,42666442.0,10.1002/fsn3.72165,"Phytochemical Profiling and Antibacterial Activity of Moroccan Monofloral Honeys Against Multidrug-Resistant Uropathogens: In Vitro, ADMET, Molecular Docking, and Molecular Dynamics Approaches.",Food science & nutrition,2026.0,include,meets criteria,5.0,,False
PMC13514261,42653054.0,10.3390/life16081366,"The Effect of Temperature Variations on the 5-Hydroxymethylfurfural Content, Antioxidant and Antimicrobial Properties of Honey.","Life (Basel, Switzerland)",2026.0,include,meets criteria,5.0,15.0,True
PMC12992230,41853254.0,10.3389/fimmu.2026.1760968,"Manuka honey and its component, methyl syringate, shift neutrophil release profiles from pro-inflammatory while preserving pro-regenerative growth factor release &lt;i&gt;in vitro&lt;/i&gt;.",Frontiers in immunology,2026.0,include,meets criteria,5.0,,False
PMC12686235,41376881.0,10.1007/s13205-025-04609-7,"&lt;i&gt;Bacillus subtilis&lt;/i&gt; EGY1 glucansucrase: optimization, characterization and immobilization using activated carrier of pectin-egg white protein beads.",3 Biotech,2026.0,include,meets criteria,5.0,4.0,True
PMC7297938,32582463.0,10.1007/s10068-020-00744-4,Effects of phenolic and protein extracts from <i>Melipona beecheii</i> honey on pathogenic strains of <i>Escherichia coli</i> and <i>Staphylococcus aureus</i>.,Food science and biotechnology,2020.0,include,meets criteria,5.0,,False
PMC8868498,35203748.0,10.3390/antibiotics11020145,Combined Inhibitory Effect of Fir (<i>Abies alba</i> Mill.) Honeydew Honey and Probiotic Bacteria <i>Lactiplantibacillus plantarum</i> on the Growth of <i>Salmonella enterica</i> Serotype Typhimurium.,"Antibiotics (Basel, Switzerland)",2022.0,review_flag,combination therapy - verify honey-alone arm,5.0,4.0,True
PMC8303644,34359540.0,10.3390/foods10071670,Chemical Elements and the Quality of Mānuka (<i>Leptospermum scoparium</i>) Honey.,"Foods (Basel, Switzerland)",2021.0,exclude,no quantitative antibacterial outcome,5.0,,False
PMC5193333,28030589.0,10.1371/journal.pone.0167780,The Antibacterial Activity of Australian Leptospermum Honey Correlates with Methylglyoxal Levels.,PloS one,2016.0,exclude,no quantitative antibacterial outcome,5.0,,False
PMC10544608,37784205.0,10.1186/s13047-023-00653-9,The impact of wound pH on the antibacterial properties of Medical Grade Honey when applied to bacterial isolates present in common foot and ankle wounds. An in vitro study.,Journal of foot and ankle research,2023.0,exclude,clinical/in-vivo without microbiological assay,5.0,,False
PMC7419495,32782291.0,10.1038/s41598-020-70666-y,Effect of manuka honey on biofilm-associated genes expression during methicillin-resistant Staphylococcus aureus biofilm formation.,Scientific reports,2020.0,exclude,no quantitative antibacterial outcome,5.0,,False
PMC8272120,34209107.0,10.3390/molecules26134007,Promising Antimicrobial Properties of Bioactive Compounds from Different Honeybee Products.,"Molecules (Basel, Switzerland)",2021.0,include,meets criteria,5.0,9.0,True
PMC6722746,31412630.0,10.3390/microorganisms7080258,Evaluation of Physiological Effects Induced by Manuka Honey Upon Staphylococcus aureus and Escherichia coli.,Microorganisms,2019.0,include,meets criteria,5.0,,False
PMC10433418,37435775.0,10.1099/mic.0.001351,Sweet and sour synergy: exploring the antibacterial and antibiofilm activity of acetic acid and vinegar combined with medical-grade honeys.,"Microbiology (Reading, England)",2023.0,exclude,no quantitative antibacterial outcome,5.0,,False
PMC9419324,36028831.0,10.1186/s12906-022-03695-x,"Antibacterial interactions between two monofloral honeys and several topical antiseptics, including essential oils.",BMC complementary medicine and therapies,2022.0,exclude,no quantitative antibacterial outcome,5.0,,False
PMC9695399,36422626.0,10.3390/pathogens11111375,In Vivo Inhibitory Assessment of Potential Antifungal Agents on <i>Nosema ceranae</i> Proliferation in Honey Bees.,"Pathogens (Basel, Switzerland)",2022.0,exclude,non-bacterial outcome only,5.0,,False
PMC10883247,38389995.0,10.1002/ece3.10918,An <i>Aspergillus flavus</i> strain from bee bread of the Western honey bee (<i>Apis mellifera</i>) displays adaptations to distinctive features of the hive environment.,Ecology and evolution,2024.0,exclude,non-bacterial outcome only,5.0,,False
PMC11124102,38794216.0,10.3390/ph17050646,"Hive Products: Composition, Pharmacological Properties, and Therapeutic Applications.","Pharmaceuticals (Basel, Switzerland)",2024.0,exclude,no quantitative antibacterial outcome,5.0,,False
PMC11279598,39064812.0,10.3390/nu16142369,Manuka Honey Inhibits Human Breast Cancer Progression in Preclinical Models.,Nutrients,2024.0,include,meets criteria,5.0,,False
PMC11050790,38672776.0,10.3390/life14040506,Further Insights on Honey and Propolis from Gerês (Portugal) and Their Bioactivities: Unraveling the Impact of Beehive Relocation.,"Life (Basel, Switzerland)",2024.0,exclude,no quantitative antibacterial outcome,5.0,,False
PMC11111726,38798299.0,10.14202/vetworld.2024.785-795,"Profile of stingless bee honey and microbiota produced in West Sumatra, Indonesia, by several species (<i>Apidae, Meliponinae</i>).",Veterinary world,2024.0,exclude,no quantitative antibacterial outcome,5.0,,False
PMC10920374,38463856.0,10.1016/j.heliyon.2024.e27073,Identification of essential oils with strong activity against stationary phase Mycobacterium abscessus.,Heliyon,2024.0,include,meets criteria,5.0,,False
PMC5487425,28701955.0,10.3389/fphar.2017.00412,Therapeutic Properties of Bioactive Compounds from Different Honeybee Products.,Frontiers in pharmacology,2017.0,exclude,viral/phage outcome only,5.0,,False
PMC11682416,39732745.0,10.1038/s41598-024-82380-0,Antifungal activity of essential oils and their potential synergistic effect with amphotericin B.,Scientific reports,2024.0,exclude,non-bacterial outcome only,5.0,,False
PMC12383161,40867855.0,10.3390/antiox14080959,"Antioxidant Capacity and Therapeutic Applications of Honey: Health Benefits, Antimicrobial Activity and Food Processing Roles.","Antioxidants (Basel, Switzerland)",2025.0,exclude,clinical/in-vivo without microbiological assay,5.0,,False
PMC12110744,40428448.0,10.3390/foods14101668,Integrated Chemical and Biological Evaluation of Linden Honeydew Honey from Bosnia and Herzegovina: Composition and Cellular Effects.,"Foods (Basel, Switzerland)",2025.0,include,meets criteria,5.0,11.0,True
PMC10223922,37242724.0,10.3390/pharmaceutics15051483,"Design, Preparation, and Physicochemical Characterisation of Alginate-Based Honey-Loaded Topical Formulations.",Pharmaceutics,2023.0,include,meets criteria,5.0,,False
PMC11695059,39749222.0,,Analysis of Floral Sources of a Local Honey Used in Clinical Treatment of Topical Community Acquired Methicillin Resistant <i>Staphylococcus Aureus</i>.,New Mexico journal of science,2023.0,include,meets criteria,5.0,,False
PMC12557328,41159072.0,10.1039/d5ra05550d,Citric acid cross-linked honey and aloe vera gel loaded chitosan hydrogels for wound dressing applications.,RSC advances,2025.0,exclude,formulation with inseparable matrix,5.0,,False
PMC8002709,33802916.0,10.3390/molecules26061688,The Isorhamnetin-Containing Fraction of Philippine Honey Produced by the Stingless Bee <i>Tetragonula biroi</i> Is an Antibiotic against Multidrug-Resistant <i>Staphylococcus aureus</i>.,"Molecules (Basel, Switzerland)",2021.0,exclude,no quantitative antibacterial outcome,5.0,,False
PMC11858503,40005716.0,10.3390/microorganisms13020349,Probiotics and Honey: Boosting Functional Properties in Dry Fermented Sausages.,Microorganisms,2025.0,include,meets criteria,5.0,,False
PMC8196175,34194092.0,10.1007/s13197-020-04762-2,"Changes in the physicochemical, antioxidant and antibacterial properties of honeydew honey subjected to heat and ultrasound pretreatments.",Journal of food science and technology,2021.0,exclude,no quantitative antibacterial outcome,5.0,,False
PMC8304482,34359503.0,10.3390/foods10071632,In Vitro Antibacterial and Antibiofilm Activity of Hungarian Honeys against Respiratory Tract Bacteria.,"Foods (Basel, Switzerland)",2021.0,include,meets criteria,5.0,36.0,True
PMC8704392,34946710.0,10.3390/molecules26247628,Botanical Origin Differentiation of Malaysian Stingless Bee Honey Produced by <i>Heterotrigona itama</i> and <i>Geniotrigona thoracica</i> Using Chemometrics.,"Molecules (Basel, Switzerland)",2021.0,exclude,no quantitative antibacterial outcome,5.0,,False
PMC9592658,36280608.0,10.1007/s11274-022-03425-y,Antifungal and antibiofilm activities of bee venom loaded on chitosan nanoparticles: a novel approach for combating fungal human pathogens.,World journal of microbiology & biotechnology,2022.0,exclude,formulation with inseparable matrix,5.0,,False
PMC13297896,42354050.0,10.3390/foods15122076,Antimicrobial and Antibiofilm Activity of Acacia and Polyfloral Honey: Physicochemical Characterization and Correlation with Antibacterial Efficacy.,"Foods (Basel, Switzerland)",2026.0,exclude,clinical/in-vivo without microbiological assay,5.0,,False
PMC12379519,40855473.0,10.1186/s12866-025-04326-4,Probiotic potential of 'lactobacilli' isolated from traditionally fermented Ethiopian honey wine (Tej).,BMC microbiology,2025.0,include,meets criteria,5.0,54.0,True
PMC11210501,38886123.0,10.1093/femsec/fiae091,Pollen products collected from honey bee hives experiencing minor stress have altered fungal communities and reduced antimicrobial properties.,FEMS microbiology ecology,2024.0,include,meets criteria,5.0,,False
PMC11484816,39414854.0,10.1038/s41598-024-74824-4,Antioxidant activities of Saudi honey samples related to their content of short peptides.,Scientific reports,2024.0,exclude,no quantitative antibacterial outcome,5.0,,False
PMC11353252,39200468.0,10.3390/foods13162541,Functional <i>Cyperus esculentus</i> L. Cookies Enriched with the Probiotic Strain <i>Lacticaseibacillus rhamnosus</i> SL42.,"Foods (Basel, Switzerland)",2024.0,include,meets criteria,5.0,,False
PMC12891082,41684696.0,10.3389/frabi.2025.1692653,Activity of Biocidin&lt;sup&gt;®&lt;/sup&gt; against microbial biofilms.,Frontiers in antibiotics,2025.0,include,meets criteria,5.0,10.0,True
PMC10856440,38338414.0,10.3390/molecules29030671,Biochemical Profiling and Physicochemical and Biological Valorization of Iraqi Honey: A Comprehensive Analysis.,"Molecules (Basel, Switzerland)",2024.0,include,meets criteria,5.0,51.0,True
PMC9402308,36033555.0,10.1155/2022/8441239,Bioactivity and Chemical Characterization of Sudanese Bee Honey: Crude Acacia and Its Organic Extracts.,BioMed research international,2022.0,exclude,no quantitative antibacterial outcome,5.0,,False
PMC13137985,42089012.0,10.1093/femsmc/xtag019,A propolis-rich hive environment affects redox gene expression and gut microbiota at the individual and social level in honey bees.,FEMS microbes,2026.0,exclude,no quantitative antibacterial outcome,5.0,,False
PMC8709083,34947842.0,10.3390/life11121311,"Bee Venom, Honey, and Royal Jelly in the Treatment of Bacterial Infections of the Oral Cavity: A Review.","Life (Basel, Switzerland)",2021.0,include,meets criteria,5.0,9.0,True
PMC8871709,35200493.0,10.3390/gels8020111,Preparation and Evaluation of Chitosan/PVA Based Hydrogel Films Loaded with Honey for Wound Healing Application.,"Gels (Basel, Switzerland)",2022.0,exclude,formulation with inseparable matrix,5.0,,False
PMC11941359,40232034.0,10.3390/foods14060995,"Physicochemical Characteristics, Antioxidant Capacity, and Antimicrobial Activity of Stingless Bee Honey from Malaysia: &lt;i&gt;Heterotrigona itama&lt;/i&gt;, &lt;i&gt;Lophotrigona canifrons&lt;/i&gt;, and &lt;i&gt;Tetrigona binghami&lt;/i&gt;.","Foods (Basel, Switzerland)",2025.0,include,meets criteria,5.0,66.0,True
PMC11941748,40232035.0,10.3390/foods14060997,Brazilian Organic Honeydew Reduces In Vitro and In Vivo Periodontal Disease-Related Subgingival Biofilm.,"Foods (Basel, Switzerland)",2025.0,include,meets criteria,5.0,,False
PMC11966148,40146163.0,10.3290/j.ohpd.c_1910,In-Vitro Effect of Manuka Honey / Propolis Toothpastes on Bacteria and Biofilm Associated with Caries and Gingivitis.,Oral health & preventive dentistry,2025.0,exclude,formulation with inseparable matrix,5.0,,False
PMC12189776,40558182.0,10.3390/antibiotics14060592,"Integrated Assessment of Antibacterial Activity, Polyphenol Composition, Molecular Docking, and ADME Properties of Romanian Oak and Fir Honeydew Honeys.","Antibiotics (Basel, Switzerland)",2025.0,include,meets criteria,5.0,18.0,True
PMC10649667,37754871.0,10.3390/jfb14090457,Novel Biocement/Honey Composites for Bone Regenerative Medicine.,Journal of functional biomaterials,2023.0,include,meets criteria,5.0,,False
PMC8799333,35097108.0,10.1155/2022/1560050,<i>In Vitro</i> Antibacterial Activity of Different Honey Samples against Clinical Isolates.,BioMed research international,2022.0,exclude,formulation with inseparable matrix,5.0,,False
PMC9951885,36830146.0,10.3390/antibiotics12020235,"The Antioxidant, Antibacterial and Anti-Biofilm Properties of Rapeseed Creamed Honey Enriched with Selected Plant Superfoods.","Antibiotics (Basel, Switzerland)",2023.0,include,meets criteria,5.0,2.0,True
PMC11989857,40244256.0,10.3390/ijms26073397,Hydrogen Peroxide: A Ubiquitous Component of Beverages and Food.,International journal of molecular sciences,2025.0,exclude,no quantitative antibacterial outcome,5.0,,False
PMC10670823,37998967.0,10.3390/gels9110877,Antibacterial Efficacy of Manuka Honey-Doped Chitosan-Gelatin Cryogel and Hydrogel Scaffolds in Reducing Infection.,"Gels (Basel, Switzerland)",2023.0,exclude,formulation with inseparable matrix,5.0,,False
PMC5028579,27656571.0,10.7860/JCDR/2016/19268.8311,"A Comparative Evaluation on Antimicrobial Effect of Honey, Neem Leaf Extract and Sodium Hypochlorite as Intracanal Irrigant: An Ex-Vivo Study.",Journal of clinical and diagnostic research : JCDR,2016.0,include,meets criteria,4.5,,False
PMC7442301,26743158.0,10.1099/ijsem.0.000882,"Apibacter adventoris gen. nov., sp. nov., a member of the phylum Bacteroidetes isolated from honey bees.",International journal of systematic and evolutionary microbiology,2016.0,include,meets criteria,4.5,,False
PMC3074916,21748138.0,,The antibacterial activity of honey on helicobacter pylori.,Sultan Qaboos University medical journal,2006.0,include,meets criteria,4.5,,False
PMC2478674,18627601.0,10.1186/1472-6882-8-41,Antimicrobial activity of two South African honeys produced from indigenous Leucospermum cordifolium and Erica species on selected micro-organisms.,BMC complementary and alternative medicine,2008.0,include,meets criteria,4.5,48.0,True
PMC3188100,21991039.0,,The antipseudomonal property of honey and gentamicin.,Annals of burns and fire disasters,2006.0,include,meets criteria,4.5,,False
PMC5998132,29899462.0,10.1038/s41598-018-27449-3,Phytochemicals-mediated production of hydrogen peroxide is crucial for high antibacterial activity of honeydew honey.,Scientific reports,2018.0,include,meets criteria,4.5,,False
PMC6034044,29991862.0,10.5005/jp-journals-10005-1494,Manuka Honey: A Potent Cariostatic Agent- An in vitro Study.,International journal of clinical pediatric dentistry,2018.0,include,meets criteria,4.5,,False
PMC8435200,34589300.0,10.7717/peerj.12097,Apis andreniformis associated Actinomycetes show antimicrobial activity against black rot pathogen (Xanthomonas campestris pv. campestris).,PeerJ,2021.0,include,meets criteria,4.5,,False
PMC7451694,32884418.0,10.1016/j.sjbs.2020.05.031,"Physico-chemical, antioxidant and anti-microbial properties of some Ethiopian mono-floral honeys.",Saudi journal of biological sciences,2020.0,include,meets criteria,4.5,77.0,True
PMC4156419,25191847.0,10.1371/journal.pone.0106967,"Antibacterial compounds of Canadian honeys target bacterial cell wall inducing phenotype changes, growth inhibition and cell lysis that resemble action of β-lactam antibiotics.",PloS one,2014.0,include,meets criteria,4.5,,False
PMC4417269,25654191.0,10.1186/0717-6287-48-4,"Activities of different types of Thai honey on pathogenic bacteria causing skin diseases, tyrosinase enzyme and generating free radicals.",Biological research,2015.0,include,meets criteria,4.5,126.0,True
PMC5562472,28855819.0,10.1016/j.sjbs.2016.08.007,Antimicrobial effect of different types of honey on Staphylococcus aureus.,Saudi journal of biological sciences,2017.0,include,meets criteria,4.5,,False
PMC6049263,30263438.0,10.1007/s10068-016-0234-0,Antimicrobial activity of solvent fractions and bacterial isolates of Korean domestic honey from different floral sources.,Food science and biotechnology,2016.0,include,meets criteria,4.5,,False
PMC5489923,28398231.0,10.3390/scipharm85020019,"Antibacterial Activity of Ethanolic Extract of Cinnamon Bark, Honey, and Their Combination Effects against Acne-Causing Bacteria.",Scientia pharmaceutica,2017.0,include,meets criteria,4.5,24.0,True
PMC11203921,38928296.0,10.3390/ijms25126590,Antibacterial Effect of Spanish Honeys of Different Botanical Origins against Staphylococcus epidermidis.,International journal of molecular sciences,2024.0,include,meets criteria,4.5,,False
PMC3817311,24138782.0,10.1186/1472-6882-13-269,"Antibacterial effects of Apis mellifera and stingless bees honeys on susceptible and resistant strains of Escherichia coli, Staphylococcus aureus and Klebsiella pneumoniae in Gondar, Northwest Ethiopia.",BMC complementary and alternative medicine,2013.0,include,meets criteria,4.5,,False
PMC4635208,26594206.0,10.3389/fmicb.2015.01239,Modeling the synergistic antibacterial effects of honey characteristics of different botanical origins from the Sahara Desert of Algeria.,Frontiers in microbiology,2015.0,include,meets criteria,4.5,,False
PMC8446051,34531482.0,10.1038/s41598-021-97950-9,A potential probiotic Leuconostoc mesenteroides TBE-8 for honey bee.,Scientific reports,2021.0,include,meets criteria,4.5,,False
PMC9311549,35883906.0,10.3390/antiox11071413,"Chemical Profiling, Antioxidant, and Antimicrobial Activity of Saudi Propolis Collected by Arabian Honey Bee (Apis mellifera jemenitica) Colonies.","Antioxidants (Basel, Switzerland)",2022.0,include,meets criteria,4.5,17.0,True
PMC13361349,42450382.0,10.3390/foods15132263,"Nutritional Composition, Glycemic Index, Antioxidant and Anti-Inflammatory Activities of Five Monofloral Honeys from Qassim, Saudi Arabia: A Component-Effect Relationship Study.","Foods (Basel, Switzerland)",2026.0,include,meets criteria,4.0,,False
PMC9952753,36830249.0,10.3390/antibiotics12020337,Physicochemical Characteristics and Bioactive Compounds of Different Types of Honey and Their Biological and Therapeutic Properties: A Comprehensive Review.,"Antibiotics (Basel, Switzerland)",2023.0,exclude,no quantitative antibacterial outcome,4.0,,False
PMC8388957,34439035.0,10.3390/antibiotics10080985,"Effects of the Carbohydrate Sources Nectar, Sucrose and Invert Sugar on Antibacterial Activity of Honey and Bee-Processed Syrups.","Antibiotics (Basel, Switzerland)",2021.0,exclude,no quantitative antibacterial outcome,4.0,,False
PMC7700082,33262630.0,10.2147/ccid.s282143,Honey Combination Therapies for Skin and Wound Infections: A Systematic Review of the Literature.,"Clinical, cosmetic and investigational dermatology",2020.0,exclude,formulation with inseparable matrix,4.0,,False
PMC9703798,36452962.0,10.1016/j.tcsw.2022.100090,Manuka honey in combination with azithromycin shows potential for improved activity against &lt;i&gt;Mycobacterium abscessus&lt;/i&gt;.,"Cell surface (Amsterdam, Netherlands)",2022.0,review_flag,combination therapy - verify honey-alone arm,4.0,14.0,True
PMC9370339,35956470.0,10.3390/plants11151993,"<i>Calluna vulgaris</i> as a Valuable Source of Bioactive Compounds: Exploring Its Phytochemical Profile, Biological Activities and Apitherapeutic Potential.","Plants (Basel, Switzerland)",2022.0,exclude,no quantitative antibacterial outcome,4.0,,False
PMC13083383,41820733.0,10.1007/s10123-026-00794-4,"Genomic, metabolomic, and functional properties of probiotic lactic acid bacteria isolated from Indonesian stingless bee honey.",International microbiology : the official journal of the Spanish Society for Microbiology,2026.0,exclude,no quantitative antibacterial outcome,4.0,,False
PMC9900486,36755588.0,10.1016/j.heliyon.2022.e12507,A review on the phytochemical composition and health applications of honey.,Heliyon,2023.0,exclude,no quantitative antibacterial outcome,4.0,,False
PMC10376338,37508219.0,10.3390/antibiotics12071123,Ginger-Enriched Honey Attenuates Antibiotic Resistant <i>Pseudomonas aeruginosa</i> Quorum Sensing Virulence Factors and Biofilm Formation.,"Antibiotics (Basel, Switzerland)",2023.0,exclude,no quantitative antibacterial outcome,4.0,,False
PMC10856334,38338460.0,10.3390/molecules29030717,TLC-Bioautography-Guided Isolation and Assessment of Antibacterial Compounds from Manuka (<i>Leptospermum scoparium</i>) Leaf and Branch Extracts.,"Molecules (Basel, Switzerland)",2024.0,exclude,no quantitative antibacterial outcome,4.0,,False
PMC11585709,39584092.0,10.1016/j.heliyon.2024.e40202,Bio-fabrication of biologically active copper nanocomposite.,Heliyon,2024.0,include,meets criteria,4.0,8.0,True
PMC9915547,36767825.0,10.3390/ijerph20032458,Chemical Composition and Antimicrobial Activity of New Honey Varietals.,International journal of environmental research and public health,2023.0,exclude,no quantitative antibacterial outcome,4.0,,False
PMC9952334,36829972.0,10.3390/antiox12020414,Honey's Antioxidant and Antimicrobial Properties: A Bibliometric Study.,"Antioxidants (Basel, Switzerland)",2023.0,include,meets criteria,4.0,,False
PMC11699800,39760010.0,10.1016/j.crfs.2024.100949,3D printed cacao-based formulations as nutrient carriers for immune system enhancement.,Current research in food science,2025.0,review_flag,combination therapy - verify honey-alone arm,4.0,,False
PMC10144098,37103134.0,10.3390/insects14040319,The Bioactive Value of <i>Tamarix gallica</i> Honey from Different Geographical Origins.,Insects,2023.0,exclude,no quantitative antibacterial outcome,4.0,,False
PMC11941713,40231972.0,10.3390/foods14060963,Exploring the Nutritional Value and Health Benefits of Honey from the Portuguese Protected Area of Montesinho Natural Park.,"Foods (Basel, Switzerland)",2025.0,exclude,no quantitative antibacterial outcome,4.0,,False
PMC12607591,41227568.0,10.3390/foods14213594,Antimicrobial and Biofilm Inhibiting Potential of Two Romanian Linden Honeys.,"Foods (Basel, Switzerland)",2025.0,include,meets criteria,4.0,,False
PMC5115846,27861622.0,10.1371/journal.pone.0167006,"Rapid and Reliable HPLC Method for the Simultaneous Determination of Dihydroxyacetone, Methylglyoxal and 5-Hydroxymethylfurfural in Leptospermum Honeys.",PloS one,2016.0,exclude,no quantitative antibacterial outcome,4.0,,False
PMC12295747,40725056.0,10.3390/ijms26146809,"Antimicrobial Composite Films Based on Alginate-Chitosan with Honey, Propolis, Royal Jelly and Green-Synthesized Silver Nanoparticles.",International journal of molecular sciences,2025.0,exclude,formulation with inseparable matrix,4.0,,False
PMC12023948,40298625.0,10.3390/antiox14040375,"Antibacterial Properties, Arabinogalactan Proteins, and Bioactivities of New Zealand Honey.","Antioxidants (Basel, Switzerland)",2025.0,include,meets criteria,4.0,,False
PMC11858134,40005232.0,10.3390/molecules30040919,"Influence of Season, Hive Position, Extraction Method and Storage Temperature on Polyphenols and Antioxidant Activity of Croatian Honey.","Molecules (Basel, Switzerland)",2025.0,include,meets criteria,4.0,140.0,True
PMC12431070,40942296.0,10.3390/polym17172379,"Bioengineered Chitosan-Collagen-Honey Sponges: Physicochemical, Antibacterial, and In Vitro Healing Properties for Enhanced Wound Healing and Infection Control.",Polymers,2025.0,exclude,formulation with inseparable matrix,4.0,,False
PMC7179468,32164305.0,10.3390/molecules25051252,"Antibacterial Action Mechanisms of Honey: Physiological Effects of Avocado, Chestnut, and Polyfloral Honey upon Staphylococcus aureus and Escherichia coli.","Molecules (Basel, Switzerland)",2020.0,include,meets criteria,4.0,,False
PMC11120828,38790882.0,10.3390/foods13101582,Unconventional Yeasts Isolated from Chilean Honey: A Probiotic and Phenotypic Characterization.,"Foods (Basel, Switzerland)",2024.0,include,meets criteria,4.0,8.0,True
PMC9686581,36358206.0,10.3390/antibiotics11111552,Qualitative Characterization and Antifungal Activity of Romanian Honey and Propolis.,"Antibiotics (Basel, Switzerland)",2022.0,exclude,non-bacterial outcome only,4.0,,False
PMC12608498,41225893.0,10.3390/plants14213340,"Compound Annotation by UHPLC-MS/MS, Quantification of Phenolic Compounds and Antimicrobial Activity of Monofloral Avocado Honey.","Plants (Basel, Switzerland)",2025.0,include,meets criteria,4.0,,False
PMC11699579,39759807.0,10.3746/pnf.2024.29.4.546,Evaluation of Fermented Goat Milk Quality <i>Lactobacillus plantarum</i> SNT13 Enhanced with <i>Clitoria ternatea</i> Flower Extract and Stingless Bee Honey (<i>Heterotrigona itama</i>).,Preventive nutrition and food science,2024.0,exclude,no quantitative antibacterial outcome,4.0,,False
PMC11210353,38947155.0,10.2478/jvetres-2024-0029,Comparison of transfer of different sulphonamides from contaminated beeswax to honey.,Journal of veterinary research,2024.0,include,meets criteria,4.0,,False
PMC12607774,41227483.0,10.3390/ani15213153,"Bee-Derived Products in Aquaculture Nutrition: A Comprehensive Review of Impacts on Fish Performance, Health, and Product Quality.",Animals : an open access journal from MDPI,2025.0,exclude,non-honey bee product is main article,4.0,,False
PMC11279380,39057687.0,10.3390/metabo14070364,Physicochemical Characterization of Moroccan Honey Varieties from the Fez-Meknes Region and Their Antioxidant and Antibacterial Properties.,Metabolites,2024.0,include,meets criteria,4.0,8.0,True
PMC12189821,40563383.0,10.3390/antiox14060751,Chemical Composition and Antioxidant Activity of Prokupac Grape Pomace Extract: Implications for Redox Modulation in Honey Bee Cells.,"Antioxidants (Basel, Switzerland)",2025.0,include,meets criteria,4.0,,False
PMC13073754,41977258.0,10.3390/ijms27073074,Recent Progress on Polyphenols of Malaysian Honey and Their Molecular Mechanism Pathways in Cancer-A Comprehensive Review.,International journal of molecular sciences,2026.0,include,meets criteria,4.0,,False
PMC12751296,41477316.0,10.3389/fnut.2025.1737497,Comparative nutritional and antioxidant profiling of Assam honeys: unveiling the untapped bioactivity of stingless bee honey.,Frontiers in nutrition,2025.0,exclude,no quantitative antibacterial outcome,4.0,,False
PMC8300703,34202118.0,10.3390/antiox10071023,"Monofloral Honeys as a Potential Source of Natural Antioxidants, Minerals and Medicine.","Antioxidants (Basel, Switzerland)",2021.0,exclude,non-bacterial outcome only,4.0,,False
PMC9598309,36290087.0,10.3390/antibiotics11101429,"Physicochemical Profile, Antioxidant and Antimicrobial Activities of Honeys Produced in Minas Gerais (Brazil).","Antibiotics (Basel, Switzerland)",2022.0,include,meets criteria,4.0,,False
PMC12325679,40764737.0,10.1038/s41598-025-14383-4,Synthesis and properties of carbon quantum dots as an antimicrobial agent and detection of ciprofloxacin.,Scientific reports,2025.0,include,meets criteria,4.0,,False
PMC8307090,34359441.0,10.3390/foods10071568,In Vitro Screening Potential Antibacterial Properties of the Greek Oregano Honey against Clinical Isolates of <i>Helicobacter pylori</i>.,"Foods (Basel, Switzerland)",2021.0,include,meets criteria,4.0,4.0,True
PMC12507334,41070031.0,10.3389/fnut.2025.1641551,Enhancing antioxidant activity and quality of &lt;i&gt;Triadica cochinchinensis&lt;/i&gt; honey via an automated temperature-humidity controlled cabinet.,Frontiers in nutrition,2025.0,include,meets criteria,4.0,,False
PMC11796271,39905375.0,10.1186/s12906-025-04786-1,Assessment of in vitro skin permeation and accumulation of phenolic acids from honey and honey-based pharmaceutical formulations.,BMC complementary medicine and therapies,2025.0,exclude,formulation with inseparable matrix,4.0,,False
PMC8991240,35393467.0,10.1038/s41598-022-09796-4,Evaluating approved and alternative treatments against an oxytetracycline-resistant bacterium responsible for European foulbrood disease in honey bees.,Scientific reports,2022.0,include,meets criteria,3.5,,False
PMC8192209,34189137.0,10.1155/2021/5573237,The Antibacterial and Antioxidant Roles of Buckwheat Honey (BH) in Liquid Preservation of Boar Semen.,BioMed research international,2021.0,review_flag,combination therapy - verify honey-alone arm,3.5,,False
PMC7751431,33384897.0,10.7717/peerj.10512,Antimicrobial activity of Streptomyces spp. isolated from Apis dorsata combs against some phytopathogenic bacteria.,PeerJ,2020.0,include,meets criteria,3.5,,False
PMC10223701,37241876.0,10.3390/molecules28104135,Chemical Composition and Antimicrobial Properties of Honey Bee Venom.,"Molecules (Basel, Switzerland)",2023.0,include,meets criteria,3.5,49.0,True
PMC5767632,29387098.0,,Does natural honey act as an alternative to antibiotics in the semen extender for cryopreservation of crossbred ram semen?,Iranian journal of veterinary research,2017.0,include,meets criteria,3.5,,False
PMC4718317,24779285.0,,Antimicrobial potential of Sicilian honeys against commensal Escherichia coli and pathogenic Salmonella serovar infantis.,Journal of preventive medicine and hygiene,2013.0,include,meets criteria,3.5,,False
PMC4202638,25435614.0,10.4314/ajtcam.v11i2.14,In-vitro screening of Malaysian honey from different floral sources for antibacterial activity on human pathogenic bacteria.,"African journal of traditional, complementary, and alternative medicines : AJTCAM",2014.0,include,meets criteria,3.5,,False
PMC6425412,30949493.0,10.1155/2019/4101695,"Comparative Assessment on Selected Physicochemical Parameters and Antioxidant and Antimicrobial Activities of Honey Samples from Selected Districts of the Amhara and Tigray Regions, Ethiopia.",International journal of food science,2019.0,include,meets criteria,3.5,10.0,True
PMC6491927,31105667.0,10.3389/fmicb.2019.00869,Anti-pseudomonad Activity of Manuka Honey and Antibiotics in a Specialized ex vivo Model Simulating Cystic Fibrosis Lung Infection.,Frontiers in microbiology,2019.0,include,meets criteria,3.5,,False
PMC8292519,34366459.0,10.1007/s13197-020-04937-x,Physicochemical properties and biological activities of bracatinga honeydew honey from different geographical locations.,Journal of food science and technology,2021.0,include,meets criteria,3.5,,False
PMC8847928,35197738.0,10.1016/j.sjbs.2021.09.059,Antibacterial properties of Apis dorsata honey against some bacterial pathogens.,Saudi journal of biological sciences,2022.0,include,meets criteria,3.5,,False
PMC7396681,32849317.0,10.3389/fmicb.2020.01465,"In vitro Synergy of Polyphenolic Extracts From Honey, Myrtle and Pomegranate Against Oral Pathogens, S. mutans and R. dentocariosa.",Frontiers in microbiology,2020.0,include,meets criteria,3.5,24.0,True
PMC4206207,25342919.0,10.2147/DHPS.S66496,Evaluation of bactericidal activity of Hannon honey on slowly growing bacteria in the chemostat.,"Drug, healthcare and patient safety",2014.0,include,meets criteria,3.5,9.0,True
PMC4751499,26869239.0,10.1038/srep21641,"Antibacterial synergic effect of honey from two stingless bees: Scaptotrigona bipunctata Lepeletier, 1836, and S. postica Latreille, 1807.",Scientific reports,2016.0,include,meets criteria,3.5,89.0,True
PMC4537880,26288553.0,10.1016/j.sjbs.2015.04.006,Antimicrobial activities of Saudi honey against Pseudomonas aeruginosa.,Saudi journal of biological sciences,2015.0,include,meets criteria,3.5,,False
PMC13165146,42123813.0,10.3390/molecules31091447,"Seasonal Variation of a New Brazilian Greenish-Brown Propolis Type: Chemical Composition and Antioxidant, Antimicrobial, and Antileishmanial Activities.","Molecules (Basel, Switzerland)",2026.0,exclude,no quantitative antibacterial outcome,3.0,,False
PMC12623280,40613476.0,10.1002/jsfa.70017,Bee products as alternatives in the treatment of viral infections.,Journal of the science of food and agriculture,2026.0,exclude,no quantitative antibacterial outcome,3.0,,False
PMC9030501,35456584.0,10.3390/pharmaceutics14040750,Bee-Derived Products: Chemical Composition and Applications in Skin Tissue Engineering.,Pharmaceutics,2022.0,exclude,no quantitative antibacterial outcome,3.0,,False
PMC9785851,36558262.0,10.3390/nano12244409,Nanomaterials Based on Honey and Propolis for Wound Healing-A Mini-Review.,"Nanomaterials (Basel, Switzerland)",2022.0,exclude,formulation with inseparable matrix,3.0,,False
PMC12865730,41640994.0,10.1002/fsn3.71165,Health Effects of Bee Products: A Comprehensive Review.,Food science & nutrition,2026.0,exclude,clinical/in-vivo without microbiological assay,3.0,,False
PMC12692610,41373436.0,10.3390/ijms262311270,Impact of Octenyl Succinylation and Bee Products on Maize Starch Films and Apple Storage Quality.,International journal of molecular sciences,2025.0,exclude,non-bacterial outcome only,3.0,,False
PMC13098678,42022050.0,10.5194/aab-69-11-2026,"Effect of supplementing honey via drinking water on growth performance, carcass traits, and blood biochemical parameters in broiler chickens.",Archives animal breeding,2026.0,exclude,viral/phage outcome only,3.0,,False
PMC13188358,41957738.0,10.1186/s12906-026-05371-w,"Honey as a multifunctional natural product with health-promoting potential: comparative insights into antioxidant, antimicrobial, and DNA-protective activities.",BMC complementary medicine and therapies,2026.0,exclude,no quantitative antibacterial outcome,3.0,,False
PMC11858692,40005996.0,10.3390/ph18020182,The Efficacy of Honey for the Treatment of Perineal Wounds Following Vaginal Birth: A Narrative Review.,"Pharmaceuticals (Basel, Switzerland)",2025.0,exclude,no quantitative antibacterial outcome,3.0,,False
PMC12843780,41590564.0,10.3390/membranes16010011,On the Effect of Melittin on Surface Properties of Erythrocyte and Mitochondrial Membranes.,Membranes,2025.0,exclude,no quantitative antibacterial outcome,3.0,,False
PMC12843669,41597736.0,10.3390/microorganisms14010218,"Quantitative Assessment of Total Aerobic Viable Counts in Apitoxin-, Royal-Jelly-, Propolis-, Honey-, and Bee-Pollen-Based Products Through an Automated Growth-Based System.",Microorganisms,2026.0,exclude,no quantitative antibacterial outcome,3.0,,False
PMC9854511,36670896.0,10.3390/antiox12010034,Synergic Effect of Honey with Other Natural Agents in Developing Efficient Wound Dressings.,"Antioxidants (Basel, Switzerland)",2022.0,exclude,formulation with inseparable matrix,3.0,,False
PMC7036894,32012913.0,10.3390/molecules25030556,Bee Products in Dermatology and Skin Care.,"Molecules (Basel, Switzerland)",2020.0,exclude,formulation with inseparable matrix,3.0,,False
PMC11477771,39407497.0,10.3390/molecules29194567,Evaluation of the Bioactive Compounds of <i>Apis mellifera</i> Honey Obtained from the Açai (<i>Euterpe oleracea</i>) Floral Nectar.,"Molecules (Basel, Switzerland)",2024.0,exclude,no quantitative antibacterial outcome,3.0,,False
PMC11477350,39408935.0,10.3390/ijms251910606,Polyphenols as the Main Compounds Influencing the Antioxidant Effect of Honey-A Review.,International journal of molecular sciences,2024.0,exclude,no quantitative antibacterial outcome,3.0,,False
PMC9916164,36768223.0,10.3390/ijms24031903,Protective Effects of <i>Arbutus unedo</i> L. Honey in the Alleviation of Irinotecan-Induced Cytogenetic Damage in Human Lymphocytes-An In Vitro Study.,International journal of molecular sciences,2023.0,exclude,no quantitative antibacterial outcome,3.0,,False
PMC11016448,38628199.0,10.1002/fsn3.3974,Effect of ultrasound technique to improve quality of Iranian industrial honey by controlling crystallization process.,Food science & nutrition,2024.0,exclude,no quantitative antibacterial outcome,3.0,,False
PMC11682496,39736937.0,10.32592/ari.2024.79.3.475,"Effect of ultrasound on the physical, biochemical, antioxidant, and antimicrobial properties of industrial Iranian honey.",Archives of Razi Institute,2024.0,exclude,no quantitative antibacterial outcome,3.0,,False
PMC11273903,39061942.0,10.3390/antiox13070874,"Botanical Origin and Biological Properties of Honey and Propolis from Cuautitlan, State of Mexico, Mexico.","Antioxidants (Basel, Switzerland)",2024.0,exclude,no quantitative antibacterial outcome,3.0,,False
PMC11351265,39199787.0,10.3390/bioengineering11080829,Green Innovation and Synthesis of Honeybee Products-Mediated Nanoparticles: Potential Approaches and Wide Applications.,"Bioengineering (Basel, Switzerland)",2024.0,exclude,formulation with inseparable matrix,3.0,,False
PMC12700387,41385265.0,10.1099/jmm.0.002109,Potential confounding factors in currently used antibiotic susceptibility assays for the honey bee pathogen &lt;i&gt;Melissococcus plutonius&lt;/i&gt;.,Journal of medical microbiology,2025.0,include,meets criteria,3.0,,False
PMC12111890,40429205.0,10.3390/insects16050492,Effect of Spinetoram Stress on Midgut Detoxification Enzyme and Gene Expression of &lt;i&gt;Apis cerana cerana&lt;/i&gt; Fabricius.,Insects,2025.0,exclude,no quantitative antibacterial outcome,3.0,,False
PMC10142140,37103179.0,10.3390/insects14040365,Intraspecific Variability in Proteomic Profiles and Biological Activities of the Honey Bee Hemolymph.,Insects,2023.0,exclude,no quantitative antibacterial outcome,3.0,,False
PMC12751895,41466252.0,10.1186/s12906-025-05171-8,Combined effects of honey and silver nanoparticles on wound healing in human dermal fibroblast cells.,BMC complementary medicine and therapies,2025.0,include,meets criteria,3.0,17.0,True
PMC9312033,35884229.0,10.3390/antibiotics11070975,A Review of Commonly Used Methodologies for Assessing the Antibacterial Activity of Honey and Honey Products.,"Antibiotics (Basel, Switzerland)",2022.0,exclude,formulation with inseparable matrix,3.0,,False
PMC8496555,34708153.0,10.1515/biol-2021-0084,Honey in wound healing: An updated review.,Open life sciences,2021.0,exclude,formulation with inseparable matrix,3.0,,False
PMC10434159,37289060.0,10.1128/spectrum.00742-23,Low Levels of Hive Stress Are Associated with Decreased Honey Activity and Changes to the Gut Microbiome of Resident Honey Bees.,Microbiology spectrum,2023.0,exclude,no quantitative antibacterial outcome,3.0,,False
PMC10346535,37447382.0,10.3390/nu15133056,A Comprehensive Review of the Effect of Honey on Human Health.,Nutrients,2023.0,exclude,clinical/in-vivo without microbiological assay,3.0,,False
PMC10304598,37376233.0,10.3390/polym15122587,"Improvement of Chitosan Films Properties by Blending with Cellulose, Honey and Curcumin.",Polymers,2023.0,exclude,formulation with inseparable matrix,3.0,,False
PMC8615016,34827303.0,10.3390/antibiotics10111365,Application of Heating on the Antioxidant and Antibacterial Properties of Malaysian and Australian Stingless Bee Honey.,"Antibiotics (Basel, Switzerland)",2021.0,include,meets criteria,2.5,,False
PMC12559172,41145573.0,10.1038/s41598-025-21359-x,Behavioral and molecular disruptions in honey bees induced by lithium chloride exposure.,Scientific reports,2025.0,exclude,no quantitative antibacterial outcome,2.0,,False
PMC12868793,41606030.0,10.1038/s41598-025-34867-7,Assessing the safety of two organosulfur compounds derived from onion in western honey bee (Apis mellifera).,Scientific reports,2026.0,exclude,no quantitative antibacterial outcome,2.0,,False
PMC4382210,25830314.0,10.1371/journal.pone.0120238,"Honey glycoproteins containing antimicrobial peptides, Jelleins of the Major Royal Jelly Protein 1, are responsible for the cell wall lytic and bactericidal activities of honey.",PloS one,2015.0,include,meets criteria,1.5,6.0,True
