pmcid,table_idx,row_idx,col_idx,honey_label,param,param_header,value,censor,unit,extract
PMC10141347,0,2,2,H77,color,Color *(A560–720 nm),1.27,,,auto_B
PMC10141347,0,2,3,H77,TPC,Total Phenolic *(ug GAE/g of Honey),513.25,,,auto_B
PMC10141347,0,2,5,H77,H2O2,H2O2 Production **(Fluorescence),1319.3,,,auto_B
PMC10141347,0,3,2,H76,color,Color *(A560–720 nm),0.72,,,auto_B
PMC10141347,0,3,3,H76,TPC,Total Phenolic *(ug GAE/g of Honey),318.74,,,auto_B
PMC10141347,0,3,5,H76,H2O2,H2O2 Production **(Fluorescence),1208.0,,,auto_B
PMC10141347,0,4,2,H226,color,Color *(A560–720 nm),0.62,,,auto_B
PMC10141347,0,4,3,H226,TPC,Total Phenolic *(ug GAE/g of Honey),362.86,,,auto_B
PMC10141347,0,4,5,H226,H2O2,H2O2 Production **(Fluorescence),1152.0,,,auto_B
PMC10141347,0,5,2,H23,color,Color *(A560–720 nm),1.03,,,auto_B
PMC10141347,0,5,3,H23,TPC,Total Phenolic *(ug GAE/g of Honey),410.0,,,auto_B
PMC10141347,0,5,5,H23,H2O2,H2O2 Production **(Fluorescence),1210.0,,,auto_B
PMC10141347,0,6,2,H149,color,Color *(A560–720 nm),0.88,,,auto_B
PMC10141347,0,6,3,H149,TPC,Total Phenolic *(ug GAE/g of Honey),408.03,,,auto_B
PMC10141347,0,6,5,H149,H2O2,H2O2 Production **(Fluorescence),1470.0,,,auto_B
PMC10141347,0,8,2,H221,color,Color *(A560–720 nm),0.38,,,auto_B
PMC10141347,0,8,3,H221,TPC,Total Phenolic *(ug GAE/g of Honey),144.0,,,auto_B
PMC10141347,0,8,5,H221,H2O2,H2O2 Production **(Fluorescence),886.0,,,auto_B
PMC10141347,0,9,2,H208,color,Color *(A560–720 nm),0.37,,,auto_B
PMC10141347,0,9,3,H208,TPC,Total Phenolic *(ug GAE/g of Honey),143.55,,,auto_B
PMC10141347,0,9,5,H208,H2O2,H2O2 Production **(Fluorescence),680.0,,,auto_B
PMC10141347,0,10,2,H11,color,Color *(A560–720 nm),0.13,,,auto_B
PMC10141347,0,10,3,H11,TPC,Total Phenolic *(ug GAE/g of Honey),106.97,,,auto_B
PMC10141347,0,10,5,H11,H2O2,H2O2 Production **(Fluorescence),1280.0,,,auto_B
PMC10141347,0,12,2,H210,color,Color *(A560–720 nm),0.3,,,auto_B
PMC10141347,0,12,3,H210,TPC,Total Phenolic *(ug GAE/g of Honey),120.2,,,auto_B
PMC10141347,0,12,5,H210,H2O2,H2O2 Production **(Fluorescence),560.0,,,auto_B
PMC10141347,0,13,2,H20,color,Color *(A560–720 nm),0.24,,,auto_B
PMC10141347,0,13,3,H20,TPC,Total Phenolic *(ug GAE/g of Honey),83.75,,,auto_B
PMC10141347,0,13,5,H20,H2O2,H2O2 Production **(Fluorescence),1220.0,,,auto_B
PMC10141347,0,14,2,114,color,Color *(A560–720 nm),0.12,,,auto_B
PMC10141347,0,14,3,114,TPC,Total Phenolic *(ug GAE/g of Honey),80.82,,,auto_B
PMC10141347,0,14,5,114,H2O2,H2O2 Production **(Fluorescence),424.0,,,auto_B
PMC10141347,0,15,2,H62,color,Color *(A560–720 nm),0.05,,,auto_B
PMC10141347,0,15,3,H62,TPC,Total Phenolic *(ug GAE/g of Honey),66.45,,,auto_B
PMC10141347,0,15,5,H62,H2O2,H2O2 Production **(Fluorescence),529.0,,,auto_B
PMC10141347,1,2,2,Honey color,color,Honey Color,1.0,,,auto_B
PMC10141347,1,2,3,Honey color,TPC,TPC,0.89,,,auto_B
PMC10141347,1,2,4,Honey color,TFC,TFC,0.93,,,auto_B
PMC10141347,1,4,2,TPC,color,Honey Color,0.88,,,auto_B
PMC10141347,1,4,3,TPC,TPC,TPC,1.0,,,auto_B
PMC10141347,1,4,4,TPC,TFC,TFC,0.86,,,auto_B
PMC10141347,1,6,2,TFC,color,Honey Color,0.87,,,auto_B
PMC10141347,1,6,3,TFC,TPC,TPC,0.97,,,auto_B
PMC10141347,1,6,4,TFC,TFC,TFC,1.0,,,auto_B
PMC10141347,1,8,2,MRP,color,Honey Color,0.98,,,auto_B
PMC10141347,1,8,3,MRP,TPC,TPC,0.95,,,auto_B
PMC10141347,1,10,3,Anti-oxidant:ABTS,TPC,TPC,0.85,,,auto_B
PMC10141347,1,12,2,Anti-oxidant:FRAP,color,Honey Color,0.92,,,auto_B
PMC10141347,1,12,3,Anti-oxidant:FRAP,TPC,TPC,0.91,,,auto_B
PMC10141347,1,14,2,Anti-oxidant:PPH,color,Honey Color,0.88,,,auto_B
PMC10141347,1,14,3,Anti-oxidant:PPH,TPC,TPC,0.9,,,auto_B
PMC10141347,1,16,2,Anti-oxidant:ORAC,color,Honey Color,0.83,,,auto_B
PMC10141347,1,16,3,Anti-oxidant:ORAC,TPC,TPC,0.86,,,auto_B
PMC10141347,2,1,1,Color,color,Color,1.0,,,auto_B
PMC10141347,2,2,2,Total phenolic,TPC,Total Phenolic,1.0,,,auto_B
PMC10141347,2,3,4,ORAC,H2O2,H2O2 Production,0.6512,,,auto_B
PMC10141347,2,4,4,H2O2 production,H2O2,H2O2 Production,1.0,,,auto_B
PMC10211265,2,1,1,ALH1,moisture,Moisture (%),21.4,,%,auto_B
PMC10211265,2,1,3,ALH1,sugar_total,Glucose (%),40.98,,%,auto_B
PMC10211265,2,1,6,ALH1,HMF,5-HMF (mg/kg),1.12,,%,auto_B
PMC10211265,2,1,7,ALH1,pH,pH,3.89,,%,auto_B
PMC10211265,2,1,8,ALH1,TPC,TPC (mg GAE/100 g),55.48,,%,auto_B
PMC10211265,2,1,9,ALH1,TFC,TFC (mg RE/100 g),18.99,,%,auto_B
PMC10211265,2,2,1,ALH2,moisture,Moisture (%),16.96,,%,auto_B
PMC10211265,2,2,3,ALH2,sugar_total,Glucose (%),36.36,,%,auto_B
PMC10211265,2,2,6,ALH2,HMF,5-HMF (mg/kg),3.76,,%,auto_B
PMC10211265,2,2,7,ALH2,pH,pH,4.12,,%,auto_B
PMC10211265,2,2,8,ALH2,TPC,TPC (mg GAE/100 g),62.11,,%,auto_B
PMC10211265,2,2,9,ALH2,TFC,TFC (mg RE/100 g),27.82,,%,auto_B
PMC10211265,2,3,1,ALH3,moisture,Moisture (%),23.94,,%,auto_B
PMC10211265,2,3,3,ALH3,sugar_total,Glucose (%),32.51,,%,auto_B
PMC10211265,2,3,6,ALH3,HMF,5-HMF (mg/kg),0.31,,%,auto_B
PMC10211265,2,3,7,ALH3,pH,pH,4.17,,%,auto_B
PMC10211265,2,3,8,ALH3,TPC,TPC (mg GAE/100 g),52.54,,%,auto_B
PMC10211265,2,3,9,ALH3,TFC,TFC (mg RE/100 g),12.55,,%,auto_B
PMC10211265,2,4,1,ALH4,moisture,Moisture (%),23.55,,%,auto_B
PMC10211265,2,4,3,ALH4,sugar_total,Glucose (%),28.81,,%,auto_B
PMC10211265,2,4,6,ALH4,HMF,5-HMF (mg/kg),0.45,,%,auto_B
PMC10211265,2,4,7,ALH4,pH,pH,4.29,,%,auto_B
PMC10211265,2,4,8,ALH4,TPC,TPC (mg GAE/100 g),123.16,,%,auto_B
PMC10211265,2,4,9,ALH4,TFC,TFC (mg RE/100 g),51.62,,%,auto_B
PMC10211265,2,5,1,ALH5,moisture,Moisture (%),26.41,,%,auto_B
PMC10211265,2,5,3,ALH5,sugar_total,Glucose (%),31.7,,%,auto_B
PMC10211265,2,5,6,ALH5,HMF,5-HMF (mg/kg),0.5,,%,auto_B
PMC10211265,2,5,7,ALH5,pH,pH,3.99,,%,auto_B
PMC10211265,2,5,8,ALH5,TPC,TPC (mg GAE/100 g),49.18,,%,auto_B
PMC10211265,2,5,9,ALH5,TFC,TFC (mg RE/100 g),3.03,,%,auto_B
PMC10211265,5,1,1,TPC,TPC,TPC,1.0,,,auto_B
PMC10211265,5,2,1,TFC,TPC,TPC,0.935,,,auto_B
PMC10211265,5,2,2,TFC,TFC,TFC,1.0,,,auto_B
PMC10211265,5,3,1,DPPH,TPC,TPC,0.989,,,auto_B
PMC10211265,5,3,2,DPPH,TFC,TFC,0.955,,,auto_B
PMC10211265,5,4,1,ABTS+,TPC,TPC,0.984,,,auto_B
PMC10211265,5,4,2,ABTS+,TFC,TFC,0.943,,,auto_B
PMC10211265,5,5,1,FRAP,TPC,TPC,0.994,,,auto_B
PMC10211265,5,5,2,FRAP,TFC,TFC,0.96,,,auto_B
PMC10211265,5,6,1,O2·-,TPC,TPC,0.621,,,auto_B
PMC10211265,5,6,2,O2·-,TFC,TFC,0.421,,,auto_B
PMC10223922,10,2,3,Jarrah,pH,pH,4.62,,%,auto_B
PMC10223922,10,2,5,Jarrah,moisture,Moisture Content (%),17.88,,%,auto_B
PMC10223922,10,3,3,Pre-gel,pH,pH,48.98,,%,auto_B
PMC10223922,10,3,5,Pre-gel,moisture,Moisture Content (%),425.15,,%,auto_B
PMC10223922,10,4,3,30,pH,pH,4.62,,%,auto_B
PMC10223922,10,4,5,30,moisture,Moisture Content (%),17.87,,%,auto_B
PMC10223922,10,5,3,Pre-gel,pH,pH,48.89,,%,auto_B
PMC10223922,10,5,5,Pre-gel,moisture,Moisture Content (%),427.15,,%,auto_B
PMC10223922,10,6,3,40,pH,pH,4.63,,%,auto_B
PMC10223922,10,6,5,40,moisture,Moisture Content (%),17.88,,%,auto_B
PMC10223922,10,7,3,Pre-gel,pH,pH,48.86,,%,auto_B
PMC10223922,10,7,5,Pre-gel,moisture,Moisture Content (%),426.15,,%,auto_B
PMC10223922,10,8,3,WAManuka 2,pH,pH,4.63,,%,auto_B
PMC10223922,10,8,5,WAManuka 2,moisture,Moisture Content (%),19.45,,%,auto_B
PMC10223922,10,9,3,Pre-gel,pH,pH,49.08,,%,auto_B
PMC10223922,10,9,5,Pre-gel,moisture,Moisture Content (%),424.93,,%,auto_B
PMC10223922,10,10,3,30,pH,pH,4.61,,%,auto_B
PMC10223922,10,10,5,30,moisture,Moisture Content (%),19.41,,%,auto_B
PMC10223922,10,11,3,Pre-gel,pH,pH,49.08,,%,auto_B
PMC10223922,10,11,5,Pre-gel,moisture,Moisture Content (%),424.93,,%,auto_B
PMC10223922,10,12,3,40,pH,pH,4.62,,%,auto_B
PMC10223922,10,12,5,40,moisture,Moisture Content (%),19.43,,%,auto_B
PMC10223922,10,13,3,Pre-gel,pH,pH,49.08,,%,auto_B
PMC10223922,10,13,5,Pre-gel,moisture,Moisture Content (%),424.93,,%,auto_B
PMC10386826,0,2,1,Honeypot,H2O2,Non-peroxide activity,8.3,,%,auto_B
PMC10386826,0,2,1,Honeypot,phenol_equiv,Non-peroxide activity,8.3,,%,auto_B
PMC10386826,0,3,1,Artificial,H2O2,Non-peroxide activity,5.0,lt,%,auto_B
PMC10386826,0,3,1,Artificial,phenol_equiv,Non-peroxide activity,5.0,lt,%,auto_B
PMC10386826,0,4,1,Jarrah,H2O2,Non-peroxide activity,11.6,,%,auto_B
PMC10386826,0,4,1,Jarrah,phenol_equiv,Non-peroxide activity,11.6,,%,auto_B
PMC10386826,0,5,1,Manuka,H2O2,Non-peroxide activity,19.7,,%,auto_B
PMC10386826,0,5,1,Manuka,phenol_equiv,Non-peroxide activity,19.7,,%,auto_B
PMC10528311,0,1,2,1,moisture,Moisture (%),16.8,,%,auto_B
PMC10528311,0,1,4,1,pH,pH,3.72,,%,auto_B
PMC10528311,0,1,5,1,free_acidity,Free Acidity(mval kg−1),48.0,,%,auto_B
PMC10528311,0,1,6,1,aw,aW,0.539,,%,auto_B
PMC10528311,0,2,2,2,moisture,Moisture (%),15.8,,%,auto_B
PMC10528311,0,2,4,2,pH,pH,3.69,,%,auto_B
PMC10528311,0,2,5,2,free_acidity,Free Acidity(mval kg−1),42.0,,%,auto_B
PMC10528311,0,2,6,2,aw,aW,0.545,,%,auto_B
PMC10528311,0,3,2,3,moisture,Moisture (%),17.1,,%,auto_B
PMC10528311,0,3,4,3,pH,pH,4.16,,%,auto_B
PMC10528311,0,3,5,3,free_acidity,Free Acidity(mval kg−1),38.0,,%,auto_B
PMC10528311,0,3,6,3,aw,aW,0.544,,%,auto_B
PMC10528311,0,4,2,4,moisture,Moisture (%),17.7,,%,auto_B
PMC10528311,0,4,4,4,pH,pH,3.93,,%,auto_B
PMC10528311,0,4,5,4,free_acidity,Free Acidity(mval kg−1),34.0,,%,auto_B
PMC10528311,0,4,6,4,aw,aW,0.563,,%,auto_B
PMC10528311,0,5,2,5,moisture,Moisture (%),16.0,,%,auto_B
PMC10528311,0,5,4,5,pH,pH,3.73,,%,auto_B
PMC10528311,0,5,5,5,free_acidity,Free Acidity(mval kg−1),36.5,,%,auto_B
PMC10528311,0,5,6,5,aw,aW,0.524,,%,auto_B
PMC10528311,0,6,2,6,moisture,Moisture (%),17.7,,%,auto_B
PMC10528311,0,6,4,6,pH,pH,3.79,,%,auto_B
PMC10528311,0,6,5,6,free_acidity,Free Acidity(mval kg−1),25.0,,%,auto_B
PMC10528311,0,6,6,6,aw,aW,0.579,,%,auto_B
PMC10528311,0,7,2,7,moisture,Moisture (%),18.1,,%,auto_B
PMC10528311,0,7,4,7,pH,pH,3.99,,%,auto_B
PMC10528311,0,7,5,7,free_acidity,Free Acidity(mval kg−1),27.0,,%,auto_B
PMC10528311,0,7,6,7,aw,aW,0.553,,%,auto_B
PMC10528311,0,8,2,8,moisture,Moisture (%),18.3,,%,auto_B
PMC10528311,0,8,4,8,pH,pH,4.01,,%,auto_B
PMC10528311,0,8,5,8,free_acidity,Free Acidity(mval kg−1),16.0,,%,auto_B
PMC10528311,0,8,6,8,aw,aW,0.59,,%,auto_B
PMC10528311,0,10,2,9,moisture,Moisture (%),15.7,,%,auto_B
PMC10528311,0,10,4,9,pH,pH,4.52,,%,auto_B
PMC10528311,0,10,5,9,free_acidity,Free Acidity(mval kg−1),32.0,,%,auto_B
PMC10528311,0,10,6,9,aw,aW,0.525,,%,auto_B
PMC10528311,0,11,2,10,moisture,Moisture (%),16.5,,%,auto_B
PMC10528311,0,11,4,10,pH,pH,3.93,,%,auto_B
PMC10528311,0,11,5,10,free_acidity,Free Acidity(mval kg−1),41.0,,%,auto_B
PMC10528311,0,11,6,10,aw,aW,0.541,,%,auto_B
PMC10528311,0,12,2,11,moisture,Moisture (%),16.8,,%,auto_B
PMC10528311,0,12,4,11,pH,pH,4.04,,%,auto_B
PMC10528311,0,12,5,11,free_acidity,Free Acidity(mval kg−1),34.0,,%,auto_B
PMC10528311,0,12,6,11,aw,aW,0.549,,%,auto_B
PMC10528311,0,14,2,12,moisture,Moisture (%),18.5,,%,auto_B
PMC10528311,0,14,4,12,pH,pH,3.8,,%,auto_B
PMC10528311,0,14,5,12,free_acidity,Free Acidity(mval kg−1),27.0,,%,auto_B
PMC10528311,0,14,6,12,aw,aW,0.573,,%,auto_B
PMC10528311,0,15,2,13,moisture,Moisture (%),16.9,,%,auto_B
PMC10528311,0,15,4,13,pH,pH,3.68,,%,auto_B
PMC10528311,0,15,5,13,free_acidity,Free Acidity(mval kg−1),19.5,,%,auto_B
PMC10528311,0,15,6,13,aw,aW,0.564,,%,auto_B
PMC10528311,0,16,2,14,moisture,Moisture (%),18.9,,%,auto_B
PMC10528311,0,16,4,14,pH,pH,3.92,,%,auto_B
PMC10528311,0,16,5,14,free_acidity,Free Acidity(mval kg−1),18.0,,%,auto_B
PMC10528311,0,16,6,14,aw,aW,0.588,,%,auto_B
PMC10528311,0,18,2,15,moisture,Moisture (%),17.5,,%,auto_B
PMC10528311,0,18,4,15,pH,pH,3.87,,%,auto_B
PMC10528311,0,18,5,15,free_acidity,Free Acidity(mval kg−1),48.7,,%,auto_B
PMC10528311,0,18,6,15,aw,aW,0.571,,%,auto_B
PMC10528311,0,19,2,16,moisture,Moisture (%),18.6,,%,auto_B
PMC10528311,0,19,4,16,pH,pH,3.51,,%,auto_B
PMC10528311,0,19,5,16,free_acidity,Free Acidity(mval kg−1),46.5,,%,auto_B
PMC10528311,0,19,6,16,aw,aW,0.58,,%,auto_B
PMC10528311,0,20,2,17,moisture,Moisture (%),17.3,,%,auto_B
PMC10528311,0,20,4,17,pH,pH,3.68,,%,auto_B
PMC10528311,0,20,5,17,free_acidity,Free Acidity(mval kg−1),45.0,,%,auto_B
PMC10528311,0,20,6,17,aw,aW,0.553,,%,auto_B
PMC10528311,0,21,2,18,moisture,Moisture (%),19.5,,%,auto_B
PMC10528311,0,21,4,18,pH,pH,3.58,,%,auto_B
PMC10528311,0,21,5,18,free_acidity,Free Acidity(mval kg−1),49.0,,%,auto_B
PMC10528311,0,21,6,18,aw,aW,0.592,,%,auto_B
PMC10528311,0,23,2,19,moisture,Moisture (%),16.0,,%,auto_B
PMC10528311,0,23,4,19,pH,pH,4.2,,%,auto_B
PMC10528311,0,23,5,19,free_acidity,Free Acidity(mval kg−1),21.5,,%,auto_B
PMC10528311,0,23,6,19,aw,aW,0.531,,%,auto_B
PMC10528311,0,24,2,20,moisture,Moisture (%),15.9,,%,auto_B
PMC10528311,0,24,4,20,pH,pH,3.82,,%,auto_B
PMC10528311,0,24,5,20,free_acidity,Free Acidity(mval kg−1),42.0,,%,auto_B
PMC10528311,0,24,6,20,aw,aW,0.531,,%,auto_B
PMC10528311,0,25,2,21,moisture,Moisture (%),18.0,,%,auto_B
PMC10528311,0,25,4,21,pH,pH,3.91,,%,auto_B
PMC10528311,0,25,5,21,free_acidity,Free Acidity(mval kg−1),35.0,,%,auto_B
PMC10528311,0,25,6,21,aw,aW,0.568,,%,auto_B
PMC10617706,1,1,2,1,pH,pH,4.7,,%,auto_B
PMC10617706,1,1,4,1,HMF,HMF (mg/100 g) ± SD,6.3,,%,auto_B
PMC10617706,1,1,6,1,color,Pfund,5.5,,%,auto_B
PMC10617706,1,2,2,2,pH,pH,4.2,,%,auto_B
PMC10617706,1,2,4,2,HMF,HMF (mg/100 g) ± SD,30.1,,%,auto_B
PMC10617706,1,2,6,2,color,Pfund,72.72,,%,auto_B
PMC10617706,1,3,2,3,pH,pH,4.3,,%,auto_B
PMC10617706,1,3,4,3,HMF,HMF (mg/100 g) ± SD,12.4,,%,auto_B
PMC10617706,1,3,6,3,color,Pfund,11.44,,%,auto_B
PMC10617706,1,4,2,4,pH,pH,4.5,,%,auto_B
PMC10617706,1,4,4,4,HMF,HMF (mg/100 g) ± SD,26.7,,%,auto_B
PMC10617706,1,4,6,4,color,Pfund,98.71,,%,auto_B
PMC10617706,1,5,2,5,pH,pH,4.5,,%,auto_B
PMC10617706,1,5,4,5,HMF,HMF (mg/100 g) ± SD,20.9,,%,auto_B
PMC10617706,1,5,6,5,color,Pfund,76.06,,%,auto_B
PMC10617706,1,6,2,6,pH,pH,4.8,,%,auto_B
PMC10617706,1,6,4,6,HMF,HMF (mg/100 g) ± SD,1.5,,%,auto_B
PMC10617706,1,7,2,7,pH,pH,4.3,,%,auto_B
PMC10617706,1,7,4,7,HMF,HMF (mg/100 g) ± SD,11.2,,%,auto_B
PMC10617706,1,7,6,7,color,Pfund,119.14,,%,auto_B
PMC10617706,1,8,2,8,pH,pH,4.5,,%,auto_B
PMC10617706,1,8,4,8,HMF,HMF (mg/100 g) ± SD,16.5,,%,auto_B
PMC10617706,1,8,6,8,color,Pfund,10.69,,%,auto_B
PMC10617706,1,9,2,9,pH,pH,4.2,,%,auto_B
PMC10617706,1,9,4,9,HMF,HMF (mg/100 g) ± SD,32.1,,%,auto_B
PMC10617706,1,9,6,9,color,Pfund,70.86,,%,auto_B
PMC10617706,1,10,2,10,pH,pH,4.4,,%,auto_B
PMC10617706,1,10,4,10,HMF,HMF (mg/100 g) ± SD,14.8,,%,auto_B
PMC10617706,1,10,6,10,color,Pfund,66.03,,%,auto_B
PMC10617706,1,11,2,11,pH,pH,3.9,,%,auto_B
PMC10617706,1,11,4,11,HMF,HMF (mg/100 g) ± SD,19.0,,%,auto_B
PMC10617706,1,11,6,11,color,Pfund,28.89,,%,auto_B
PMC10617706,1,12,2,12,pH,pH,5.0,,%,auto_B
PMC10617706,1,12,4,12,HMF,HMF (mg/100 g) ± SD,3.6,,%,auto_B
PMC10617706,1,12,6,12,color,Pfund,64.92,,%,auto_B
PMC10617706,1,13,2,13,pH,pH,4.9,,%,auto_B
PMC10617706,1,13,4,13,HMF,HMF (mg/100 g) ± SD,5.0,,%,auto_B
PMC10617706,1,13,6,13,color,Pfund,54.15,,%,auto_B
PMC10617706,1,14,2,14,pH,pH,4.8,,%,auto_B
PMC10617706,1,14,4,14,HMF,HMF (mg/100 g) ± SD,5.8,,%,auto_B
PMC10617706,1,14,6,14,color,Pfund,56.0,,%,auto_B
PMC10617706,1,15,2,15,pH,pH,4.3,,%,auto_B
PMC10617706,1,15,4,15,HMF,HMF (mg/100 g) ± SD,1.8,,%,auto_B
PMC10617706,1,15,6,15,color,Pfund,21.84,,%,auto_B
PMC10617706,1,16,2,16,pH,pH,4.2,,%,auto_B
PMC10617706,1,16,4,16,HMF,HMF (mg/100 g) ± SD,7.8,,%,auto_B
PMC10617706,1,16,6,16,color,Pfund,79.03,,%,auto_B
PMC10617706,1,17,2,17,pH,pH,4.0,,%,auto_B
PMC10617706,1,17,4,17,HMF,HMF (mg/100 g) ± SD,52.7,,%,auto_B
PMC10617706,1,17,6,17,color,Pfund,94.63,,%,auto_B
PMC10617706,1,18,2,18,pH,pH,3.9,,%,auto_B
PMC10617706,1,18,4,18,HMF,HMF (mg/100 g) ± SD,86.9,,%,auto_B
PMC10617706,1,18,6,18,color,Pfund,87.2,,%,auto_B
PMC10617706,1,19,2,19,pH,pH,4.1,,%,auto_B
PMC10617706,1,19,4,19,HMF,HMF (mg/100 g) ± SD,17.2,,%,auto_B
PMC10617706,1,19,6,19,color,Pfund,44.86,,%,auto_B
PMC10617706,1,20,2,20,pH,pH,4.1,,%,auto_B
PMC10617706,1,20,4,20,HMF,HMF (mg/100 g) ± SD,7.8,,%,auto_B
PMC10617706,1,20,6,20,color,Pfund,10.69,,%,auto_B
PMC10617706,1,21,2,21,pH,pH,4.8,,%,auto_B
PMC10617706,1,21,4,21,HMF,HMF (mg/100 g) ± SD,6.2,,%,auto_B
PMC10617706,1,21,6,21,color,Pfund,63.8,,%,auto_B
PMC10617706,1,22,2,22,pH,pH,4.4,,%,auto_B
PMC10617706,1,22,4,22,HMF,HMF (mg/100 g) ± SD,34.4,,%,auto_B
PMC10617706,1,22,6,22,color,Pfund,84.23,,%,auto_B
PMC10617706,1,23,2,23,pH,pH,4.2,,%,auto_B
PMC10617706,1,23,4,23,HMF,HMF (mg/100 g) ± SD,7.0,,%,auto_B
PMC10617706,1,23,6,23,color,Pfund,79.77,,%,auto_B
PMC10617706,1,24,2,24,pH,pH,4.1,,%,auto_B
PMC10617706,1,24,4,24,HMF,HMF (mg/100 g) ± SD,13.2,,%,auto_B
PMC10617706,1,24,6,24,color,Pfund,70.49,,%,auto_B
PMC10617706,1,25,2,25,pH,pH,4.9,,%,auto_B
PMC10617706,1,25,4,25,HMF,HMF (mg/100 g) ± SD,2.4,,%,auto_B
PMC10617706,1,25,6,25,color,Pfund,79.77,,%,auto_B
PMC10617706,1,26,2,26,pH,pH,4.8,,%,auto_B
PMC10617706,1,26,4,26,HMF,HMF (mg/100 g) ± SD,8.9,,%,auto_B
PMC10617706,1,26,6,26,color,Pfund,79.77,,%,auto_B
PMC10617706,1,27,2,27,pH,pH,5.1,,%,auto_B
PMC10617706,1,27,4,27,HMF,HMF (mg/100 g) ± SD,3.4,,%,auto_B
PMC10617706,1,27,6,27,color,Pfund,43.01,,%,auto_B
PMC10617706,1,28,2,28,pH,pH,4.5,,%,auto_B
PMC10617706,1,28,4,28,HMF,HMF (mg/100 g) ± SD,21.1,,%,auto_B
PMC10617706,1,28,6,28,color,Pfund,109.86,,%,auto_B
PMC10617706,1,29,2,29,pH,pH,4.4,,%,auto_B
PMC10617706,1,29,4,29,HMF,HMF (mg/100 g) ± SD,43.5,,%,auto_B
PMC10617706,1,29,6,29,color,Pfund,91.29,,%,auto_B
PMC10617706,1,30,2,30,pH,pH,4.1,,%,auto_B
PMC10617706,1,30,4,30,HMF,HMF (mg/100 g) ± SD,5.1,,%,auto_B
PMC10617706,1,30,6,30,color,Pfund,125.08,,%,auto_B
PMC10617706,1,31,2,31,pH,pH,4.1,,%,auto_B
PMC10617706,1,31,4,31,HMF,HMF (mg/100 g) ± SD,21.5,,%,auto_B
PMC10617706,1,31,6,31,color,Pfund,89.06,,%,auto_B
PMC10617706,1,32,2,32,pH,pH,4.1,,%,auto_B
PMC10617706,1,32,4,32,HMF,HMF (mg/100 g) ± SD,21.5,,%,auto_B
PMC10617706,1,32,6,32,color,Pfund,57.49,,%,auto_B
PMC10617706,1,33,2,33,pH,pH,4.1,,%,auto_B
PMC10617706,1,33,4,33,HMF,HMF (mg/100 g) ± SD,8.3,,%,auto_B
PMC10617706,1,33,6,33,color,Pfund,95.74,,%,auto_B
PMC10617706,2,1,1,1,TPC,TPC (μg/g honey) ± SD,572.08,,μM,auto_B
PMC10617706,2,1,2,1,GOx,GOX (mU/mL) ± SD,5.7,,μM,auto_B
PMC10617706,2,1,3,1,H2O2,H2O2 (μM) ± SD,285.14,,μM,auto_B
PMC10617706,2,2,1,2,TPC,TPC (μg/g honey) ± SD,720.0,,μM,auto_B
PMC10617706,2,2,2,2,GOx,GOX (mU/mL) ± SD,1.9,,μM,auto_B
PMC10617706,2,2,3,2,H2O2,H2O2 (μM) ± SD,911.5,,μM,auto_B
PMC10617706,2,3,1,3,TPC,TPC (μg/g honey) ± SD,510.28,,μM,auto_B
PMC10617706,2,3,2,3,GOx,GOX (mU/mL) ± SD,7.21,,μM,auto_B
PMC10617706,2,3,3,3,H2O2,H2O2 (μM) ± SD,315.43,,μM,auto_B
PMC10617706,2,4,1,4,TPC,TPC (μg/g honey) ± SD,676.56,,μM,auto_B
PMC10617706,2,4,2,4,GOx,GOX (mU/mL) ± SD,0.34,,μM,auto_B
PMC10617706,2,4,3,4,H2O2,H2O2 (μM) ± SD,332.57,,μM,auto_B
PMC10617706,2,5,1,5,TPC,TPC (μg/g honey) ± SD,941.49,,μM,auto_B
PMC10617706,2,5,2,5,GOx,GOX (mU/mL) ± SD,0.69,,μM,auto_B
PMC10617706,2,5,3,5,H2O2,H2O2 (μM) ± SD,1252.0,,μM,auto_B
PMC10617706,2,6,1,6,TPC,TPC (μg/g honey) ± SD,785.79,,μM,auto_B
PMC10617706,2,6,2,6,GOx,GOX (mU/mL) ± SD,11.67,,μM,auto_B
PMC10617706,2,6,3,6,H2O2,H2O2 (μM) ± SD,306.29,,μM,auto_B
PMC10617706,2,7,1,7,TPC,TPC (μg/g honey) ± SD,1122.61,,μM,auto_B
PMC10617706,2,7,2,7,GOx,GOX (mU/mL) ± SD,9.2,,μM,auto_B
PMC10617706,2,7,3,7,H2O2,H2O2 (μM) ± SD,2607.43,,μM,auto_B
PMC10617706,2,8,1,8,TPC,TPC (μg/g honey) ± SD,839.01,,μM,auto_B
PMC10617706,2,8,2,8,GOx,GOX (mU/mL) ± SD,6.11,,μM,auto_B
PMC10617706,2,8,3,8,H2O2,H2O2 (μM) ± SD,366.29,,μM,auto_B
PMC10617706,2,9,1,9,TPC,TPC (μg/g honey) ± SD,804.64,,μM,auto_B
PMC10617706,2,9,2,9,GOx,GOX (mU/mL) ± SD,5.42,,μM,auto_B
PMC10617706,2,9,3,9,H2O2,H2O2 (μM) ± SD,1178.0,,μM,auto_B
PMC10617706,2,10,1,10,TPC,TPC (μg/g honey) ± SD,955.87,,μM,auto_B
PMC10617706,2,10,2,10,GOx,GOX (mU/mL) ± SD,0.19,,μM,auto_B
PMC10617706,2,10,3,10,H2O2,H2O2 (μM) ± SD,2059.0,,μM,auto_B
PMC10617706,2,11,1,11,TPC,TPC (μg/g honey) ± SD,887.13,,μM,auto_B
PMC10617706,2,11,2,11,GOx,GOX (mU/mL) ± SD,8.08,,μM,auto_B
PMC10617706,2,11,3,11,H2O2,H2O2 (μM) ± SD,2052.0,,μM,auto_B
PMC10617706,2,12,1,12,TPC,TPC (μg/g honey) ± SD,926.7,,μM,auto_B
PMC10617706,2,12,2,12,GOx,GOX (mU/mL) ± SD,2.76,,μM,auto_B
PMC10617706,2,12,3,12,H2O2,H2O2 (μM) ± SD,1136.5,,μM,auto_B
PMC10617706,2,13,1,13,TPC,TPC (μg/g honey) ± SD,933.58,,μM,auto_B
PMC10617706,2,13,2,13,GOx,GOX (mU/mL) ± SD,2.05,,μM,auto_B
PMC10617706,2,13,3,13,H2O2,H2O2 (μM) ± SD,1877.0,,μM,auto_B
PMC10617706,2,14,1,14,TPC,TPC (μg/g honey) ± SD,955.02,,μM,auto_B
PMC10617706,2,14,2,14,GOx,GOX (mU/mL) ± SD,3.78,,μM,auto_B
PMC10617706,2,14,3,14,H2O2,H2O2 (μM) ± SD,1060.5,,μM,auto_B
PMC10617706,2,15,1,15,TPC,TPC (μg/g honey) ± SD,1282.43,,μM,auto_B
PMC10617706,2,15,2,15,GOx,GOX (mU/mL) ± SD,13.34,,μM,auto_B
PMC10617706,2,15,3,15,H2O2,H2O2 (μM) ± SD,4056.73,,μM,auto_B
PMC10617706,2,16,1,16,TPC,TPC (μg/g honey) ± SD,723.92,,μM,auto_B
PMC10617706,2,16,2,16,GOx,GOX (mU/mL) ± SD,9.71,,μM,auto_B
PMC10617706,2,16,3,16,H2O2,H2O2 (μM) ± SD,3394.67,,μM,auto_B
PMC10617706,2,17,1,17,TPC,TPC (μg/g honey) ± SD,682.81,,μM,auto_B
PMC10617706,2,17,2,17,GOx,GOX (mU/mL) ± SD,4.95,,μM,auto_B
PMC10617706,2,17,3,17,H2O2,H2O2 (μM) ± SD,256.0,,μM,auto_B
PMC10617706,2,18,1,18,TPC,TPC (μg/g honey) ± SD,616.62,,μM,auto_B
PMC10617706,2,18,2,18,GOx,GOX (mU/mL) ± SD,4.22,,μM,auto_B
PMC10617706,2,18,3,18,H2O2,H2O2 (μM) ± SD,761.07,,μM,auto_B
PMC10617706,2,19,1,19,TPC,TPC (μg/g honey) ± SD,643.12,,μM,auto_B
PMC10617706,2,19,2,19,GOx,GOX (mU/mL) ± SD,2.6,,μM,auto_B
PMC10617706,2,19,3,19,H2O2,H2O2 (μM) ± SD,352.67,,μM,auto_B
PMC10617706,2,20,1,20,TPC,TPC (μg/g honey) ± SD,448.62,,μM,auto_B
PMC10617706,2,20,2,20,GOx,GOX (mU/mL) ± SD,7.19,,μM,auto_B
PMC10617706,2,20,3,20,H2O2,H2O2 (μM) ± SD,174.4,,μM,auto_B
PMC10617706,2,21,1,21,TPC,TPC (μg/g honey) ± SD,722.46,,μM,auto_B
PMC10617706,2,21,2,21,GOx,GOX (mU/mL) ± SD,0.1,,μM,auto_B
PMC10617706,2,21,3,21,H2O2,H2O2 (μM) ± SD,1256.0,,μM,auto_B
PMC10617706,2,22,1,22,TPC,TPC (μg/g honey) ± SD,1018.25,,μM,auto_B
PMC10617706,2,22,2,22,GOx,GOX (mU/mL) ± SD,0.9,,μM,auto_B
PMC10617706,2,22,3,22,H2O2,H2O2 (μM) ± SD,1767.0,,μM,auto_B
PMC10617706,2,23,1,23,TPC,TPC (μg/g honey) ± SD,647.47,,μM,auto_B
PMC10617706,2,23,2,23,GOx,GOX (mU/mL) ± SD,6.39,,μM,auto_B
PMC10617706,2,23,3,23,H2O2,H2O2 (μM) ± SD,2782.67,,μM,auto_B
PMC10617706,2,24,1,24,TPC,TPC (μg/g honey) ± SD,665.86,,μM,auto_B
PMC10617706,2,24,2,24,GOx,GOX (mU/mL) ± SD,5.5,,μM,auto_B
PMC10617706,2,24,3,24,H2O2,H2O2 (μM) ± SD,1184.57,,μM,auto_B
PMC10617706,2,25,1,25,TPC,TPC (μg/g honey) ± SD,607.8,,μM,auto_B
PMC10617706,2,25,2,25,GOx,GOX (mU/mL) ± SD,2.26,,μM,auto_B
PMC10617706,2,25,3,25,H2O2,H2O2 (μM) ± SD,1816.53,,μM,auto_B
PMC10617706,2,26,1,26,TPC,TPC (μg/g honey) ± SD,876.28,,μM,auto_B
PMC10617706,2,26,2,26,GOx,GOX (mU/mL) ± SD,0.77,,μM,auto_B
PMC10617706,2,26,3,26,H2O2,H2O2 (μM) ± SD,1422.29,,μM,auto_B
PMC10617706,2,27,1,27,TPC,TPC (μg/g honey) ± SD,670.03,,μM,auto_B
PMC10617706,2,27,2,27,GOx,GOX (mU/mL) ± SD,3.72,,μM,auto_B
PMC10617706,2,27,3,27,H2O2,H2O2 (μM) ± SD,1978.67,,μM,auto_B
PMC10617706,2,28,1,28,TPC,TPC (μg/g honey) ± SD,1227.25,,μM,auto_B
PMC10617706,2,28,2,28,GOx,GOX (mU/mL) ± SD,2.78,,μM,auto_B
PMC10617706,2,28,3,28,H2O2,H2O2 (μM) ± SD,710.5,,μM,auto_B
PMC10617706,2,29,1,29,TPC,TPC (μg/g honey) ± SD,1012.05,,μM,auto_B
PMC10617706,2,29,2,29,GOx,GOX (mU/mL) ± SD,2.24,,μM,auto_B
PMC10617706,2,29,3,29,H2O2,H2O2 (μM) ± SD,754.0,,μM,auto_B
PMC10617706,2,30,1,30,TPC,TPC (μg/g honey) ± SD,681.23,,μM,auto_B
PMC10617706,2,30,2,30,GOx,GOX (mU/mL) ± SD,7.12,,μM,auto_B
PMC10617706,2,30,3,30,H2O2,H2O2 (μM) ± SD,434.86,,μM,auto_B
PMC10617706,2,31,1,31,TPC,TPC (μg/g honey) ± SD,632.74,,μM,auto_B
PMC10617706,2,31,2,31,GOx,GOX (mU/mL) ± SD,2.72,,μM,auto_B
PMC10617706,2,31,3,31,H2O2,H2O2 (μM) ± SD,2284.0,,μM,auto_B
PMC10617706,2,32,1,32,TPC,TPC (μg/g honey) ± SD,556.26,,μM,auto_B
PMC10617706,2,32,2,32,GOx,GOX (mU/mL) ± SD,1.95,,μM,auto_B
PMC10617706,2,32,3,32,H2O2,H2O2 (μM) ± SD,1944.0,,μM,auto_B
PMC10617706,2,33,1,33,TPC,TPC (μg/g honey) ± SD,662.01,,μM,auto_B
PMC10617706,2,33,2,33,GOx,GOX (mU/mL) ± SD,1.64,,μM,auto_B
PMC10617706,2,33,3,33,H2O2,H2O2 (μM) ± SD,1553.0,,μM,auto_B
PMC10856440,1,1,1,HO1,moisture,Moisture (g/100 g),14.13,,,auto_B
PMC10856440,1,1,2,HO1,pH,pH,4.2,,,auto_B
PMC10856440,1,1,4,HO1,HMF,HMF (mg/kg),17.67,,,auto_B
PMC10856440,1,2,1,HO2,moisture,Moisture (g/100 g),16.07,,,auto_B
PMC10856440,1,2,2,HO2,pH,pH,4.31,,,auto_B
PMC10856440,1,2,4,HO2,HMF,HMF (mg/kg),17.23,,,auto_B
PMC10856440,1,3,1,HO3,moisture,Moisture (g/100 g),15.13,,,auto_B
PMC10856440,1,3,2,HO3,pH,pH,4.02,,,auto_B
PMC10856440,1,3,4,HO3,HMF,HMF (mg/kg),18.13,,,auto_B
PMC10856440,1,4,1,HO4,moisture,Moisture (g/100 g),13.53,,,auto_B
PMC10856440,1,4,2,HO4,pH,pH,4.12,,,auto_B
PMC10856440,1,4,4,HO4,HMF,HMF (mg/kg),18.87,,,auto_B
PMC10856440,1,5,1,HO5,moisture,Moisture (g/100 g),14.1,,,auto_B
PMC10856440,1,5,2,HO5,pH,pH,4.23,,,auto_B
PMC10856440,1,5,4,HO5,HMF,HMF (mg/kg),18.3,,,auto_B
PMC11013281,2,1,2,Washington A,pH,pH,3.8,,,auto_B
PMC11013281,2,2,2,Washington B,pH,pH,3.81,,,auto_B
PMC11013281,2,3,2,Washington C,pH,pH,3.83,,,auto_B
PMC11013281,2,4,2,Washington D,pH,pH,3.74,,,auto_B
PMC11013281,2,5,2,Washington E,pH,pH,3.83,,,auto_B
PMC11013281,2,6,2,Washington F,pH,pH,3.81,,,auto_B
PMC11013281,2,7,2,Texas A,pH,pH,4.2,,,auto_B
PMC11013281,2,8,2,Texas B,pH,pH,4.0,,,auto_B
PMC11013281,2,9,2,Texas C,pH,pH,3.75,,,auto_B
PMC11013281,2,10,2,Texas D,pH,pH,3.73,,,auto_B
PMC11013281,2,11,2,Texas E,pH,pH,3.74,,,auto_B
PMC11013281,2,12,2,Texas F,pH,pH,4.05,,,auto_B
PMC11013281,2,13,2,SoCal A,pH,pH,3.88,,,auto_B
PMC11013281,2,14,2,SoCal B,pH,pH,3.9,,,auto_B
PMC11013281,2,15,2,SoCal C,pH,pH,3.82,,,auto_B
PMC11013281,2,16,2,SoCal D,pH,pH,3.83,,,auto_B
PMC11013281,2,17,2,SoCal E,pH,pH,3.86,,,auto_B
PMC11013281,2,18,2,SoCal F,pH,pH,3.96,,,auto_B
PMC11013281,2,19,2,Manuka,pH,pH,3.87,,,auto_B
PMC11013281,2,20,2,Average,pH,pH,3.86,,,auto_B
PMC11013281,2,20,3,Average,color,Color,100.92,,,auto_B
PMC11068765,0,1,4,"Black locust, Robinia pseudoacacia",electrical_cond,Electrical conductivity (mS/cm),0.132,,,auto_B
PMC11068765,0,1,5,"Black locust, Robinia pseudoacacia",pH,pH,3.3,,,auto_B
PMC11068765,0,2,2,2021,color,"Sensory characteristics (color, odor and consistency)",99.3,,,auto_B
PMC11068765,0,2,4,2021,electrical_cond,Electrical conductivity (mS/cm),3.22,,,auto_B
PMC11068765,0,3,2,2022,color,"Sensory characteristics (color, odor and consistency)",44.4,,,auto_B
PMC11068765,0,3,4,2022,electrical_cond,Electrical conductivity (mS/cm),3.27,,,auto_B
PMC11068765,0,4,4,"Goldenrod, Solidago gigantea",electrical_cond,Electrical conductivity (mS/cm),0.624,,,auto_B
PMC11068765,0,4,5,"Goldenrod, Solidago gigantea",pH,pH,3.56,,,auto_B
PMC11068765,0,5,2,2021,color,"Sensory characteristics (color, odor and consistency)",279.4,,,auto_B
PMC11068765,0,5,4,2021,electrical_cond,Electrical conductivity (mS/cm),3.52,,,auto_B
PMC11068765,0,6,2,2022,color,"Sensory characteristics (color, odor and consistency)",236.9,,,auto_B
PMC11068765,0,6,4,2022,electrical_cond,Electrical conductivity (mS/cm),3.59,,,auto_B
PMC11068765,0,7,4,"Linden, Tilia spp.",electrical_cond,Electrical conductivity (mS/cm),0.567,,,auto_B
PMC11068765,0,7,5,"Linden, Tilia spp.",pH,pH,4.27,,,auto_B
PMC11068765,0,8,2,2021,color,"Sensory characteristics (color, odor and consistency)",211.1,,,auto_B
PMC11068765,0,8,4,2021,electrical_cond,Electrical conductivity (mS/cm),4.32,,,auto_B
PMC11068765,0,9,2,2022,color,"Sensory characteristics (color, odor and consistency)",166.3,,,auto_B
PMC11068765,0,9,4,2022,electrical_cond,Electrical conductivity (mS/cm),4.19,,,auto_B
PMC11068765,0,10,4,"Sunflower, Helianthus annuus",electrical_cond,Electrical conductivity (mS/cm),0.221,,,auto_B
PMC11068765,0,10,5,"Sunflower, Helianthus annuus",pH,pH,3.68,,,auto_B
PMC11068765,0,11,2,2021,color,"Sensory characteristics (color, odor and consistency)",413.5,,,auto_B
PMC11068765,0,11,4,2021,electrical_cond,Electrical conductivity (mS/cm),3.61,,,auto_B
PMC11068765,0,12,2,2022,color,"Sensory characteristics (color, odor and consistency)",116.6,,,auto_B
PMC11068765,0,12,4,2022,electrical_cond,Electrical conductivity (mS/cm),3.66,,,auto_B
PMC11083411,1,6,2,% Inh. (5%),GOx,GOx,0.1733,,%,auto_B
PMC11111008,1,2,1,AB1,Brix,° Brix,78.8,,,auto_B
PMC11111008,1,2,2,AB1,aw,Water Activity (aW),0.58,,,auto_B
PMC11111008,1,2,3,AB1,pH,pH,3.66,,,auto_B
PMC11111008,1,2,4,AB1,MGO,MGO (mg/ kg),0.0,,,auto_B
PMC11111008,1,2,5,AB1,DHA,DHA (mg/ kg),0.0,,,auto_B
PMC11111008,1,2,6,AB1,HMF,HMF (mg/ kg),12.0,,,auto_B
PMC11111008,1,3,1,AB2,Brix,° Brix,75.0,,,auto_B
PMC11111008,1,3,2,AB2,aw,Water Activity (aW),0.67,,,auto_B
PMC11111008,1,3,3,AB2,pH,pH,3.55,,,auto_B
PMC11111008,1,3,4,AB2,MGO,MGO (mg/ kg),0.0,,,auto_B
PMC11111008,1,3,5,AB2,DHA,DHA (mg/ kg),0.0,,,auto_B
PMC11111008,1,3,6,AB2,HMF,HMF (mg/ kg),6.0,,,auto_B
PMC11111008,1,4,1,BA1,Brix,° Brix,75.9,,,auto_B
PMC11111008,1,4,2,BA1,aw,Water Activity (aW),0.63,,,auto_B
PMC11111008,1,4,3,BA1,pH,pH,4.12,,,auto_B
PMC11111008,1,4,4,BA1,MGO,MGO (mg/ kg),0.0,,,auto_B
PMC11111008,1,4,5,BA1,DHA,DHA (mg/ kg),0.0,,,auto_B
PMC11111008,1,4,6,BA1,HMF,HMF (mg/ kg),5.0,,,auto_B
PMC11111008,1,5,1,BA2,Brix,° Brix,76.4,,,auto_B
PMC11111008,1,5,2,BA2,aw,Water Activity (aW),0.62,,,auto_B
PMC11111008,1,5,3,BA2,pH,pH,3.59,,,auto_B
PMC11111008,1,5,4,BA2,MGO,MGO (mg/ kg),1.0,,,auto_B
PMC11111008,1,5,5,BA2,DHA,DHA (mg/ kg),25.0,,,auto_B
PMC11111008,1,5,6,BA2,HMF,HMF (mg/ kg),35.0,,,auto_B
PMC11111008,1,6,1,BL1,Brix,° Brix,74.8,,,auto_B
PMC11111008,1,6,2,BL1,aw,Water Activity (aW),0.66,,,auto_B
PMC11111008,1,6,3,BL1,pH,pH,3.56,,,auto_B
PMC11111008,1,6,4,BL1,MGO,MGO (mg/ kg),0.0,,,auto_B
PMC11111008,1,6,5,BL1,DHA,DHA (mg/ kg),0.0,,,auto_B
PMC11111008,1,6,6,BL1,HMF,HMF (mg/ kg),3.0,,,auto_B
PMC11111008,1,7,1,BL2,Brix,° Brix,76.9,,,auto_B
PMC11111008,1,7,2,BL2,aw,Water Activity (aW),0.59,,,auto_B
PMC11111008,1,7,3,BL2,pH,pH,3.65,,,auto_B
PMC11111008,1,7,4,BL2,MGO,MGO (mg/ kg),0.0,,,auto_B
PMC11111008,1,7,5,BL2,DHA,DHA (mg/ kg),0.0,,,auto_B
PMC11111008,1,7,6,BL2,HMF,HMF (mg/ kg),13.0,,,auto_B
PMC11111008,1,8,1,FB1,Brix,° Brix,78.3,,,auto_B
PMC11111008,1,8,2,FB1,aw,Water Activity (aW),0.58,,,auto_B
PMC11111008,1,8,3,FB1,pH,pH,3.72,,,auto_B
PMC11111008,1,8,4,FB1,MGO,MGO (mg/ kg),0.0,,,auto_B
PMC11111008,1,8,5,FB1,DHA,DHA (mg/ kg),0.0,,,auto_B
PMC11111008,1,8,6,FB1,HMF,HMF (mg/ kg),5.0,,,auto_B
PMC11111008,1,9,1,FB2,Brix,° Brix,78.3,,,auto_B
PMC11111008,1,9,2,FB2,aw,Water Activity (aW),0.59,,,auto_B
PMC11111008,1,9,3,FB2,pH,pH,3.8,,,auto_B
PMC11111008,1,9,4,FB2,MGO,MGO (mg/ kg),0.0,,,auto_B
PMC11111008,1,9,5,FB2,DHA,DHA (mg/ kg),0.0,,,auto_B
PMC11111008,1,9,6,FB2,HMF,HMF (mg/ kg),11.0,,,auto_B
PMC11111008,1,10,1,EU1,Brix,° Brix,77.4,,,auto_B
PMC11111008,1,10,2,EU1,aw,Water Activity (aW),0.63,,,auto_B
PMC11111008,1,10,3,EU1,pH,pH,3.84,,,auto_B
PMC11111008,1,10,4,EU1,MGO,MGO (mg/ kg),0.0,,,auto_B
PMC11111008,1,10,5,EU1,DHA,DHA (mg/ kg),0.0,,,auto_B
PMC11111008,1,10,6,EU1,HMF,HMF (mg/ kg),8.0,,,auto_B
PMC11111008,1,11,1,EU2,Brix,° Brix,75.6,,,auto_B
PMC11111008,1,11,2,EU2,aw,Water Activity (aW),0.63,,,auto_B
PMC11111008,1,11,3,EU2,pH,pH,3.94,,,auto_B
PMC11111008,1,11,4,EU2,MGO,MGO (mg/ kg),14.0,,,auto_B
PMC11111008,1,11,5,EU2,DHA,DHA (mg/ kg),42.0,,,auto_B
PMC11111008,1,11,6,EU2,HMF,HMF (mg/ kg),18.0,,,auto_B
PMC11111008,1,12,1,IB1,Brix,° Brix,75.7,,,auto_B
PMC11111008,1,12,2,IB1,aw,Water Activity (aW),0.65,,,auto_B
PMC11111008,1,12,3,IB1,pH,pH,3.75,,,auto_B
PMC11111008,1,12,4,IB1,MGO,MGO (mg/ kg),0.0,,,auto_B
PMC11111008,1,12,5,IB1,DHA,DHA (mg/ kg),0.0,,,auto_B
PMC11111008,1,12,6,IB1,HMF,HMF (mg/ kg),3.0,,,auto_B
PMC11111008,1,13,1,IB2,Brix,° Brix,76.3,,,auto_B
PMC11111008,1,13,2,IB2,aw,Water Activity (aW),0.66,,,auto_B
PMC11111008,1,13,3,IB2,pH,pH,3.57,,,auto_B
PMC11111008,1,13,4,IB2,MGO,MGO (mg/ kg),0.0,,,auto_B
PMC11111008,1,13,5,IB2,DHA,DHA (mg/ kg),0.0,,,auto_B
PMC11111008,1,13,6,IB2,HMF,HMF (mg/ kg),7.0,,,auto_B
PMC11111008,1,14,1,PB1,Brix,° Brix,76.8,,,auto_B
PMC11111008,1,14,2,PB1,aw,Water Activity (aW),0.64,,,auto_B
PMC11111008,1,14,3,PB1,pH,pH,3.72,,,auto_B
PMC11111008,1,14,4,PB1,MGO,MGO (mg/ kg),0.0,,,auto_B
PMC11111008,1,14,5,PB1,DHA,DHA (mg/ kg),0.0,,,auto_B
PMC11111008,1,14,6,PB1,HMF,HMF (mg/ kg),4.0,,,auto_B
PMC11111008,1,15,1,PB2,Brix,° Brix,78.5,,,auto_B
PMC11111008,1,15,2,PB2,aw,Water Activity (aW),0.61,,,auto_B
PMC11111008,1,15,3,PB2,pH,pH,3.66,,,auto_B
PMC11111008,1,15,4,PB2,MGO,MGO (mg/ kg),81.0,,,auto_B
PMC11111008,1,15,5,PB2,DHA,DHA (mg/ kg),102.0,,,auto_B
PMC11111008,1,15,6,PB2,HMF,HMF (mg/ kg),4.0,,,auto_B
PMC11111008,1,16,1,SB1,Brix,° Brix,78.7,,,auto_B
PMC11111008,1,16,2,SB1,aw,Water Activity (aW),0.61,,,auto_B
PMC11111008,1,16,3,SB1,pH,pH,3.72,,,auto_B
PMC11111008,1,16,4,SB1,MGO,MGO (mg/ kg),0.0,,,auto_B
PMC11111008,1,16,5,SB1,DHA,DHA (mg/ kg),0.0,,,auto_B
PMC11111008,1,16,6,SB1,HMF,HMF (mg/ kg),11.0,,,auto_B
PMC11111008,1,17,1,SB2,Brix,° Brix,79.0,,,auto_B
PMC11111008,1,17,2,SB2,aw,Water Activity (aW),0.61,,,auto_B
PMC11111008,1,17,3,SB2,pH,pH,3.63,,,auto_B
PMC11111008,1,17,4,SB2,MGO,MGO (mg/ kg),0.0,,,auto_B
PMC11111008,1,17,5,SB2,DHA,DHA (mg/ kg),0.0,,,auto_B
PMC11111008,1,17,6,SB2,HMF,HMF (mg/ kg),19.0,,,auto_B
PMC11111008,1,18,1,SJ1,Brix,° Brix,78.3,,,auto_B
PMC11111008,1,18,2,SJ1,aw,Water Activity (aW),0.62,,,auto_B
PMC11111008,1,18,3,SJ1,pH,pH,3.46,,,auto_B
PMC11111008,1,18,4,SJ1,MGO,MGO (mg/ kg),0.0,,,auto_B
PMC11111008,1,18,5,SJ1,DHA,DHA (mg/ kg),0.0,,,auto_B
PMC11111008,1,18,6,SJ1,HMF,HMF (mg/ kg),14.0,,,auto_B
PMC11111008,1,19,1,SJ2,Brix,° Brix,76.9,,,auto_B
PMC11111008,1,19,2,SJ2,aw,Water Activity (aW),0.66,,,auto_B
PMC11111008,1,19,3,SJ2,pH,pH,3.61,,,auto_B
PMC11111008,1,19,4,SJ2,MGO,MGO (mg/ kg),0.0,,,auto_B
PMC11111008,1,19,5,SJ2,DHA,DHA (mg/ kg),0.0,,,auto_B
PMC11111008,1,19,6,SJ2,HMF,HMF (mg/ kg),41.0,,,auto_B
PMC11111008,1,20,1,TT1,Brix,° Brix,73.8,,,auto_B
PMC11111008,1,20,2,TT1,aw,Water Activity (aW),0.65,,,auto_B
PMC11111008,1,20,3,TT1,pH,pH,4.05,,,auto_B
PMC11111008,1,20,4,TT1,MGO,MGO (mg/ kg),24.0,,,auto_B
PMC11111008,1,20,5,TT1,DHA,DHA (mg/ kg),31.0,,,auto_B
PMC11111008,1,20,6,TT1,HMF,HMF (mg/ kg),4.0,,,auto_B
PMC11111008,1,21,1,TT2,Brix,° Brix,74.8,,,auto_B
PMC11111008,1,21,2,TT2,aw,Water Activity (aW),0.68,,,auto_B
PMC11111008,1,21,3,TT2,pH,pH,3.97,,,auto_B
PMC11111008,1,21,4,TT2,MGO,MGO (mg/ kg),68.0,,,auto_B
PMC11111008,1,21,5,TT2,DHA,DHA (mg/ kg),129.0,,,auto_B
PMC11111008,1,21,6,TT2,HMF,HMF (mg/ kg),7.0,,,auto_B
PMC11111008,1,22,1,YB1,Brix,° Brix,78.3,,,auto_B
PMC11111008,1,22,2,YB1,aw,Water Activity (aW),0.61,,,auto_B
PMC11111008,1,22,3,YB1,pH,pH,3.74,,,auto_B
PMC11111008,1,22,4,YB1,MGO,MGO (mg/ kg),0.0,,,auto_B
PMC11111008,1,22,5,YB1,DHA,DHA (mg/ kg),0.0,,,auto_B
PMC11111008,1,22,6,YB1,HMF,HMF (mg/ kg),9.0,,,auto_B
PMC11111008,1,23,1,YB2,Brix,° Brix,78.6,,,auto_B
PMC11111008,1,23,2,YB2,aw,Water Activity (aW),0.61,,,auto_B
PMC11111008,1,23,3,YB2,pH,pH,3.71,,,auto_B
PMC11111008,1,23,4,YB2,MGO,MGO (mg/ kg),0.0,,,auto_B
PMC11111008,1,23,5,YB2,DHA,DHA (mg/ kg),0.0,,,auto_B
PMC11111008,1,23,6,YB2,HMF,HMF (mg/ kg),3.0,,,auto_B
PMC11111008,1,24,1,MX1,Brix,° Brix,75.9,,,auto_B
PMC11111008,1,24,2,MX1,aw,Water Activity (aW),0.6,,,auto_B
PMC11111008,1,24,3,MX1,pH,pH,3.74,,,auto_B
PMC11111008,1,24,4,MX1,MGO,MGO (mg/ kg),0.0,,,auto_B
PMC11111008,1,24,5,MX1,DHA,DHA (mg/ kg),0.0,,,auto_B
PMC11111008,1,24,6,MX1,HMF,HMF (mg/ kg),3.0,,,auto_B
PMC11111008,1,25,1,MX2,Brix,° Brix,77.8,,,auto_B
PMC11111008,1,25,2,MX2,aw,Water Activity (aW),0.61,,,auto_B
PMC11111008,1,25,3,MX2,pH,pH,3.86,,,auto_B
PMC11111008,1,25,4,MX2,MGO,MGO (mg/ kg),101.0,,,auto_B
PMC11111008,1,25,5,MX2,DHA,DHA (mg/ kg),276.0,,,auto_B
PMC11111008,1,25,6,MX2,HMF,HMF (mg/ kg),5.0,,,auto_B
PMC11111008,1,27,1,CL1,Brix,° Brix,73.4,,,auto_B
PMC11111008,1,27,2,CL1,aw,Water Activity (aW),0.69,,,auto_B
PMC11111008,1,27,3,CL1,pH,pH,3.65,,,auto_B
PMC11111008,1,27,4,CL1,MGO,MGO (mg/ kg),167.0,,,auto_B
PMC11111008,1,27,5,CL1,DHA,DHA (mg/ kg),136.0,,,auto_B
PMC11111008,1,27,6,CL1,HMF,HMF (mg/ kg),23.0,,,auto_B
PMC11111008,1,28,1,CL2,Brix,° Brix,78.8,,,auto_B
PMC11111008,1,28,2,CL2,aw,Water Activity (aW),0.56,,,auto_B
PMC11111008,1,28,3,CL2,pH,pH,3.73,,,auto_B
PMC11111008,1,28,4,CL2,MGO,MGO (mg/ kg),4.0,,,auto_B
PMC11111008,1,28,5,CL2,DHA,DHA (mg/ kg),2.0,,,auto_B
PMC11111008,1,28,6,CL2,HMF,HMF (mg/ kg),24.0,,,auto_B
PMC11111008,1,29,1,JB1,Brix,° Brix,73.9,,,auto_B
PMC11111008,1,29,2,JB1,aw,Water Activity (aW),0.68,,,auto_B
PMC11111008,1,29,3,JB1,pH,pH,3.67,,,auto_B
PMC11111008,1,29,4,JB1,MGO,MGO (mg/ kg),191.0,,,auto_B
PMC11111008,1,29,5,JB1,DHA,DHA (mg/ kg),232.0,,,auto_B
PMC11111008,1,29,6,JB1,HMF,HMF (mg/ kg),12.0,,,auto_B
PMC11111008,1,30,1,JB2,Brix,° Brix,76.9,,,auto_B
PMC11111008,1,30,2,JB2,aw,Water Activity (aW),0.64,,,auto_B
PMC11111008,1,30,3,JB2,pH,pH,3.66,,,auto_B
PMC11111008,1,30,4,JB2,MGO,MGO (mg/ kg),805.0,,,auto_B
PMC11111008,1,30,5,JB2,DHA,DHA (mg/ kg),1386.0,,,auto_B
PMC11111008,1,30,6,JB2,HMF,HMF (mg/ kg),14.0,,,auto_B
PMC11111008,1,31,1,LE1,Brix,° Brix,74.3,,,auto_B
PMC11111008,1,31,2,LE1,aw,Water Activity (aW),0.65,,,auto_B
PMC11111008,1,31,3,LE1,pH,pH,3.56,,,auto_B
PMC11111008,1,31,4,LE1,MGO,MGO (mg/ kg),479.0,,,auto_B
PMC11111008,1,31,5,LE1,DHA,DHA (mg/ kg),240.0,,,auto_B
PMC11111008,1,31,6,LE1,HMF,HMF (mg/ kg),15.0,,,auto_B
PMC11111008,1,32,1,LE2,Brix,° Brix,72.8,,,auto_B
PMC11111008,1,32,2,LE2,aw,Water Activity (aW),0.69,,,auto_B
PMC11111008,1,32,3,LE2,pH,pH,3.62,,,auto_B
PMC11111008,1,32,4,LE2,MGO,MGO (mg/ kg),250.0,,,auto_B
PMC11111008,1,32,5,LE2,DHA,DHA (mg/ kg),190.0,,,auto_B
PMC11111008,1,32,6,LE2,HMF,HMF (mg/ kg),4.0,,,auto_B
PMC11111008,1,34,1,ART,Brix,° Brix,78.1,,,auto_B
PMC11111008,1,34,2,ART,aw,Water Activity (aW),0.58,,,auto_B
PMC11111008,1,34,3,ART,pH,pH,4.23,,,auto_B
PMC11111008,1,34,4,ART,MGO,MGO (mg/ kg),0.0,,,auto_B
PMC11111008,1,34,5,ART,DHA,DHA (mg/ kg),0.0,,,auto_B
PMC11111008,1,34,6,ART,HMF,HMF (mg/ kg),2.0,,,auto_B
PMC11111008,1,35,1,JAR,Brix,° Brix,83.1,,,auto_B
PMC11111008,1,35,2,JAR,aw,Water Activity (aW),0.54,,,auto_B
PMC11111008,1,35,3,JAR,pH,pH,4.08,,,auto_B
PMC11111008,1,35,4,JAR,MGO,MGO (mg/ kg),0.0,,,auto_B
PMC11111008,1,35,5,JAR,DHA,DHA (mg/ kg),0.0,,,auto_B
PMC11111008,1,35,6,JAR,HMF,HMF (mg/ kg),28.0,,,auto_B
PMC11111008,1,36,1,MAN,Brix,° Brix,79.4,,,auto_B
PMC11111008,1,36,2,MAN,aw,Water Activity (aW),0.6,,,auto_B
PMC11111008,1,36,3,MAN,pH,pH,3.82,,,auto_B
PMC11111008,1,36,4,MAN,MGO,MGO (mg/ kg),657.0,,,auto_B
PMC11111008,1,36,5,MAN,DHA,DHA (mg/ kg),280.0,,,auto_B
PMC11111008,1,36,6,MAN,HMF,HMF (mg/ kg),68.0,,,auto_B
PMC11203921,0,1,1,Orange blossom,pH,pH,3.9,,%,auto_B
PMC11203921,0,1,2,Orange blossom,free_acidity,Acidity,15.5,,%,auto_B
PMC11203921,0,1,3,Orange blossom,moisture,Moisture,17.5,,%,auto_B
PMC11203921,0,2,1,Polyfloral,pH,pH,4.0,,%,auto_B
PMC11203921,0,2,2,Polyfloral,free_acidity,Acidity,22.8,,%,auto_B
PMC11203921,0,2,3,Polyfloral,moisture,Moisture,21.6,,%,auto_B
PMC11203921,0,3,1,Eucalyptus,pH,pH,4.2,,%,auto_B
PMC11203921,0,3,2,Eucalyptus,free_acidity,Acidity,22.8,,%,auto_B
PMC11203921,0,3,3,Eucalyptus,moisture,Moisture,16.0,,%,auto_B
PMC11203921,0,4,1,Rosemary,pH,pH,4.1,,%,auto_B
PMC11203921,0,4,2,Rosemary,free_acidity,Acidity,16.0,,%,auto_B
PMC11203921,0,4,3,Rosemary,moisture,Moisture,16.1,,%,auto_B
PMC11203921,0,5,1,Thyme,pH,pH,4.0,,%,auto_B
PMC11203921,0,5,2,Thyme,free_acidity,Acidity,25.8,,%,auto_B
PMC11203921,0,5,3,Thyme,moisture,Moisture,16.4,,%,auto_B
PMC11203921,0,6,1,Heather,pH,pH,4.4,,%,auto_B
PMC11203921,0,6,2,Heather,free_acidity,Acidity,44.0,,%,auto_B
PMC11203921,0,6,3,Heather,moisture,Moisture,16.2,,%,auto_B
PMC11279380,2,1,1,H1,pH,pH,3.34,,%,auto_B
PMC11279380,2,1,2,H1,free_acidity,Free Acidity (meq/kg),13.0,,%,auto_B
PMC11279380,2,1,3,H1,Brix,Brix Degree (%),80.2,,%,auto_B
PMC11279380,2,1,4,H1,moisture,Water Content(%),19.8,,%,auto_B
PMC11279380,2,1,5,H1,density,Density at 20 °C(g/mL),1.412,,%,auto_B
PMC11279380,2,1,7,H1,electrical_cond,Conductivity (mS/cm),0.199,,%,auto_B
PMC11279380,2,1,8,H1,HMF,HydroxymethylfurfuraleHMF (mg/Kg),37.5,,%,auto_B
PMC11279380,2,1,9,H1,color,"Color Intensity, ABS450 (mAU, 50 w/v)",1202.0,,%,auto_B
PMC11279380,2,2,1,H2,pH,pH,3.09,,%,auto_B
PMC11279380,2,2,2,H2,free_acidity,Free Acidity (meq/kg),11.0,,%,auto_B
PMC11279380,2,2,3,H2,Brix,Brix Degree (%),81.2,,%,auto_B
PMC11279380,2,2,4,H2,moisture,Water Content(%),18.8,,%,auto_B
PMC11279380,2,2,5,H2,density,Density at 20 °C(g/mL),1.421,,%,auto_B
PMC11279380,2,2,7,H2,electrical_cond,Conductivity (mS/cm),0.473,,%,auto_B
PMC11279380,2,2,8,H2,HMF,HydroxymethylfurfuraleHMF (mg/Kg),35.5,,%,auto_B
PMC11279380,2,2,9,H2,color,"Color Intensity, ABS450 (mAU, 50 w/v)",622.0,,%,auto_B
PMC11279380,2,3,1,H3,pH,pH,3.51,,%,auto_B
PMC11279380,2,3,2,H3,free_acidity,Free Acidity (meq/kg),8.0,,%,auto_B
PMC11279380,2,3,3,H3,Brix,Brix Degree (%),82.1,,%,auto_B
PMC11279380,2,3,4,H3,moisture,Water Content(%),17.9,,%,auto_B
PMC11279380,2,3,5,H3,density,Density at 20 °C(g/mL),1.437,,%,auto_B
PMC11279380,2,3,7,H3,electrical_cond,Conductivity (mS/cm),0.372,,%,auto_B
PMC11279380,2,3,8,H3,HMF,HydroxymethylfurfuraleHMF (mg/Kg),30.34,,%,auto_B
PMC11279380,2,3,9,H3,color,"Color Intensity, ABS450 (mAU, 50 w/v)",558.0,,%,auto_B
PMC11279380,2,4,1,H4,pH,pH,2.91,,%,auto_B
PMC11279380,2,4,2,H4,free_acidity,Free Acidity (meq/kg),9.0,,%,auto_B
PMC11279380,2,4,3,H4,Brix,Brix Degree (%),81.2,,%,auto_B
PMC11279380,2,4,4,H4,moisture,Water Content(%),18.8,,%,auto_B
PMC11279380,2,4,5,H4,density,Density at 20 °C(g/mL),1.426,,%,auto_B
PMC11279380,2,4,7,H4,electrical_cond,Conductivity (mS/cm),0.256,,%,auto_B
PMC11279380,2,4,8,H4,HMF,HydroxymethylfurfuraleHMF (mg/Kg),48.65,,%,auto_B
PMC11279380,2,4,9,H4,color,"Color Intensity, ABS450 (mAU, 50 w/v)",313.0,,%,auto_B
PMC11279380,2,5,4,Codex Alimentarius standards 2001siem [42],moisture,Water Content(%),20.0,le,%,auto_B
PMC11561629,2,1,1,JUB1,moisture,Moisture (%),15.7,,%,auto_B
PMC11561629,2,1,2,JUB1,electrical_cond,Conductivity (μs per cm),0.427,,%,auto_B
PMC11561629,2,1,3,JUB1,pH,pH,3.94,,%,auto_B
PMC11561629,2,1,4,JUB1,free_acidity,Free acidity (meq/kg),18.1,,%,auto_B
PMC11561629,2,1,5,JUB1,HMF,HMF (mg per kg),25.5,,%,auto_B
PMC11561629,2,2,1,JUB2,moisture,Moisture (%),16.3,,%,auto_B
PMC11561629,2,2,2,JUB2,electrical_cond,Conductivity (μs per cm),0.594,,%,auto_B
PMC11561629,2,2,3,JUB2,pH,pH,4.21,,%,auto_B
PMC11561629,2,2,4,JUB2,free_acidity,Free acidity (meq/kg),16.6,,%,auto_B
PMC11561629,2,2,5,JUB2,HMF,HMF (mg per kg),16.3,,%,auto_B
PMC11561629,2,3,1,JUB3,moisture,Moisture (%),15.4,,%,auto_B
PMC11561629,2,3,2,JUB3,electrical_cond,Conductivity (μs per cm),0.507,,%,auto_B
PMC11561629,2,3,3,JUB3,pH,pH,5.79,,%,auto_B
PMC11561629,2,3,5,JUB3,HMF,HMF (mg per kg),2.5,,%,auto_B
PMC11561629,2,4,1,JUB4,moisture,Moisture (%),15.1,,%,auto_B
PMC11561629,2,4,2,JUB4,electrical_cond,Conductivity (μs per cm),0.467,,%,auto_B
PMC11561629,2,4,3,JUB4,pH,pH,4.17,,%,auto_B
PMC11561629,2,4,4,JUB4,free_acidity,Free acidity (meq/kg),15.1,,%,auto_B
PMC11561629,2,4,5,JUB4,HMF,HMF (mg per kg),29.2,,%,auto_B
PMC11561629,2,5,1,JUB5,moisture,Moisture (%),18.6,,%,auto_B
PMC11561629,2,5,2,JUB5,electrical_cond,Conductivity (μs per cm),0.607,,%,auto_B
PMC11561629,2,5,3,JUB5,pH,pH,4.82,,%,auto_B
PMC11561629,2,5,4,JUB5,free_acidity,Free acidity (meq/kg),7.2,,%,auto_B
PMC11561629,2,5,5,JUB5,HMF,HMF (mg per kg),40.0,,%,auto_B
PMC11561629,2,6,1,JUB6,moisture,Moisture (%),15.6,,%,auto_B
PMC11561629,2,6,2,JUB6,electrical_cond,Conductivity (μs per cm),0.649,,%,auto_B
PMC11561629,2,6,3,JUB6,pH,pH,6.34,,%,auto_B
PMC11561629,2,6,5,JUB6,HMF,HMF (mg per kg),1.7,,%,auto_B
PMC11561629,2,7,1,JUB7,moisture,Moisture (%),17.0,,%,auto_B
PMC11561629,2,7,2,JUB7,electrical_cond,Conductivity (μs per cm),0.527,,%,auto_B
PMC11561629,2,7,3,JUB7,pH,pH,5.65,,%,auto_B
PMC11561629,2,7,5,JUB7,HMF,HMF (mg per kg),1.2,,%,auto_B
PMC11561629,2,8,1,JUB8,moisture,Moisture (%),14.5,,%,auto_B
PMC11561629,2,8,2,JUB8,electrical_cond,Conductivity (μs per cm),0.664,,%,auto_B
PMC11561629,2,8,3,JUB8,pH,pH,4.78,,%,auto_B
PMC11561629,2,8,4,JUB8,free_acidity,Free acidity (meq/kg),7.8,,%,auto_B
PMC11561629,2,8,5,JUB8,HMF,HMF (mg per kg),3.3,,%,auto_B
PMC11561629,2,9,1,JUB9,moisture,Moisture (%),13.7,,%,auto_B
PMC11561629,2,9,2,JUB9,electrical_cond,Conductivity (μs per cm),0.612,,%,auto_B
PMC11561629,2,9,3,JUB9,pH,pH,5.94,,%,auto_B
PMC11561629,2,9,5,JUB9,HMF,HMF (mg per kg),1.1,,%,auto_B
PMC11561629,2,10,1,JUB10,moisture,Moisture (%),15.2,,%,auto_B
PMC11561629,2,10,2,JUB10,electrical_cond,Conductivity (μs per cm),0.714,,%,auto_B
PMC11561629,2,10,3,JUB10,pH,pH,6.41,,%,auto_B
PMC11561629,2,10,5,JUB10,HMF,HMF (mg per kg),1.7,,%,auto_B
PMC11561629,2,11,1,JUB11,moisture,Moisture (%),15.2,,%,auto_B
PMC11561629,2,11,2,JUB11,electrical_cond,Conductivity (μs per cm),0.407,,%,auto_B
PMC11561629,2,11,3,JUB11,pH,pH,4.1,,%,auto_B
PMC11561629,2,11,4,JUB11,free_acidity,Free acidity (meq/kg),13.8,,%,auto_B
PMC11561629,2,11,5,JUB11,HMF,HMF (mg per kg),4.2,,%,auto_B
PMC11561629,2,12,1,JUB12,moisture,Moisture (%),15.6,,%,auto_B
PMC11561629,2,12,2,JUB12,electrical_cond,Conductivity (μs per cm),0.615,,%,auto_B
PMC11561629,2,12,3,JUB12,pH,pH,5.08,,%,auto_B
PMC11561629,2,12,4,JUB12,free_acidity,Free acidity (meq/kg),8.4,,%,auto_B
PMC11561629,2,12,5,JUB12,HMF,HMF (mg per kg),1.4,,%,auto_B
PMC11675739,0,1,1,S1,TPC,TPC *(mg GAE/100 g),24.17,,mg/mL,auto_B
PMC11675739,0,1,2,S1,TFC,TFC *(mg QE/100 g),0.07,,mg/mL,auto_B
PMC11675739,0,1,3,S1,pH,pH *,3.61,,mg/mL,auto_B
PMC11675739,0,2,1,S2,TPC,TPC *(mg GAE/100 g),39.14,,mg/mL,auto_B
PMC11675739,0,2,2,S2,TFC,TFC *(mg QE/100 g),6.11,,mg/mL,auto_B
PMC11675739,0,2,3,S2,pH,pH *,3.38,,mg/mL,auto_B
PMC11675739,0,3,1,S3,TPC,TPC *(mg GAE/100 g),57.64,,mg/mL,auto_B
PMC11675739,0,3,2,S3,TFC,TFC *(mg QE/100 g),2.47,,mg/mL,auto_B
PMC11675739,0,3,3,S3,pH,pH *,3.88,,mg/mL,auto_B
PMC11675739,0,4,1,S4,TPC,TPC *(mg GAE/100 g),82.49,,mg/mL,auto_B
PMC11675739,0,4,2,S4,TFC,TFC *(mg QE/100 g),26.49,,mg/mL,auto_B
PMC11675739,0,4,3,S4,pH,pH *,4.96,,mg/mL,auto_B
PMC11675739,0,5,1,S5,TPC,TPC *(mg GAE/100 g),42.91,,mg/mL,auto_B
PMC11675739,0,5,2,S5,TFC,TFC *(mg QE/100 g),9.35,,mg/mL,auto_B
PMC11675739,0,5,3,S5,pH,pH *,5.62,,mg/mL,auto_B
PMC11675739,0,6,1,S6,TPC,TPC *(mg GAE/100 g),71.18,,mg/mL,auto_B
PMC11675739,0,6,2,S6,TFC,TFC *(mg QE/100 g),17.26,,mg/mL,auto_B
PMC11675739,0,6,3,S6,pH,pH *,3.99,,mg/mL,auto_B
PMC11675739,0,7,1,S7,TPC,TPC *(mg GAE/100 g),57.45,,mg/mL,auto_B
PMC11675739,0,7,2,S7,TFC,TFC *(mg QE/100 g),1.63,,mg/mL,auto_B
PMC11675739,0,7,3,S7,pH,pH *,4.3,,mg/mL,auto_B
PMC11675739,0,8,1,S8,TPC,TPC *(mg GAE/100 g),54.82,,mg/mL,auto_B
PMC11675739,0,8,2,S8,TFC,TFC *(mg QE/100 g),4.85,,mg/mL,auto_B
PMC11675739,0,8,3,S8,pH,pH *,4.28,,mg/mL,auto_B
PMC11675739,0,9,1,S9,TPC,TPC *(mg GAE/100 g),40.19,,mg/mL,auto_B
PMC11675739,0,9,2,S9,TFC,TFC *(mg QE/100 g),9.08,,mg/mL,auto_B
PMC11675739,0,9,3,S9,pH,pH *,4.64,,mg/mL,auto_B
PMC11675739,0,10,1,S10,TPC,TPC *(mg GAE/100 g),77.77,,mg/mL,auto_B
PMC11675739,0,10,2,S10,TFC,TFC *(mg QE/100 g),19.1,,mg/mL,auto_B
PMC11675739,0,10,3,S10,pH,pH *,4.5,,mg/mL,auto_B
PMC11675739,0,11,1,S11,TPC,TPC *(mg GAE/100 g),44.25,,mg/mL,auto_B
PMC11675739,0,11,2,S11,TFC,TFC *(mg QE/100 g),5.76,,mg/mL,auto_B
PMC11675739,0,11,3,S11,pH,pH *,4.6,,mg/mL,auto_B
PMC11675739,0,12,1,S12,TPC,TPC *(mg GAE/100 g),122.15,,mg/mL,auto_B
PMC11675739,0,12,2,S12,TFC,TFC *(mg QE/100 g),33.49,,mg/mL,auto_B
PMC11675739,0,12,3,S12,pH,pH *,4.36,,mg/mL,auto_B
PMC11675739,0,13,1,S13,TPC,TPC *(mg GAE/100 g),52.23,,mg/mL,auto_B
PMC11675739,0,13,2,S13,TFC,TFC *(mg QE/100 g),13.37,,mg/mL,auto_B
PMC11675739,0,13,3,S13,pH,pH *,4.11,,mg/mL,auto_B
PMC11675739,0,14,1,S14,TPC,TPC *(mg GAE/100 g),56.55,,mg/mL,auto_B
PMC11675739,0,14,2,S14,TFC,TFC *(mg QE/100 g),9.54,,mg/mL,auto_B
PMC11675739,0,14,3,S14,pH,pH *,4.63,,mg/mL,auto_B
PMC11675739,0,15,1,S15,TPC,TPC *(mg GAE/100 g),57.23,,mg/mL,auto_B
PMC11675739,0,15,2,S15,TFC,TFC *(mg QE/100 g),19.15,,mg/mL,auto_B
PMC11675739,0,15,3,S15,pH,pH *,4.28,,mg/mL,auto_B
PMC11675739,0,16,1,S16,TPC,TPC *(mg GAE/100 g),38.25,,mg/mL,auto_B
PMC11675739,0,16,2,S16,TFC,TFC *(mg QE/100 g),2.4,,mg/mL,auto_B
PMC11675739,0,16,3,S16,pH,pH *,4.28,,mg/mL,auto_B
PMC11675739,0,17,1,S17,TPC,TPC *(mg GAE/100 g),48.9,,mg/mL,auto_B
PMC11675739,0,17,2,S17,TFC,TFC *(mg QE/100 g),2.22,,mg/mL,auto_B
PMC11675739,0,17,3,S17,pH,pH *,4.62,,mg/mL,auto_B
PMC11675739,0,18,1,S18,TPC,TPC *(mg GAE/100 g),67.22,,mg/mL,auto_B
PMC11675739,0,18,2,S18,TFC,TFC *(mg QE/100 g),4.79,,mg/mL,auto_B
PMC11675739,0,18,3,S18,pH,pH *,3.77,,mg/mL,auto_B
PMC11675739,0,19,1,S19,TPC,TPC *(mg GAE/100 g),39.62,,mg/mL,auto_B
PMC11675739,0,19,2,S19,TFC,TFC *(mg QE/100 g),5.04,,mg/mL,auto_B
PMC11675739,0,19,3,S19,pH,pH *,5.12,,mg/mL,auto_B
PMC11675739,0,20,1,S20,TPC,TPC *(mg GAE/100 g),32.87,,mg/mL,auto_B
PMC11675739,0,20,2,S20,TFC,TFC *(mg QE/100 g),5.53,,mg/mL,auto_B
PMC11675739,0,20,3,S20,pH,pH *,4.4,,mg/mL,auto_B
PMC11675739,0,21,1,S21,TPC,TPC *(mg GAE/100 g),61.57,,mg/mL,auto_B
PMC11675739,0,21,2,S21,TFC,TFC *(mg QE/100 g),7.11,,mg/mL,auto_B
PMC11675739,0,21,3,S21,pH,pH *,4.19,,mg/mL,auto_B
PMC11675739,0,22,1,S22,TPC,TPC *(mg GAE/100 g),55.04,,mg/mL,auto_B
PMC11675739,0,22,2,S22,TFC,TFC *(mg QE/100 g),8.57,,mg/mL,auto_B
PMC11675739,0,22,3,S22,pH,pH *,4.51,,mg/mL,auto_B
PMC11675739,0,23,1,S23,TPC,TPC *(mg GAE/100 g),48.69,,mg/mL,auto_B
PMC11675739,0,23,2,S23,TFC,TFC *(mg QE/100 g),13.37,,mg/mL,auto_B
PMC11675739,0,23,3,S23,pH,pH *,4.27,,mg/mL,auto_B
PMC11675739,0,24,1,S24,TPC,TPC *(mg GAE/100 g),33.5,,mg/mL,auto_B
PMC11675739,0,24,2,S24,TFC,TFC *(mg QE/100 g),4.4,,mg/mL,auto_B
PMC11675739,0,24,3,S24,pH,pH *,3.88,,mg/mL,auto_B
PMC11675739,0,25,1,S25,TPC,TPC *(mg GAE/100 g),43.34,,mg/mL,auto_B
PMC11675739,0,25,2,S25,TFC,TFC *(mg QE/100 g),9.4,,mg/mL,auto_B
PMC11675739,0,25,3,S25,pH,pH *,4.1,,mg/mL,auto_B
PMC11675739,0,26,1,S26,TPC,TPC *(mg GAE/100 g),28.37,,mg/mL,auto_B
PMC11675739,0,26,2,S26,TFC,TFC *(mg QE/100 g),6.57,,mg/mL,auto_B
PMC11675739,0,26,3,S26,pH,pH *,4.7,,mg/mL,auto_B
PMC11675739,0,27,1,S27,TPC,TPC *(mg GAE/100 g),46.53,,mg/mL,auto_B
PMC11675739,0,27,2,S27,TFC,TFC *(mg QE/100 g),10.84,,mg/mL,auto_B
PMC11675739,0,27,3,S27,pH,pH *,4.29,,mg/mL,auto_B
PMC11675739,0,28,1,S28,TPC,TPC *(mg GAE/100 g),41.95,,mg/mL,auto_B
PMC11675739,0,28,2,S28,TFC,TFC *(mg QE/100 g),1.79,,mg/mL,auto_B
PMC11675739,0,28,3,S28,pH,pH *,4.65,,mg/mL,auto_B
PMC11675739,0,29,1,S29,TPC,TPC *(mg GAE/100 g),36.52,,mg/mL,auto_B
PMC11675739,0,29,2,S29,TFC,TFC *(mg QE/100 g),2.94,,mg/mL,auto_B
PMC11675739,0,29,3,S29,pH,pH *,4.19,,mg/mL,auto_B
PMC11675739,0,30,1,S30,TPC,TPC *(mg GAE/100 g),36.37,,mg/mL,auto_B
PMC11675739,0,30,2,S30,TFC,TFC *(mg QE/100 g),13.37,,mg/mL,auto_B
PMC11675739,0,30,3,S30,pH,pH *,4.0,,mg/mL,auto_B
PMC11675739,0,31,1,S31,TPC,TPC *(mg GAE/100 g),48.47,,mg/mL,auto_B
PMC11675739,0,31,2,S31,TFC,TFC *(mg QE/100 g),13.34,,mg/mL,auto_B
PMC11675739,0,31,3,S31,pH,pH *,3.94,,mg/mL,auto_B
PMC11675739,0,32,1,S32,TPC,TPC *(mg GAE/100 g),40.27,,mg/mL,auto_B
PMC11675739,0,32,2,S32,TFC,TFC *(mg QE/100 g),12.65,,mg/mL,auto_B
PMC11675739,0,32,3,S32,pH,pH *,4.69,,mg/mL,auto_B
PMC11675739,0,33,1,S33,TPC,TPC *(mg GAE/100 g),42.22,,mg/mL,auto_B
PMC11675739,0,33,2,S33,TFC,TFC *(mg QE/100 g),7.33,,mg/mL,auto_B
PMC11675739,0,33,3,S33,pH,pH *,5.31,,mg/mL,auto_B
PMC11675739,0,34,1,S34,TPC,TPC *(mg GAE/100 g),42.09,,mg/mL,auto_B
PMC11675739,0,34,2,S34,TFC,TFC *(mg QE/100 g),11.27,,mg/mL,auto_B
PMC11675739,0,34,3,S34,pH,pH *,4.56,,mg/mL,auto_B
PMC11675739,0,35,1,S35,TPC,TPC *(mg GAE/100 g),36.43,,mg/mL,auto_B
PMC11675739,0,35,2,S35,TFC,TFC *(mg QE/100 g),9.64,,mg/mL,auto_B
PMC11675739,0,35,3,S35,pH,pH *,4.99,,mg/mL,auto_B
PMC11675739,0,36,1,S36,TPC,TPC *(mg GAE/100 g),32.23,,mg/mL,auto_B
PMC11675739,0,36,2,S36,TFC,TFC *(mg QE/100 g),3.35,,mg/mL,auto_B
PMC11675739,0,36,3,S36,pH,pH *,5.01,,mg/mL,auto_B
PMC11675739,0,37,1,S37,TPC,TPC *(mg GAE/100 g),49.85,,mg/mL,auto_B
PMC11675739,0,37,2,S37,TFC,TFC *(mg QE/100 g),4.01,,mg/mL,auto_B
PMC11675739,0,37,3,S37,pH,pH *,4.44,,mg/mL,auto_B
PMC11675739,1,1,1,TPC,TPC,TPC,1.0,,,auto_B
PMC11675739,1,2,2,TFC,TFC,TFC,1.0,,,auto_B
PMC11675739,1,3,2,pH,TFC,TFC,0.093,,,auto_B
PMC11675739,1,3,3,pH,pH,pH,1.0,,,auto_B
PMC11675739,1,4,1,EC,TPC,TPC,0.152,,,auto_B
PMC11675739,1,4,2,EC,TFC,TFC,0.179,,,auto_B
PMC11675739,1,4,3,EC,pH,pH,0.034,,,auto_B
PMC11675739,1,6,3,ABTS,pH,pH,0.141,,,auto_B
PMC11675739,1,7,3,β-Carotene,pH,pH,0.165,,,auto_B
PMC11675739,1,8,1,FRAP value,TPC,TPC,0.229,,,auto_B
PMC11675739,1,8,2,FRAP value,TFC,TFC,0.163,,,auto_B
PMC11682447,1,2,1,1,pH,pH,4.26,,mm,auto_B
PMC11682447,1,2,2,1,free_acidity,Acidity (mEq/kg),21.0,,mm,auto_B
PMC11682447,1,2,3,1,electrical_cond,Conductivity (mS/cm),0.307,,mm,auto_B
PMC11682447,1,2,5,1,moisture,Water content (%),17.3,,mm,auto_B
PMC11682447,1,2,6,1,HMF,HMF (mg/kg),23.5,,mm,auto_B
PMC11682447,1,2,7,1,diastase,Diastase number (DN),9.41,,mm,auto_B
PMC11682447,1,3,1,2,pH,pH,4.69,,mm,auto_B
PMC11682447,1,3,2,2,free_acidity,Acidity (mEq/kg),22.35,,mm,auto_B
PMC11682447,1,3,3,2,electrical_cond,Conductivity (mS/cm),0.312,,mm,auto_B
PMC11682447,1,3,4,2,color,Color in Pfund scale (mm Pfund),105.0,,mm,auto_B
PMC11682447,1,3,5,2,moisture,Water content (%),18.0,,mm,auto_B
PMC11682447,1,3,6,2,HMF,HMF (mg/kg),5.26,,mm,auto_B
PMC11682447,1,3,7,2,diastase,Diastase number (DN),4.62,,mm,auto_B
PMC11682447,1,5,1,3,pH,pH,4.69,,mm,auto_B
PMC11682447,1,5,2,3,free_acidity,Acidity (mEq/kg),34.25,,mm,auto_B
PMC11682447,1,5,3,3,electrical_cond,Conductivity (mS/cm),0.92,,mm,auto_B
PMC11682447,1,5,4,3,color,Color in Pfund scale (mm Pfund),104.0,,mm,auto_B
PMC11682447,1,5,5,3,moisture,Water content (%),17.9,,mm,auto_B
PMC11682447,1,5,6,3,HMF,HMF (mg/kg),3.24,,mm,auto_B
PMC11682447,1,5,7,3,diastase,Diastase number (DN),14.27,,mm,auto_B
PMC11682447,1,6,1,4,pH,pH,4.75,,mm,auto_B
PMC11682447,1,6,2,4,free_acidity,Acidity (mEq/kg),39.0,,mm,auto_B
PMC11682447,1,6,3,4,electrical_cond,Conductivity (mS/cm),0.871,,mm,auto_B
PMC11682447,1,6,4,4,color,Color in Pfund scale (mm Pfund),117.0,,mm,auto_B
PMC11682447,1,6,5,4,moisture,Water content (%),18.1,,mm,auto_B
PMC11682447,1,6,6,4,HMF,HMF (mg/kg),1.59,,mm,auto_B
PMC11682447,1,6,7,4,diastase,Diastase number (DN),23.44,,mm,auto_B
PMC11682447,1,7,1,5,pH,pH,4.83,,mm,auto_B
PMC11682447,1,7,2,5,free_acidity,Acidity (mEq/kg),45.25,,mm,auto_B
PMC11682447,1,7,3,5,electrical_cond,Conductivity (mS/cm),0.939,,mm,auto_B
PMC11682447,1,7,4,5,color,Color in Pfund scale (mm Pfund),72.0,,mm,auto_B
PMC11682447,1,7,5,5,moisture,Water content (%),18.1,,mm,auto_B
PMC11682447,1,7,6,5,HMF,HMF (mg/kg),3.36,,mm,auto_B
PMC11682447,1,7,7,5,diastase,Diastase number (DN),17.56,,mm,auto_B
PMC11682447,1,8,1,6,pH,pH,4.59,,mm,auto_B
PMC11682447,1,8,2,6,free_acidity,Acidity (mEq/kg),28.85,,mm,auto_B
PMC11682447,1,8,3,6,electrical_cond,Conductivity (mS/cm),0.957,,mm,auto_B
PMC11682447,1,8,4,6,color,Color in Pfund scale (mm Pfund),95.0,,mm,auto_B
PMC11682447,1,8,5,6,moisture,Water content (%),17.7,,mm,auto_B
PMC11682447,1,8,6,6,HMF,HMF (mg/kg),3.14,,mm,auto_B
PMC11682447,1,8,7,6,diastase,Diastase number (DN),18.92,,mm,auto_B
PMC11682447,1,9,1,7,pH,pH,4.83,,mm,auto_B
PMC11682447,1,9,2,7,free_acidity,Acidity (mEq/kg),31.0,,mm,auto_B
PMC11682447,1,9,3,7,electrical_cond,Conductivity (mS/cm),1.06,,mm,auto_B
PMC11682447,1,9,4,7,color,Color in Pfund scale (mm Pfund),107.0,,mm,auto_B
PMC11682447,1,9,5,7,moisture,Water content (%),18.9,,mm,auto_B
PMC11682447,1,9,6,7,HMF,HMF (mg/kg),1.27,,mm,auto_B
PMC11682447,1,9,7,7,diastase,Diastase number (DN),23.48,,mm,auto_B
PMC11682447,1,10,1,8,pH,pH,4.46,,mm,auto_B
PMC11682447,1,10,2,8,free_acidity,Acidity (mEq/kg),24.05,,mm,auto_B
PMC11682447,1,10,3,8,electrical_cond,Conductivity (mS/cm),0.87,,mm,auto_B
PMC11682447,1,10,4,8,color,Color in Pfund scale (mm Pfund),90.0,,mm,auto_B
PMC11682447,1,10,5,8,moisture,Water content (%),18.2,,mm,auto_B
PMC11682447,1,10,6,8,HMF,HMF (mg/kg),4.74,,mm,auto_B
PMC11682447,1,10,7,8,diastase,Diastase number (DN),15.34,,mm,auto_B
PMC11682447,1,11,1,9,pH,pH,5.22,,mm,auto_B
PMC11682447,1,11,2,9,free_acidity,Acidity (mEq/kg),26.5,,mm,auto_B
PMC11682447,1,11,3,9,electrical_cond,Conductivity (mS/cm),1.155,,mm,auto_B
PMC11682447,1,11,4,9,color,Color in Pfund scale (mm Pfund),107.0,,mm,auto_B
PMC11682447,1,11,5,9,moisture,Water content (%),16.0,,mm,auto_B
PMC11682447,1,11,6,9,HMF,HMF (mg/kg),5.05,,mm,auto_B
PMC11682447,1,11,7,9,diastase,Diastase number (DN),12.4,,mm,auto_B
PMC11682447,1,12,1,10,pH,pH,4.98,,mm,auto_B
PMC11682447,1,12,2,10,free_acidity,Acidity (mEq/kg),24.4,,mm,auto_B
PMC11682447,1,12,3,10,electrical_cond,Conductivity (mS/cm),0.967,,mm,auto_B
PMC11682447,1,12,4,10,color,Color in Pfund scale (mm Pfund),94.0,,mm,auto_B
PMC11682447,1,12,5,10,moisture,Water content (%),19.8,,mm,auto_B
PMC11682447,1,12,6,10,HMF,HMF (mg/kg),5.89,,mm,auto_B
PMC11682447,1,12,7,10,diastase,Diastase number (DN),12.54,,mm,auto_B
PMC11682447,1,13,1,11,pH,pH,4.56,,mm,auto_B
PMC11682447,1,13,2,11,free_acidity,Acidity (mEq/kg),31.3,,mm,auto_B
PMC11682447,1,13,3,11,electrical_cond,Conductivity (mS/cm),0.869,,mm,auto_B
PMC11682447,1,13,4,11,color,Color in Pfund scale (mm Pfund),122.0,,mm,auto_B
PMC11682447,1,13,5,11,moisture,Water content (%),17.8,,mm,auto_B
PMC11682447,1,13,6,11,HMF,HMF (mg/kg),0.98,,mm,auto_B
PMC11682447,1,13,7,11,diastase,Diastase number (DN),18.35,,mm,auto_B
PMC11682447,1,14,1,12,pH,pH,4.88,,mm,auto_B
PMC11682447,1,14,2,12,free_acidity,Acidity (mEq/kg),30.9,,mm,auto_B
PMC11682447,1,14,3,12,electrical_cond,Conductivity (mS/cm),1.069,,mm,auto_B
PMC11682447,1,14,4,12,color,Color in Pfund scale (mm Pfund),90.0,,mm,auto_B
PMC11682447,1,14,5,12,moisture,Water content (%),19.2,,mm,auto_B
PMC11682447,1,14,6,12,HMF,HMF (mg/kg),0.88,,mm,auto_B
PMC11682447,1,14,7,12,diastase,Diastase number (DN),14.75,,mm,auto_B
PMC11682447,1,15,1,Mean ± SD*,pH,pH,4.78,,mm,auto_B
PMC11682447,1,15,2,Mean ± SD*,free_acidity,Acidity (mEq/kg),31.55,,mm,auto_B
PMC11682447,1,15,3,Mean ± SD*,electrical_cond,Conductivity (mS/cm),0.97,,mm,auto_B
PMC11682447,1,15,4,Mean ± SD*,color,Color in Pfund scale (mm Pfund),99.8,,mm,auto_B
PMC11682447,1,15,5,Mean ± SD*,moisture,Water content (%),18.17,,mm,auto_B
PMC11682447,1,15,6,Mean ± SD*,HMF,HMF (mg/kg),3.01,,mm,auto_B
PMC11682447,1,15,7,Mean ± SD*,diastase,Diastase number (DN),17.11,,mm,auto_B
PMC11682447,1,16,2,Applicable EU limits (Directive 2014),free_acidity,Acidity (mEq/kg),50.0,lt,mm,auto_B
PMC11682447,1,16,3,Applicable EU limits (Directive 2014),electrical_cond,Conductivity (mS/cm),0.8,gt,mm,auto_B
PMC11682447,1,16,5,Applicable EU limits (Directive 2014),moisture,Water content (%),20.0,,%,auto_B
PMC11682447,1,16,6,Applicable EU limits (Directive 2014),HMF,HMF (mg/kg),40.0,lt,mm,auto_B
PMC11682447,1,16,7,Applicable EU limits (Directive 2014),diastase,Diastase number (DN),8.0,ge,mm,auto_B
PMC11682447,1,18,1,M-1,pH,pH,4.64,,mm,auto_B
PMC11682447,1,18,2,M-1,free_acidity,Acidity (mEq/kg),17.05,,mm,auto_B
PMC11682447,1,18,3,M-1,electrical_cond,Conductivity (mS/cm),0.673,,mm,auto_B
PMC11682447,1,18,4,M-1,color,Color in Pfund scale (mm Pfund),150.0,,mm,auto_B
PMC11682447,1,18,5,M-1,moisture,Water content (%),16.2,,mm,auto_B
PMC11682447,1,18,6,M-1,HMF,HMF (mg/kg),4.84,,mm,auto_B
PMC11682447,1,18,7,M-1,diastase,Diastase number (DN),7.39,,mm,auto_B
PMC11682447,1,19,1,M-2,pH,pH,4.37,,mm,auto_B
PMC11682447,1,19,2,M-2,free_acidity,Acidity (mEq/kg),18.9,,mm,auto_B
PMC11682447,1,19,3,M-2,electrical_cond,Conductivity (mS/cm),0.535,,mm,auto_B
PMC11682447,1,19,4,M-2,color,Color in Pfund scale (mm Pfund),141.0,,mm,auto_B
PMC11682447,1,19,5,M-2,moisture,Water content (%),17.4,,mm,auto_B
PMC11682447,1,19,6,M-2,HMF,HMF (mg/kg),5.66,,mm,auto_B
PMC11682447,1,19,7,M-2,diastase,Diastase number (DN),6.72,,mm,auto_B
PMC11682447,1,20,1,M-3,pH,pH,4.39,,mm,auto_B
PMC11682447,1,20,2,M-3,free_acidity,Acidity (mEq/kg),17.9,,mm,auto_B
PMC11682447,1,20,3,M-3,electrical_cond,Conductivity (mS/cm),0.458,,mm,auto_B
PMC11682447,1,20,5,M-3,moisture,Water content (%),16.0,,mm,auto_B
PMC11682447,1,20,6,M-3,HMF,HMF (mg/kg),7.49,,mm,auto_B
PMC11682447,1,20,7,M-3,diastase,Diastase number (DN),5.77,,mm,auto_B
PMC11682447,1,21,1,M-4,pH,pH,4.33,,mm,auto_B
PMC11682447,1,21,2,M-4,free_acidity,Acidity (mEq/kg),20.0,,mm,auto_B
PMC11682447,1,21,3,M-4,electrical_cond,Conductivity (mS/cm),0.457,,mm,auto_B
PMC11682447,1,21,4,M-4,color,Color in Pfund scale (mm Pfund),149.0,,mm,auto_B
PMC11682447,1,21,5,M-4,moisture,Water content (%),15.5,,mm,auto_B
PMC11682447,1,21,6,M-4,HMF,HMF (mg/kg),4.28,,mm,auto_B
PMC11682447,1,21,7,M-4,diastase,Diastase number (DN),6.47,,mm,auto_B
PMC11682447,1,22,1,Mean ± SD*,pH,pH,4.43,,mm,auto_B
PMC11682447,1,22,2,Mean ± SD*,free_acidity,Acidity (mEq/kg),18.46,,mm,auto_B
PMC11682447,1,22,3,Mean ± SD*,electrical_cond,Conductivity (mS/cm),0.531,,mm,auto_B
PMC11682447,1,22,4,Mean ± SD*,color,Color in Pfund scale (mm Pfund),147.5,,mm,auto_B
PMC11682447,1,22,5,Mean ± SD*,moisture,Water content (%),16.28,,mm,auto_B
PMC11682447,1,22,6,Mean ± SD*,HMF,HMF (mg/kg),5.57,,mm,auto_B
PMC11682447,1,22,7,Mean ± SD*,diastase,Diastase number (DN),6.59,,mm,auto_B
PMC11682447,1,23,2,Applicable EU limits (Directive 2014),free_acidity,Acidity (mEq/kg),50.0,lt,mm,auto_B
PMC11682447,1,23,3,Applicable EU limits (Directive 2014),electrical_cond,Conductivity (mS/cm),0.8,lt,mm,auto_B
PMC11682447,1,23,5,Applicable EU limits (Directive 2014),moisture,Water content (%),20.0,,%,auto_B
PMC11682447,2,2,1,1,TPC,TPC (mg GAE/kg),690.7,,µm,auto_B
PMC11682447,2,2,3,1,GOx,Glucose oxidase (GOX) mU/ml,8.9,,µm,auto_B
PMC11682447,2,2,3,1,sugar_total,Glucose oxidase (GOX) mU/ml,8.9,,µm,auto_B
PMC11682447,2,3,1,2,TPC,TPC (mg GAE/kg),405.9,,µm,auto_B
PMC11682447,2,3,3,2,GOx,Glucose oxidase (GOX) mU/ml,19.8,,µm,auto_B
PMC11682447,2,3,3,2,sugar_total,Glucose oxidase (GOX) mU/ml,19.8,,µm,auto_B
PMC11682447,2,5,1,3,TPC,TPC (mg GAE/kg),632.6,,µm,auto_B
PMC11682447,2,5,3,3,GOx,Glucose oxidase (GOX) mU/ml,28.4,,µm,auto_B
PMC11682447,2,5,3,3,sugar_total,Glucose oxidase (GOX) mU/ml,28.4,,µm,auto_B
PMC11682447,2,6,1,4,TPC,TPC (mg GAE/kg),676.1,,µm,auto_B
PMC11682447,2,6,3,4,GOx,Glucose oxidase (GOX) mU/ml,29.5,,µm,auto_B
PMC11682447,2,6,3,4,sugar_total,Glucose oxidase (GOX) mU/ml,29.5,,µm,auto_B
PMC11682447,2,7,1,5,TPC,TPC (mg GAE/kg),964.4,,µm,auto_B
PMC11682447,2,7,3,5,GOx,Glucose oxidase (GOX) mU/ml,24.4,,µm,auto_B
PMC11682447,2,7,3,5,sugar_total,Glucose oxidase (GOX) mU/ml,24.4,,µm,auto_B
PMC11682447,2,8,1,6,TPC,TPC (mg GAE/kg),919.0,,µm,auto_B
PMC11682447,2,8,3,6,GOx,Glucose oxidase (GOX) mU/ml,20.4,,µm,auto_B
PMC11682447,2,8,3,6,sugar_total,Glucose oxidase (GOX) mU/ml,20.4,,µm,auto_B
PMC11682447,2,9,1,7,TPC,TPC (mg GAE/kg),597.0,,µm,auto_B
PMC11682447,2,9,3,7,GOx,Glucose oxidase (GOX) mU/ml,31.1,,µm,auto_B
PMC11682447,2,9,3,7,sugar_total,Glucose oxidase (GOX) mU/ml,31.1,,µm,auto_B
PMC11682447,2,10,1,8,TPC,TPC (mg GAE/kg),891.2,,µm,auto_B
PMC11682447,2,10,3,8,GOx,Glucose oxidase (GOX) mU/ml,18.9,,µm,auto_B
PMC11682447,2,10,3,8,sugar_total,Glucose oxidase (GOX) mU/ml,18.9,,µm,auto_B
PMC11682447,2,11,1,9,TPC,TPC (mg GAE/kg),1102.4,,µm,auto_B
PMC11682447,2,11,3,9,GOx,Glucose oxidase (GOX) mU/ml,43.5,,µm,auto_B
PMC11682447,2,11,3,9,sugar_total,Glucose oxidase (GOX) mU/ml,43.5,,µm,auto_B
PMC11682447,2,12,1,10,TPC,TPC (mg GAE/kg),811.6,,µm,auto_B
PMC11682447,2,12,3,10,GOx,Glucose oxidase (GOX) mU/ml,22.2,,µm,auto_B
PMC11682447,2,12,3,10,sugar_total,Glucose oxidase (GOX) mU/ml,22.2,,µm,auto_B
PMC11682447,2,13,1,11,TPC,TPC (mg GAE/kg),583.9,,µm,auto_B
PMC11682447,2,13,3,11,GOx,Glucose oxidase (GOX) mU/ml,18.6,,µm,auto_B
PMC11682447,2,13,3,11,sugar_total,Glucose oxidase (GOX) mU/ml,18.6,,µm,auto_B
PMC11682447,2,14,1,12,TPC,TPC (mg GAE/kg),752.44,,µm,auto_B
PMC11682447,2,14,3,12,GOx,Glucose oxidase (GOX) mU/ml,19.2,,µm,auto_B
PMC11682447,2,14,3,12,sugar_total,Glucose oxidase (GOX) mU/ml,19.2,,µm,auto_B
PMC11682447,2,15,1,Mean ± SD*,TPC,TPC (mg GAE/kg),793.1,,µm,auto_B
PMC11682447,2,15,3,Mean ± SD*,GOx,Glucose oxidase (GOX) mU/ml,25.6,,µm,auto_B
PMC11682447,2,15,3,Mean ± SD*,sugar_total,Glucose oxidase (GOX) mU/ml,25.6,,µm,auto_B
PMC11682447,2,17,1,M-1,TPC,TPC (mg GAE/kg),873.9,,µm,auto_B
PMC11682447,2,17,3,M-1,GOx,Glucose oxidase (GOX) mU/ml,17.0,,µm,auto_B
PMC11682447,2,17,3,M-1,sugar_total,Glucose oxidase (GOX) mU/ml,17.0,,µm,auto_B
PMC11682447,2,18,1,M-2,TPC,TPC (mg GAE/kg),839.4,,µm,auto_B
PMC11682447,2,18,3,M-2,GOx,Glucose oxidase (GOX) mU/ml,12.9,,µm,auto_B
PMC11682447,2,18,3,M-2,sugar_total,Glucose oxidase (GOX) mU/ml,12.9,,µm,auto_B
PMC11682447,2,19,1,M-3,TPC,TPC (mg GAE/kg),920.5,,µm,auto_B
PMC11682447,2,19,3,M-3,GOx,Glucose oxidase (GOX) mU/ml,12.2,,µm,auto_B
PMC11682447,2,19,3,M-3,sugar_total,Glucose oxidase (GOX) mU/ml,12.2,,µm,auto_B
PMC11682447,2,20,1,M-4,TPC,TPC (mg GAE/kg),790.5,,µm,auto_B
PMC11682447,2,20,3,M-4,GOx,Glucose oxidase (GOX) mU/ml,11.6,,µm,auto_B
PMC11682447,2,20,3,M-4,sugar_total,Glucose oxidase (GOX) mU/ml,11.6,,µm,auto_B
PMC11682447,2,21,1,Mean ± SD*,TPC,TPC (mg GAE/kg),856.1,,µm,auto_B
PMC11682447,2,21,3,Mean ± SD*,GOx,Glucose oxidase (GOX) mU/ml,13.4,,µm,auto_B
PMC11682447,2,21,3,Mean ± SD*,sugar_total,Glucose oxidase (GOX) mU/ml,13.4,,µm,auto_B
PMC11851655,1,1,3,"Linden, Tilia spp.",electrical_cond,Electrical Conductivity(mS/cm),0.528,,,auto_B
PMC11851655,1,1,4,"Linden, Tilia spp.",pH,pH,4.1,,,auto_B
PMC11851655,1,2,3,"Chestnut, Castanea sativa",electrical_cond,Electrical Conductivity(mS/cm),0.598,,,auto_B
PMC11851655,1,2,4,"Chestnut, Castanea sativa",pH,pH,4.7,,,auto_B
PMC11941359,2,1,1,Moisture,moisture,Moisture,1.0,,,auto_B
PMC11941359,2,2,2,Color,color,Color,1.0,,,auto_B
PMC11941359,2,2,4,Color,pH,pH,0.132,,,auto_B
PMC11941359,2,2,6,Color,free_acidity,Acidity,0.117,,,auto_B
PMC11941359,2,3,2,Trehalulose,color,Color,0.205,,,auto_B
PMC11941359,2,3,7,Trehalulose,HMF,5-HMF,0.011,,,auto_B
PMC11941359,2,4,2,pH,color,Color,0.187,,,auto_B
PMC11941359,2,4,4,pH,pH,pH,1.0,,,auto_B
PMC11941359,2,5,7,EC,HMF,5-HMF,0.084,,,auto_B
PMC11941359,2,6,2,Acidity,color,Color,0.096,,,auto_B
PMC11941359,2,6,6,Acidity,free_acidity,Acidity,1.0,,,auto_B
PMC11941359,2,6,7,Acidity,HMF,5-HMF,0.232,,,auto_B
PMC11941359,2,7,2,5-HMF,color,Color,0.063,,,auto_B
PMC11941359,2,7,6,5-HMF,free_acidity,Acidity,0.232,,,auto_B
PMC11941359,2,7,7,5-HMF,HMF,5-HMF,1.0,,,auto_B
PMC11941359,2,8,1,Moisture,moisture,Moisture,1.0,,,auto_B
PMC11941359,7,1,7,TPC,HMF,5-HMF,0.029,,,auto_B
PMC11941359,7,2,4,DPPH,pH,pH,0.322,,,auto_B
PMC11941359,7,4,4,FRAP,pH,pH,0.059,,,auto_B
PMC11941359,7,5,2,MBC (S. aureus),color,Color,0.134,,,auto_B
PMC11941359,7,6,2,MBC (E. coli),color,Color,0.052,,,auto_B
PMC11941359,7,6,7,MBC (E. coli),HMF,5-HMF,0.029,,,auto_B
PMC12023948,2,1,4,Clover,TPC,TPC Content (mg GAE/kg Honey),380.0,,,auto_B
PMC12023948,2,1,5,Clover,TFC,TFC Content (mg RUE/kg Honey),97.0,,,auto_B
PMC12023948,2,2,4,Mānuka,TPC,TPC Content (mg GAE/kg Honey),726.0,,,auto_B
PMC12023948,2,2,5,Mānuka,TFC,TFC Content (mg RUE/kg Honey),192.0,,,auto_B
PMC12023948,2,3,4,Beech honeydew,TPC,TPC Content (mg GAE/kg Honey),809.0,,,auto_B
PMC12023948,2,3,5,Beech honeydew,TFC,TFC Content (mg RUE/kg Honey),235.0,,,auto_B
PMC12023948,2,4,4,Pohotukawa,TPC,TPC Content (mg GAE/kg Honey),463.0,,,auto_B
PMC12023948,2,4,5,Pohotukawa,TFC,TFC Content (mg RUE/kg Honey),172.0,,,auto_B
PMC12023948,2,5,4,Kānuka,TPC,TPC Content (mg GAE/kg Honey),558.0,,,auto_B
PMC12023948,2,5,5,Kānuka,TFC,TFC Content (mg RUE/kg Honey),186.0,,,auto_B
PMC12023948,2,6,4,Rewa-rewa,TPC,TPC Content (mg GAE/kg Honey),652.0,,,auto_B
PMC12023948,2,6,5,Rewa-rewa,TFC,TFC Content (mg RUE/kg Honey),163.0,,,auto_B
PMC12023948,2,7,4,Kāmahi,TPC,TPC Content (mg GAE/kg Honey),398.0,,,auto_B
PMC12023948,2,7,5,Kāmahi,TFC,TFC Content (mg RUE/kg Honey),101.0,,,auto_B
PMC12023948,2,8,4,Thyme,TPC,TPC Content (mg GAE/kg Honey),1058.0,,,auto_B
PMC12023948,2,8,5,Thyme,TFC,TFC Content (mg RUE/kg Honey),147.0,,,auto_B
PMC12023948,2,9,4,F value,TPC,TPC Content (mg GAE/kg Honey),2762.378,,,auto_B
PMC12023948,2,9,5,F value,TFC,TFC Content (mg RUE/kg Honey),885.258,,,auto_B
PMC12023948,2,10,4,p-value,TPC,TPC Content (mg GAE/kg Honey),0.0001,lt,,auto_B
PMC12023948,2,10,5,p-value,TFC,TFC Content (mg RUE/kg Honey),0.0001,lt,,auto_B
PMC12175512,0,4,8,TC01,H2O2,H2O2 at 1 h (ppm),32.0,,%,auto_B
PMC12175512,0,4,9,TC01,color,Color intensity (mAU),35.0,,%,auto_B
PMC12175512,0,4,10,TC01,TPC,Phenolics content by FBBB (mg GAE/kg)a,191.0,,%,auto_B
PMC12175512,0,4,13,TC01,pH,pH,1.26,,%,auto_B
PMC12175512,0,5,8,TC02,H2O2,H2O2 at 1 h (ppm),32.0,gt,%,auto_B
PMC12175512,0,5,9,TC02,color,Color intensity (mAU),60.0,,%,auto_B
PMC12175512,0,5,10,TC02,TPC,Phenolics content by FBBB (mg GAE/kg)a,381.0,,%,auto_B
PMC12175512,0,5,13,TC02,pH,pH,1.26,,%,auto_B
PMC12175512,0,6,8,TC03,H2O2,H2O2 at 1 h (ppm),32.0,gt,%,auto_B
PMC12175512,0,6,9,TC03,color,Color intensity (mAU),55.0,,%,auto_B
PMC12175512,0,6,10,TC03,TPC,Phenolics content by FBBB (mg GAE/kg)a,294.0,,%,auto_B
PMC12175512,0,6,13,TC03,pH,pH,1.25,,%,auto_B
PMC12175512,0,7,8,TC04,H2O2,H2O2 at 1 h (ppm),32.0,gt,%,auto_B
PMC12175512,0,7,9,TC04,color,Color intensity (mAU),65.0,,%,auto_B
PMC12175512,0,7,10,TC04,TPC,Phenolics content by FBBB (mg GAE/kg)a,144.0,,%,auto_B
PMC12175512,0,7,13,TC04,pH,pH,1.26,,%,auto_B
PMC12175512,0,8,8,TC05,H2O2,H2O2 at 1 h (ppm),32.0,gt,%,auto_B
PMC12175512,0,8,9,TC05,color,Color intensity (mAU),40.0,,%,auto_B
PMC12175512,0,8,10,TC05,TPC,Phenolics content by FBBB (mg GAE/kg)a,163.0,,%,auto_B
PMC12175512,0,8,13,TC05,pH,pH,1.25,,%,auto_B
PMC12175512,0,9,8,TC06,H2O2,H2O2 at 1 h (ppm),32.0,gt,%,auto_B
PMC12175512,0,9,9,TC06,color,Color intensity (mAU),65.0,,%,auto_B
PMC12175512,0,9,10,TC06,TPC,Phenolics content by FBBB (mg GAE/kg)a,215.0,,%,auto_B
PMC12175512,0,9,13,TC06,pH,pH,1.23,,%,auto_B
PMC12175512,0,10,8,TC07,H2O2,H2O2 at 1 h (ppm),32.0,gt,%,auto_B
PMC12175512,0,10,9,TC07,color,Color intensity (mAU),55.0,,%,auto_B
PMC12175512,0,10,10,TC07,TPC,Phenolics content by FBBB (mg GAE/kg)a,144.0,,%,auto_B
PMC12175512,0,10,13,TC07,pH,pH,1.23,,%,auto_B
PMC12175512,0,11,8,TC08,H2O2,H2O2 at 1 h (ppm),32.0,,%,auto_B
PMC12175512,0,11,9,TC08,color,Color intensity (mAU),45.0,,%,auto_B
PMC12175512,0,11,10,TC08,TPC,Phenolics content by FBBB (mg GAE/kg)a,171.0,,%,auto_B
PMC12175512,0,11,13,TC08,pH,pH,1.22,,%,auto_B
PMC12175512,0,12,8,TC09,H2O2,H2O2 at 1 h (ppm),32.0,,%,auto_B
PMC12175512,0,12,9,TC09,color,Color intensity (mAU),60.0,,%,auto_B
PMC12175512,0,12,10,TC09,TPC,Phenolics content by FBBB (mg GAE/kg)a,166.0,,%,auto_B
PMC12175512,0,12,13,TC09,pH,pH,1.22,,%,auto_B
PMC12175512,0,13,8,TC10,H2O2,H2O2 at 1 h (ppm),32.0,gt,%,auto_B
PMC12175512,0,13,9,TC10,color,Color intensity (mAU),60.0,,%,auto_B
PMC12175512,0,13,10,TC10,TPC,Phenolics content by FBBB (mg GAE/kg)a,335.0,,%,auto_B
PMC12175512,0,13,13,TC10,pH,pH,1.24,,%,auto_B
PMC12175512,0,14,8,TC11,H2O2,H2O2 at 1 h (ppm),32.0,gt,%,auto_B
PMC12175512,0,14,9,TC11,color,Color intensity (mAU),40.0,,%,auto_B
PMC12175512,0,14,10,TC11,TPC,Phenolics content by FBBB (mg GAE/kg)a,103.0,,%,auto_B
PMC12175512,0,14,13,TC11,pH,pH,1.26,,%,auto_B
PMC12175512,0,15,8,TC12,H2O2,H2O2 at 1 h (ppm),32.0,gt,%,auto_B
PMC12175512,0,15,9,TC12,color,Color intensity (mAU),60.0,,%,auto_B
PMC12175512,0,15,10,TC12,TPC,Phenolics content by FBBB (mg GAE/kg)a,136.0,,%,auto_B
PMC12175512,0,15,13,TC12,pH,pH,1.27,,%,auto_B
PMC12175512,0,16,8,TC13,H2O2,H2O2 at 1 h (ppm),32.0,,%,auto_B
PMC12175512,0,16,9,TC13,color,Color intensity (mAU),30.0,,%,auto_B
PMC12175512,0,16,10,TC13,TPC,Phenolics content by FBBB (mg GAE/kg)a,651.0,,%,auto_B
PMC12175512,0,16,13,TC13,pH,pH,1.26,,%,auto_B
PMC12175512,0,17,8,TC14,H2O2,H2O2 at 1 h (ppm),32.0,gt,%,auto_B
PMC12175512,0,17,9,TC14,color,Color intensity (mAU),50.0,,%,auto_B
PMC12175512,0,17,10,TC14,TPC,Phenolics content by FBBB (mg GAE/kg)a,261.0,,%,auto_B
PMC12175512,0,17,13,TC14,pH,pH,1.28,,%,auto_B
PMC12175512,0,18,8,TC15,H2O2,H2O2 at 1 h (ppm),32.0,,%,auto_B
PMC12175512,0,18,9,TC15,color,Color intensity (mAU),40.0,,%,auto_B
PMC12175512,0,18,10,TC15,TPC,Phenolics content by FBBB (mg GAE/kg)a,662.0,,%,auto_B
PMC12175512,0,18,13,TC15,pH,pH,1.3,,%,auto_B
PMC12175512,0,19,8,TC16,H2O2,H2O2 at 1 h (ppm),32.0,gt,%,auto_B
PMC12175512,0,19,9,TC16,color,Color intensity (mAU),50.0,,%,auto_B
PMC12175512,0,19,10,TC16,TPC,Phenolics content by FBBB (mg GAE/kg)a,252.0,,%,auto_B
PMC12175512,0,19,13,TC16,pH,pH,1.26,,%,auto_B
PMC12175512,0,20,8,TC17,H2O2,H2O2 at 1 h (ppm),32.0,gt,%,auto_B
PMC12175512,0,20,9,TC17,color,Color intensity (mAU),75.0,,%,auto_B
PMC12175512,0,20,10,TC17,TPC,Phenolics content by FBBB (mg GAE/kg)a,248.0,,%,auto_B
PMC12175512,0,20,13,TC17,pH,pH,1.35,,%,auto_B
PMC12175512,0,21,8,TC18,H2O2,H2O2 at 1 h (ppm),32.0,,%,auto_B
PMC12175512,0,21,9,TC18,color,Color intensity (mAU),5.0,,%,auto_B
PMC12175512,0,21,10,TC18,TPC,Phenolics content by FBBB (mg GAE/kg)a,196.0,,%,auto_B
PMC12175512,0,21,13,TC18,pH,pH,1.31,,%,auto_B
PMC12175512,0,22,8,TC19,H2O2,H2O2 at 1 h (ppm),32.0,gt,%,auto_B
PMC12175512,0,22,9,TC19,color,Color intensity (mAU),55.0,,%,auto_B
PMC12175512,0,22,10,TC19,TPC,Phenolics content by FBBB (mg GAE/kg)a,295.0,,%,auto_B
PMC12175512,0,22,13,TC19,pH,pH,1.27,,%,auto_B
PMC12175512,0,23,8,TC20,H2O2,H2O2 at 1 h (ppm),32.0,gt,%,auto_B
PMC12175512,0,23,9,TC20,color,Color intensity (mAU),45.0,,%,auto_B
PMC12175512,0,23,10,TC20,TPC,Phenolics content by FBBB (mg GAE/kg)a,272.0,,%,auto_B
PMC12175512,0,23,13,TC20,pH,pH,1.26,,%,auto_B
PMC12175512,0,24,8,Meanb,H2O2,H2O2 at 1 h (ppm),52.0,,%,auto_B
PMC12175512,0,24,9,Meanb,color,Color intensity (mAU),50.0,,%,auto_B
PMC12175512,0,24,10,Meanb,TPC,Phenolics content by FBBB (mg GAE/kg)a,264.0,,%,auto_B
PMC12175512,0,24,13,Meanb,pH,pH,1.26,,%,auto_B
PMC12175512,0,26,8,TH01,H2O2,H2O2 at 1 h (ppm),32.0,,%,auto_B
PMC12175512,0,26,9,TH01,color,Color intensity (mAU),40.0,,%,auto_B
PMC12175512,0,26,10,TH01,TPC,Phenolics content by FBBB (mg GAE/kg)a,298.0,,%,auto_B
PMC12175512,0,26,13,TH01,pH,pH,1.34,,%,auto_B
PMC12175512,0,27,8,TH02,H2O2,H2O2 at 1 h (ppm),32.0,gt,%,auto_B
PMC12175512,0,27,9,TH02,color,Color intensity (mAU),50.0,,%,auto_B
PMC12175512,0,27,10,TH02,TPC,Phenolics content by FBBB (mg GAE/kg)a,455.0,,%,auto_B
PMC12175512,0,27,13,TH02,pH,pH,1.31,,%,auto_B
PMC12175512,0,28,8,TH03,H2O2,H2O2 at 1 h (ppm),32.0,gt,%,auto_B
PMC12175512,0,28,9,TH03,color,Color intensity (mAU),50.0,,%,auto_B
PMC12175512,0,28,10,TH03,TPC,Phenolics content by FBBB (mg GAE/kg)a,464.0,,%,auto_B
PMC12175512,0,28,13,TH03,pH,pH,1.36,,%,auto_B
PMC12175512,0,29,8,TH04,H2O2,H2O2 at 1 h (ppm),32.0,,%,auto_B
PMC12175512,0,29,9,TH04,color,Color intensity (mAU),65.0,,%,auto_B
PMC12175512,0,29,10,TH04,TPC,Phenolics content by FBBB (mg GAE/kg)a,490.0,,%,auto_B
PMC12175512,0,29,13,TH04,pH,pH,1.3,,%,auto_B
PMC12175512,0,30,8,TH05,H2O2,H2O2 at 1 h (ppm),32.0,,%,auto_B
PMC12175512,0,30,9,TH05,color,Color intensity (mAU),45.0,,%,auto_B
PMC12175512,0,30,10,TH05,TPC,Phenolics content by FBBB (mg GAE/kg)a,393.0,,%,auto_B
PMC12175512,0,30,13,TH05,pH,pH,1.36,,%,auto_B
PMC12175512,0,31,8,TH06,H2O2,H2O2 at 1 h (ppm),32.0,,%,auto_B
PMC12175512,0,31,9,TH06,color,Color intensity (mAU),70.0,,%,auto_B
PMC12175512,0,31,10,TH06,TPC,Phenolics content by FBBB (mg GAE/kg)a,497.0,,%,auto_B
PMC12175512,0,31,13,TH06,pH,pH,1.36,,%,auto_B
PMC12175512,0,32,8,TH07,H2O2,H2O2 at 1 h (ppm),32.0,,%,auto_B
PMC12175512,0,32,9,TH07,color,Color intensity (mAU),55.0,,%,auto_B
PMC12175512,0,32,10,TH07,TPC,Phenolics content by FBBB (mg GAE/kg)a,257.0,,%,auto_B
PMC12175512,0,32,13,TH07,pH,pH,1.25,,%,auto_B
PMC12175512,0,33,8,TH08,H2O2,H2O2 at 1 h (ppm),32.0,,%,auto_B
PMC12175512,0,33,9,TH08,color,Color intensity (mAU),45.0,,%,auto_B
PMC12175512,0,33,10,TH08,TPC,Phenolics content by FBBB (mg GAE/kg)a,266.0,,%,auto_B
PMC12175512,0,33,13,TH08,pH,pH,1.35,,%,auto_B
PMC12175512,0,34,8,TH09,H2O2,H2O2 at 1 h (ppm),32.0,gt,%,auto_B
PMC12175512,0,34,9,TH09,color,Color intensity (mAU),55.0,,%,auto_B
PMC12175512,0,34,10,TH09,TPC,Phenolics content by FBBB (mg GAE/kg)a,464.0,,%,auto_B
PMC12175512,0,34,13,TH09,pH,pH,1.39,,%,auto_B
PMC12175512,0,35,8,TH10,H2O2,H2O2 at 1 h (ppm),32.0,,%,auto_B
PMC12175512,0,35,9,TH10,color,Color intensity (mAU),45.0,,%,auto_B
PMC12175512,0,35,10,TH10,TPC,Phenolics content by FBBB (mg GAE/kg)a,272.0,,%,auto_B
PMC12175512,0,35,13,TH10,pH,pH,1.4,,%,auto_B
PMC12175512,0,36,8,TH11,H2O2,H2O2 at 1 h (ppm),32.0,,%,auto_B
PMC12175512,0,36,9,TH11,color,Color intensity (mAU),60.0,,%,auto_B
PMC12175512,0,36,10,TH11,TPC,Phenolics content by FBBB (mg GAE/kg)a,470.0,,%,auto_B
PMC12175512,0,36,13,TH11,pH,pH,1.28,,%,auto_B
PMC12175512,0,37,8,TH12,H2O2,H2O2 at 1 h (ppm),32.0,,%,auto_B
PMC12175512,0,37,9,TH12,color,Color intensity (mAU),60.0,,%,auto_B
PMC12175512,0,37,10,TH12,TPC,Phenolics content by FBBB (mg GAE/kg)a,282.0,,%,auto_B
PMC12175512,0,37,13,TH12,pH,pH,1.28,,%,auto_B
PMC12175512,0,38,8,TH13,H2O2,H2O2 at 1 h (ppm),32.0,,%,auto_B
PMC12175512,0,38,9,TH13,color,Color intensity (mAU),40.0,,%,auto_B
PMC12175512,0,38,10,TH13,TPC,Phenolics content by FBBB (mg GAE/kg)a,300.0,,%,auto_B
PMC12175512,0,38,13,TH13,pH,pH,1.33,,%,auto_B
PMC12175512,0,39,8,TH14,H2O2,H2O2 at 1 h (ppm),32.0,,%,auto_B
PMC12175512,0,39,9,TH14,color,Color intensity (mAU),55.0,,%,auto_B
PMC12175512,0,39,10,TH14,TPC,Phenolics content by FBBB (mg GAE/kg)a,485.0,,%,auto_B
PMC12175512,0,39,13,TH14,pH,pH,1.29,,%,auto_B
PMC12175512,0,40,8,TH15,H2O2,H2O2 at 1 h (ppm),32.0,,%,auto_B
PMC12175512,0,40,9,TH15,color,Color intensity (mAU),60.0,,%,auto_B
PMC12175512,0,40,10,TH15,TPC,Phenolics content by FBBB (mg GAE/kg)a,214.0,,%,auto_B
PMC12175512,0,40,13,TH15,pH,pH,1.29,,%,auto_B
PMC12175512,0,41,8,TH16,H2O2,H2O2 at 1 h (ppm),32.0,gt,%,auto_B
PMC12175512,0,41,9,TH16,color,Color intensity (mAU),30.0,,%,auto_B
PMC12175512,0,41,10,TH16,TPC,Phenolics content by FBBB (mg GAE/kg)a,294.0,,%,auto_B
PMC12175512,0,41,13,TH16,pH,pH,1.3,,%,auto_B
PMC12175512,0,42,8,TH17,H2O2,H2O2 at 1 h (ppm),32.0,gt,%,auto_B
PMC12175512,0,42,9,TH17,color,Color intensity (mAU),45.0,,%,auto_B
PMC12175512,0,42,10,TH17,TPC,Phenolics content by FBBB (mg GAE/kg)a,362.0,,%,auto_B
PMC12175512,0,42,13,TH17,pH,pH,1.29,,%,auto_B
PMC12175512,0,43,8,TH18,H2O2,H2O2 at 1 h (ppm),32.0,,%,auto_B
PMC12175512,0,43,9,TH18,color,Color intensity (mAU),30.0,,%,auto_B
PMC12175512,0,43,10,TH18,TPC,Phenolics content by FBBB (mg GAE/kg)a,217.0,,%,auto_B
PMC12175512,0,43,13,TH18,pH,pH,1.28,,%,auto_B
PMC12175512,0,44,8,TH19,H2O2,H2O2 at 1 h (ppm),32.0,,%,auto_B
PMC12175512,0,44,9,TH19,color,Color intensity (mAU),60.0,,%,auto_B
PMC12175512,0,44,10,TH19,TPC,Phenolics content by FBBB (mg GAE/kg)a,258.0,,%,auto_B
PMC12175512,0,44,13,TH19,pH,pH,1.27,,%,auto_B
PMC12175512,0,45,8,TH20,H2O2,H2O2 at 1 h (ppm),32.0,,%,auto_B
PMC12175512,0,45,9,TH20,color,Color intensity (mAU),50.0,,%,auto_B
PMC12175512,0,45,10,TH20,TPC,Phenolics content by FBBB (mg GAE/kg)a,266.0,,%,auto_B
PMC12175512,0,45,13,TH20,pH,pH,1.27,,%,auto_B
PMC12175512,0,46,8,Meanb,H2O2,H2O2 at 1 h (ppm),38.0,,%,auto_B
PMC12175512,0,46,9,Meanb,color,Color intensity (mAU),51.0,,%,auto_B
PMC12175512,0,46,10,Meanb,TPC,Phenolics content by FBBB (mg GAE/kg)a,350.0,,%,auto_B
PMC12175512,0,46,13,Meanb,pH,pH,1.31,,%,auto_B
PMC12175512,0,48,8,AA01,H2O2,H2O2 at 1 h (ppm),32.0,,%,auto_B
PMC12175512,0,48,9,AA01,color,Color intensity (mAU),35.0,,%,auto_B
PMC12175512,0,48,10,AA01,TPC,Phenolics content by FBBB (mg GAE/kg)a,507.0,,%,auto_B
PMC12175512,0,48,13,AA01,pH,pH,1.33,,%,auto_B
PMC12175512,0,49,8,AA02,H2O2,H2O2 at 1 h (ppm),32.0,,%,auto_B
PMC12175512,0,49,9,AA02,color,Color intensity (mAU),45.0,,%,auto_B
PMC12175512,0,49,10,AA02,TPC,Phenolics content by FBBB (mg GAE/kg)a,220.0,,%,auto_B
PMC12175512,0,49,13,AA02,pH,pH,1.31,,%,auto_B
PMC12175512,0,50,8,AA03,H2O2,H2O2 at 1 h (ppm),32.0,gt,%,auto_B
PMC12175512,0,50,9,AA03,color,Color intensity (mAU),20.0,,%,auto_B
PMC12175512,0,50,10,AA03,TPC,Phenolics content by FBBB (mg GAE/kg)a,392.0,,%,auto_B
PMC12175512,0,50,13,AA03,pH,pH,1.31,,%,auto_B
PMC12175512,0,51,8,AA04,H2O2,H2O2 at 1 h (ppm),32.0,,%,auto_B
PMC12175512,0,51,9,AA04,color,Color intensity (mAU),50.0,,%,auto_B
PMC12175512,0,51,10,AA04,TPC,Phenolics content by FBBB (mg GAE/kg)a,107.0,,%,auto_B
PMC12175512,0,51,13,AA04,pH,pH,1.28,,%,auto_B
PMC12175512,0,52,8,AA05,H2O2,H2O2 at 1 h (ppm),32.0,,%,auto_B
PMC12175512,0,52,9,AA05,color,Color intensity (mAU),50.0,,%,auto_B
PMC12175512,0,52,10,AA05,TPC,Phenolics content by FBBB (mg GAE/kg)a,511.0,,%,auto_B
PMC12175512,0,52,13,AA05,pH,pH,1.3,,%,auto_B
PMC12175512,0,53,8,AA06,H2O2,H2O2 at 1 h (ppm),32.0,,%,auto_B
PMC12175512,0,53,9,AA06,color,Color intensity (mAU),40.0,,%,auto_B
PMC12175512,0,53,10,AA06,TPC,Phenolics content by FBBB (mg GAE/kg)a,115.0,,%,auto_B
PMC12175512,0,53,13,AA06,pH,pH,1.29,,%,auto_B
PMC12175512,0,54,8,AA07,H2O2,H2O2 at 1 h (ppm),32.0,gt,%,auto_B
PMC12175512,0,54,9,AA07,color,Color intensity (mAU),40.0,,%,auto_B
PMC12175512,0,54,10,AA07,TPC,Phenolics content by FBBB (mg GAE/kg)a,429.0,,%,auto_B
PMC12175512,0,54,13,AA07,pH,pH,1.28,,%,auto_B
PMC12175512,0,55,8,AA08,H2O2,H2O2 at 1 h (ppm),32.0,gt,%,auto_B
PMC12175512,0,55,9,AA08,color,Color intensity (mAU),45.0,,%,auto_B
PMC12175512,0,55,10,AA08,TPC,Phenolics content by FBBB (mg GAE/kg)a,380.0,,%,auto_B
PMC12175512,0,55,13,AA08,pH,pH,1.282,,%,auto_B
PMC12175512,0,56,8,Meanb,H2O2,H2O2 at 1 h (ppm),42.0,,%,auto_B
PMC12175512,0,56,9,Meanb,color,Color intensity (mAU),41.0,,%,auto_B
PMC12175512,0,56,10,Meanb,TPC,Phenolics content by FBBB (mg GAE/kg)a,333.0,,%,auto_B
PMC12175512,0,56,13,Meanb,pH,pH,1.3,,%,auto_B
PMC12249035,0,1,1,SH1,moisture,Moisture (%),22.781,,%,auto_B
PMC12249035,0,1,2,SH1,sugar_total,Glucose (g/100 g),30.855,,%,auto_B
PMC12249035,0,1,5,SH1,pH,pH,3.493,,%,auto_B
PMC12249035,0,1,6,SH1,TPC,TPC (mgGAE/100 g),25.218,,%,auto_B
PMC12249035,0,1,7,SH1,TFC,TFC (mgRE/100 g),26.898,,%,auto_B
PMC12249035,0,2,1,SH2,moisture,Moisture (%),23.81,,%,auto_B
PMC12249035,0,2,2,SH2,sugar_total,Glucose (g/100 g),29.658,,%,auto_B
PMC12249035,0,2,5,SH2,pH,pH,3.363,,%,auto_B
PMC12249035,0,2,6,SH2,TPC,TPC (mgGAE/100 g),22.625,,%,auto_B
PMC12249035,0,2,7,SH2,TFC,TFC (mgRE/100 g),24.466,,%,auto_B
PMC12249035,0,3,1,SH3,moisture,Moisture (%),20.62,,%,auto_B
PMC12249035,0,3,2,SH3,sugar_total,Glucose (g/100 g),33.466,,%,auto_B
PMC12249035,0,3,5,SH3,pH,pH,3.503,,%,auto_B
PMC12249035,0,3,6,SH3,TPC,TPC (mgGAE/100 g),50.519,,%,auto_B
PMC12249035,0,3,7,SH3,TFC,TFC (mgRE/100 g),32.087,,%,auto_B
PMC12249035,0,4,1,SH4,moisture,Moisture (%),25.034,,%,auto_B
PMC12249035,0,4,2,SH4,sugar_total,Glucose (g/100 g),34.997,,%,auto_B
PMC12249035,0,4,5,SH4,pH,pH,3.303,,%,auto_B
PMC12249035,0,4,6,SH4,TPC,TPC (mgGAE/100 g),38.688,,%,auto_B
PMC12249035,0,4,7,SH4,TFC,TFC (mgRE/100 g),32.087,,%,auto_B
PMC12249035,0,5,1,SH5,moisture,Moisture (%),22.313,,%,auto_B
PMC12249035,0,5,2,SH5,sugar_total,Glucose (g/100 g),27.189,,%,auto_B
PMC12249035,0,5,5,SH5,pH,pH,3.873,,%,auto_B
PMC12249035,0,5,6,SH5,TPC,TPC (mgGAE/100 g),48.052,,%,auto_B
PMC12249035,0,5,7,SH5,TFC,TFC (mgRE/100 g),33.384,,%,auto_B
PMC12249035,0,6,1,SH6,moisture,Moisture (%),25.347,,%,auto_B
PMC12249035,0,6,2,SH6,sugar_total,Glucose (g/100 g),32.035,,%,auto_B
PMC12249035,0,6,5,SH6,pH,pH,2.907,,%,auto_B
PMC12249035,0,6,6,SH6,TPC,TPC (mgGAE/100 g),37.481,,%,auto_B
PMC12249035,0,6,7,SH6,TFC,TFC (mgRE/100 g),28.357,,%,auto_B
PMC12249035,0,7,1,SH7,moisture,Moisture (%),22.091,,%,auto_B
PMC12249035,0,7,2,SH7,sugar_total,Glucose (g/100 g),29.103,,%,auto_B
PMC12249035,0,7,5,SH7,pH,pH,2.917,,%,auto_B
PMC12249035,0,7,6,SH7,TPC,TPC (mgGAE/100 g),42.848,,%,auto_B
PMC12249035,0,7,7,SH7,TFC,TFC (mgRE/100 g),28.033,,%,auto_B
PMC12249035,3,1,1,TPC,TPC,TPC,1.0,,,auto_B
PMC12249035,3,2,1,TFC,TPC,TPC,0.849637,,,auto_B
PMC12249035,3,2,2,TFC,TFC,TFC,1.0,,,auto_B
PMC12249035,3,3,2,DPPH,TFC,TFC,0.07948,,,auto_B
PMC12249035,3,4,2,ABTS,TFC,TFC,0.381084,,,auto_B
PMC12249035,3,5,1,FRAP,TPC,TPC,0.813372,,,auto_B
PMC12249035,3,5,2,FRAP,TFC,TFC,0.587983,,,auto_B
PMC12466729,1,1,1,H0,pH,pH,4.06,,%,auto_B
PMC12466729,1,1,3,H0,free_acidity,Free Acidity(mLEq/Kg),23.0,,%,auto_B
PMC12466729,1,1,4,H0,moisture,Moisture(%),18.97,,%,auto_B
PMC12466729,1,1,6,H0,electrical_cond,Electrical Conductivity(µs/cm),237.0,,%,auto_B
PMC12466729,1,2,1,H1,pH,pH,4.2,,%,auto_B
PMC12466729,1,2,3,H1,free_acidity,Free Acidity(mLEq/Kg),15.0,,%,auto_B
PMC12466729,1,2,4,H1,moisture,Moisture(%),20.59,,%,auto_B
PMC12466729,1,2,6,H1,electrical_cond,Electrical Conductivity(µs/cm),368.67,,%,auto_B
PMC12466729,1,3,1,H2,pH,pH,3.92,,%,auto_B
PMC12466729,1,3,3,H2,free_acidity,Free Acidity(mLEq/Kg),14.8,,%,auto_B
PMC12466729,1,3,4,H2,moisture,Moisture(%),19.23,,%,auto_B
PMC12466729,1,3,6,H2,electrical_cond,Electrical Conductivity(µs/cm),500.0,,%,auto_B
PMC12466729,1,4,1,H3,pH,pH,3.76,,%,auto_B
PMC12466729,1,4,3,H3,free_acidity,Free Acidity(mLEq/Kg),12.0,,%,auto_B
PMC12466729,1,4,4,H3,moisture,Moisture(%),21.06,,%,auto_B
PMC12466729,1,4,6,H3,electrical_cond,Electrical Conductivity(µs/cm),132.87,,%,auto_B
PMC12466729,1,5,1,H4,pH,pH,4.16,,%,auto_B
PMC12466729,1,5,3,H4,free_acidity,Free Acidity(mLEq/Kg),15.0,,%,auto_B
PMC12466729,1,5,4,H4,moisture,Moisture(%),19.45,,%,auto_B
PMC12466729,1,5,6,H4,electrical_cond,Electrical Conductivity(µs/cm),306.67,,%,auto_B
PMC12466729,1,6,1,H5,pH,pH,3.78,,%,auto_B
PMC12466729,1,6,3,H5,free_acidity,Free Acidity(mLEq/Kg),20.0,,%,auto_B
PMC12466729,1,6,4,H5,moisture,Moisture(%),20.41,,%,auto_B
PMC12466729,1,6,6,H5,electrical_cond,Electrical Conductivity(µs/cm),263.33,,%,auto_B
PMC12466729,1,7,1,H6,pH,pH,3.86,,%,auto_B
PMC12466729,1,7,3,H6,free_acidity,Free Acidity(mLEq/Kg),21.0,,%,auto_B
PMC12466729,1,7,4,H6,moisture,Moisture(%),18.83,,%,auto_B
PMC12466729,1,7,6,H6,electrical_cond,Electrical Conductivity(µs/cm),334.33,,%,auto_B
PMC12466729,1,8,1,H7,pH,pH,3.74,,%,auto_B
PMC12466729,1,8,3,H7,free_acidity,Free Acidity(mLEq/Kg),15.0,,%,auto_B
PMC12466729,1,8,4,H7,moisture,Moisture(%),19.88,,%,auto_B
PMC12466729,1,8,6,H7,electrical_cond,Electrical Conductivity(µs/cm),134.17,,%,auto_B
PMC12466729,3,1,1,H0,H2O2,H2O2 (µM),546.56,,µM,auto_B
PMC12466729,3,1,2,H0,TPC,TPC (GAE) mg/kg,434.3,,µM,auto_B
PMC12466729,3,1,3,H0,TFC,TFC (CEQ) mg/kg,114.01,,µM,auto_B
PMC12466729,3,1,6,H0,color,Color Absorbance (Abs560),4.54,,µM,auto_B
PMC12466729,3,2,1,H1,H2O2,H2O2 (µM),62.33,,µM,auto_B
PMC12466729,3,2,2,H1,TPC,TPC (GAE) mg/kg,51.49,,µM,auto_B
PMC12466729,3,2,3,H1,TFC,TFC (CEQ) mg/kg,4.42,,µM,auto_B
PMC12466729,3,2,6,H1,color,Color Absorbance (Abs560),0.165,,µM,auto_B
PMC12466729,3,3,1,H2,H2O2,H2O2 (µM),407.93,,µM,auto_B
PMC12466729,3,3,2,H2,TPC,TPC (GAE) mg/kg,36.28,,µM,auto_B
PMC12466729,3,3,3,H2,TFC,TFC (CEQ) mg/kg,42.33,,µM,auto_B
PMC12466729,3,3,6,H2,color,Color Absorbance (Abs560),0.081,,µM,auto_B
PMC12466729,3,4,1,H3,H2O2,H2O2 (µM),6.73,,µM,auto_B
PMC12466729,3,4,2,H3,TPC,TPC (GAE) mg/kg,1.2,,µM,auto_B
PMC12466729,3,4,3,H3,TFC,TFC (CEQ) mg/kg,5.49,,µM,auto_B
PMC12466729,3,4,6,H3,color,Color Absorbance (Abs560),0.094,,µM,auto_B
PMC12466729,3,5,1,H4,H2O2,H2O2 (µM),84.96,,µM,auto_B
PMC12466729,3,5,2,H4,TPC,TPC (GAE) mg/kg,122.95,,µM,auto_B
PMC12466729,3,5,3,H4,TFC,TFC (CEQ) mg/kg,20.07,,µM,auto_B
PMC12466729,3,5,6,H4,color,Color Absorbance (Abs560),0.352,,µM,auto_B
PMC12466729,3,6,1,H5,H2O2,H2O2 (µM),94.3,,µM,auto_B
PMC12466729,3,6,2,H5,TPC,TPC (GAE) mg/kg,73.1,,µM,auto_B
PMC12466729,3,6,3,H5,TFC,TFC (CEQ) mg/kg,11.72,,µM,auto_B
PMC12466729,3,6,6,H5,color,Color Absorbance (Abs560),0.164,,µM,auto_B
PMC12466729,3,7,1,H6,H2O2,H2O2 (µM),75.11,,µM,auto_B
PMC12466729,3,7,2,H6,TPC,TPC (GAE) mg/kg,104.91,,µM,auto_B
PMC12466729,3,7,3,H6,TFC,TFC (CEQ) mg/kg,14.61,,µM,auto_B
PMC12466729,3,7,6,H6,color,Color Absorbance (Abs560),0.257,,µM,auto_B
PMC12466729,3,8,1,H7,H2O2,H2O2 (µM),20.26,,µM,auto_B
PMC12466729,3,8,2,H7,TPC,TPC (GAE) mg/kg,37.25,,µM,auto_B
PMC12466729,3,8,3,H7,TFC,TFC (CEQ) mg/kg,8.45,,µM,auto_B
PMC12466729,3,8,6,H7,color,Color Absorbance (Abs560),0.123,,µM,auto_B
PMC12507334,2,1,1,TPC,TPC,TPC,1.0,,,auto_B
PMC12507334,2,2,2,TFC,TFC,TFC,1.0,,,auto_B
PMC13072155,4,1,1,1,TPC,Total Phenolic Content (mg GAE/100 g−1),171.49,,µm,auto_B
PMC13072155,4,1,2,1,TFC,Flavonoids(mg QE/100 g−1),40.66,,µm,auto_B
PMC13072155,4,2,1,2,TPC,Total Phenolic Content (mg GAE/100 g−1),195.58,,µm,auto_B
PMC13072155,4,2,2,2,TFC,Flavonoids(mg QE/100 g−1),65.46,,µm,auto_B
PMC13072155,4,3,1,3,TPC,Total Phenolic Content (mg GAE/100 g−1),188.19,,µm,auto_B
PMC13072155,4,3,2,3,TFC,Flavonoids(mg QE/100 g−1),60.73,,µm,auto_B
PMC13072155,4,4,1,4,TPC,Total Phenolic Content (mg GAE/100 g−1),168.82,,µm,auto_B
PMC13072155,4,4,2,4,TFC,Flavonoids(mg QE/100 g−1),39.82,,µm,auto_B
PMC13072155,4,6,1,Autumn,TPC,Total Phenolic Content (mg GAE/100 g−1),0.054,,µm,auto_B
PMC13072155,4,6,2,Autumn,TFC,Flavonoids(mg QE/100 g−1),0.024,,µm,auto_B
PMC13072155,4,7,1,Summer,TPC,Total Phenolic Content (mg GAE/100 g−1),0.0097,,µm,auto_B
PMC13072155,4,7,2,Summer,TFC,Flavonoids(mg QE/100 g−1),0.0062,,µm,auto_B
PMC13347724,0,1,1,Thyme Honey,moisture,Moisture (%),16.8,,%,auto_B
PMC13347724,0,1,2,Thyme Honey,pH,pH,3.6,,%,auto_B
PMC13347724,0,1,3,Thyme Honey,electrical_cond,Electrical Conductivity (mS/cm),0.21,,%,auto_B
PMC13347724,0,1,4,Thyme Honey,HMF,HMF (mg/kg),8.4,,%,auto_B
PMC13347724,0,1,5,Thyme Honey,diastase,Diastase Activity (DN),28.5,,%,auto_B
PMC13347724,0,2,1,Pine Honey,moisture,Moisture (%),17.2,,%,auto_B
PMC13347724,0,2,2,Pine Honey,pH,pH,4.2,,%,auto_B
PMC13347724,0,2,3,Pine Honey,electrical_cond,Electrical Conductivity (mS/cm),1.26,,%,auto_B
PMC13347724,0,2,4,Pine Honey,HMF,HMF (mg/kg),15.3,,%,auto_B
PMC13347724,0,2,5,Pine Honey,diastase,Diastase Activity (DN),16.8,,%,auto_B
PMC13347724,0,3,1,Linden Honey,moisture,Moisture (%),18.9,,%,auto_B
PMC13347724,0,3,2,Linden Honey,pH,pH,4.0,,%,auto_B
PMC13347724,0,3,3,Linden Honey,electrical_cond,Electrical Conductivity (mS/cm),0.52,,%,auto_B
PMC13347724,0,3,4,Linden Honey,HMF,HMF (mg/kg),12.7,,%,auto_B
PMC13347724,0,3,5,Linden Honey,diastase,Diastase Activity (DN),24.2,,%,auto_B
PMC13347724,0,4,1,Sunflower Honey,moisture,Moisture (%),16.2,,%,auto_B
PMC13347724,0,4,2,Sunflower Honey,pH,pH,3.8,,%,auto_B
PMC13347724,0,4,3,Sunflower Honey,electrical_cond,Electrical Conductivity (mS/cm),0.18,,%,auto_B
PMC13347724,0,4,4,Sunflower Honey,HMF,HMF (mg/kg),18.9,,%,auto_B
PMC13347724,0,4,5,Sunflower Honey,diastase,Diastase Activity (DN),32.1,,%,auto_B
PMC13347724,0,5,1,Lavender Honey,moisture,Moisture (%),17.6,,%,auto_B
PMC13347724,0,5,2,Lavender Honey,pH,pH,3.4,,%,auto_B
PMC13347724,0,5,3,Lavender Honey,electrical_cond,Electrical Conductivity (mS/cm),0.31,,%,auto_B
PMC13347724,0,5,4,Lavender Honey,HMF,HMF (mg/kg),6.2,,%,auto_B
PMC13347724,0,5,5,Lavender Honey,diastase,Diastase Activity (DN),26.7,,%,auto_B
PMC13347724,1,1,1,Thyme Honey,TPC,Total Phenolic Content (mg GAE/kg),186.4,,%,auto_B
PMC13347724,1,1,2,Thyme Honey,TFC,Total Flavonoid Content(mg QE/kg),34.2,,%,auto_B
PMC13347724,1,1,4,Thyme Honey,sugar_total,Reducing Sugars (%),71.8,,%,auto_B
PMC13347724,1,2,1,Pine Honey,TPC,Total Phenolic Content (mg GAE/kg),312.7,,%,auto_B
PMC13347724,1,2,2,Pine Honey,TFC,Total Flavonoid Content(mg QE/kg),28.9,,%,auto_B
PMC13347724,1,2,4,Pine Honey,sugar_total,Reducing Sugars (%),68.4,,%,auto_B
PMC13347724,1,3,1,Linden Honey,TPC,Total Phenolic Content (mg GAE/kg),98.2,,%,auto_B
PMC13347724,1,3,2,Linden Honey,TFC,Total Flavonoid Content(mg QE/kg),18.6,,%,auto_B
PMC13347724,1,3,4,Linden Honey,sugar_total,Reducing Sugars (%),74.2,,%,auto_B
PMC13347724,1,4,1,Sunflower Honey,TPC,Total Phenolic Content (mg GAE/kg),42.8,,%,auto_B
PMC13347724,1,4,2,Sunflower Honey,TFC,Total Flavonoid Content(mg QE/kg),8.9,,%,auto_B
PMC13347724,1,4,4,Sunflower Honey,sugar_total,Reducing Sugars (%),76.9,,%,auto_B
PMC13347724,1,5,1,Lavender Honey,TPC,Total Phenolic Content (mg GAE/kg),124.6,,%,auto_B
PMC13347724,1,5,2,Lavender Honey,TFC,Total Flavonoid Content(mg QE/kg),22.4,,%,auto_B
PMC13347724,1,5,4,Lavender Honey,sugar_total,Reducing Sugars (%),73.1,,%,auto_B
PMC13361349,1,1,1,Talh,moisture,Moisture (%),15.4,,%,auto_B
PMC13361349,1,1,4,Talh,pH,pH,3.26,,%,auto_B
PMC13361349,1,1,5,Talh,free_acidity,Total Acidity (meq kg−1),25.5,,%,auto_B
PMC13361349,1,2,1,Keina,moisture,Moisture (%),16.0,,%,auto_B
PMC13361349,1,2,4,Keina,pH,pH,3.62,,%,auto_B
PMC13361349,1,2,5,Keina,free_acidity,Total Acidity (meq kg−1),18.0,,%,auto_B
PMC13361349,1,3,1,Samr,moisture,Moisture (%),16.4,,%,auto_B
PMC13361349,1,3,4,Samr,pH,pH,3.63,,%,auto_B
PMC13361349,1,3,5,Samr,free_acidity,Total Acidity (meq kg−1),17.5,,%,auto_B
PMC13361349,1,4,1,Berseem,moisture,Moisture (%),17.1,,%,auto_B
PMC13361349,1,4,4,Berseem,pH,pH,3.75,,%,auto_B
PMC13361349,1,4,5,Berseem,free_acidity,Total Acidity (meq kg−1),12.0,,%,auto_B
PMC13361349,1,5,1,Ashr,moisture,Moisture (%),14.1,,%,auto_B
PMC13361349,1,5,4,Ashr,pH,pH,4.08,,%,auto_B
PMC13361349,1,5,5,Ashr,free_acidity,Total Acidity (meq kg−1),6.5,,%,auto_B
PMC13361349,1,6,1,LSD (α = 0.05),moisture,Moisture (%),1.04,,%,auto_B
PMC13361349,1,6,4,LSD (α = 0.05),pH,pH,0.084,,%,auto_B
PMC13361349,1,6,5,LSD (α = 0.05),free_acidity,Total Acidity (meq kg−1),1.56,,%,auto_B
PMC13361349,1,7,1,F value,moisture,Moisture (%),31.05,,%,auto_B
PMC13361349,1,7,4,F value,pH,pH,106.22,,%,auto_B
PMC13361349,1,7,5,F value,free_acidity,Total Acidity (meq kg−1),62.37,,%,auto_B
PMC13361349,1,8,1,F crit (α = 0.05),moisture,Moisture (%),2.866,,%,auto_B
PMC13361349,1,8,4,F crit (α = 0.05),pH,pH,2.866,,%,auto_B
PMC13361349,1,8,5,F crit (α = 0.05),free_acidity,Total Acidity (meq kg−1),2.866,,%,auto_B
PMC13361349,1,9,1,Pooled SE*,moisture,Moisture (%),0.34,,%,auto_B
PMC13361349,1,9,4,Pooled SE*,pH,pH,0.029,,%,auto_B
PMC13361349,1,9,5,Pooled SE*,free_acidity,Total Acidity (meq kg−1),0.53,,%,auto_B
PMC13361349,5,1,1,Talh,diastase,DIASTASE (Unit),0.0,,,auto_B
PMC13361349,5,1,2,Talh,HMF,HMF (mg/100 g),0.17,,,auto_B
PMC13361349,5,2,1,Keina,diastase,DIASTASE (Unit),26.08,,,auto_B
PMC13361349,5,2,2,Keina,HMF,HMF (mg/100 g),0.29,,,auto_B
PMC13361349,5,3,1,Samr,diastase,DIASTASE (Unit),14.2,,,auto_B
PMC13361349,5,3,2,Samr,HMF,HMF (mg/100 g),1.58,,,auto_B
PMC13361349,5,4,1,Berseem,diastase,DIASTASE (Unit),13.6,,,auto_B
PMC13361349,5,4,2,Berseem,HMF,HMF (mg/100 g),1.62,,,auto_B
PMC13361349,5,5,1,Ashr,diastase,DIASTASE (Unit),13.95,,,auto_B
PMC13361349,5,5,2,Ashr,HMF,HMF (mg/100 g),0.3,,,auto_B
PMC13361349,5,6,1,LSD (α = 0.05),diastase,DIASTASE (Unit),1.44,,,auto_B
PMC13361349,5,6,2,LSD (α = 0.05),HMF,HMF (mg/100 g),0.087,,,auto_B
PMC13361349,5,7,1,F value,diastase,DIASTASE (Unit),112.0,,,auto_B
PMC13361349,5,7,2,F value,HMF,HMF (mg/100 g),163.9,,,auto_B
PMC13361349,5,8,1,F crit (α = 0.05),diastase,DIASTASE (Unit),2.866,,,auto_B
PMC13361349,5,8,2,F crit (α = 0.05),HMF,HMF (mg/100 g),2.866,,,auto_B
PMC13361349,5,9,1,Pooled SE*,diastase,DIASTASE (Unit),0.58,,,auto_B
PMC13361349,5,9,2,Pooled SE*,HMF,HMF (mg/100 g),0.0356,,,auto_B
PMC13361349,6,1,1,Talh,TPC,Total Phenolic (mg GAE/kg),720.0,,,auto_B
PMC13361349,6,1,2,Talh,TFC,Total Flavonoid (mg QE/kg),201.0,,,auto_B
PMC13361349,6,2,1,Keina,TPC,Total Phenolic (mg GAE/kg),618.0,,,auto_B
PMC13361349,6,2,2,Keina,TFC,Total Flavonoid (mg QE/kg),75.0,,,auto_B
PMC13361349,6,3,1,Samr,TPC,Total Phenolic (mg GAE/kg),890.0,,,auto_B
PMC13361349,6,3,2,Samr,TFC,Total Flavonoid (mg QE/kg),226.0,,,auto_B
PMC13361349,6,4,1,Berseem,TPC,Total Phenolic (mg GAE/kg),400.0,,,auto_B
PMC13361349,6,4,2,Berseem,TFC,Total Flavonoid (mg QE/kg),81.0,,,auto_B
PMC13361349,6,5,1,Ashr,TPC,Total Phenolic (mg GAE/kg),595.0,,,auto_B
PMC13361349,6,5,2,Ashr,TFC,Total Flavonoid (mg QE/kg),124.0,,,auto_B
PMC13361349,6,6,1,LSD (α = 0.05),TPC,Total Phenolic (mg GAE/kg),32.0,,,auto_B
PMC13361349,6,6,2,LSD (α = 0.05),TFC,Total Flavonoid (mg QE/kg),7.9,,,auto_B
PMC13361349,6,7,1,F value,TPC,Total Phenolic (mg GAE/kg),212.3,,,auto_B
PMC13361349,6,7,2,F value,TFC,Total Flavonoid (mg QE/kg),479.2,,,auto_B
PMC13361349,6,8,1,F crit (α = 0.05),TPC,Total Phenolic (mg GAE/kg),2.866,,,auto_B
PMC13361349,6,8,2,F crit (α = 0.05),TFC,Total Flavonoid (mg QE/kg),2.866,,,auto_B
PMC13361349,6,9,1,Pooled SE*,TPC,Total Phenolic (mg GAE/kg),14.5,,,auto_B
PMC13361349,6,9,2,Pooled SE*,TFC,Total Flavonoid (mg QE/kg),3.58,,,auto_B
PMC13514261,0,1,1,RT-0.5,color,Color *(mm Pfund),64.69,,mm,auto_B
PMC13514261,0,1,2,RT-0.5,TPC,TPC **(mg GAE/100 g),554.79,,mm,auto_B
PMC13514261,0,1,3,RT-0.5,TFC,TFC ***(mg QE/100 g),492.53,,mm,auto_B
PMC13514261,0,2,1,55C-0.5,color,Color *(mm Pfund),64.92,,mm,auto_B
PMC13514261,0,2,2,55C-0.5,TPC,TPC **(mg GAE/100 g),569.92,,mm,auto_B
PMC13514261,0,2,3,55C-0.5,TFC,TFC ***(mg QE/100 g),480.44,,mm,auto_B
PMC13514261,0,3,1,65C-0.5,color,Color *(mm Pfund),71.53,,mm,auto_B
PMC13514261,0,3,2,65C-0.5,TPC,TPC **(mg GAE/100 g),679.12,,mm,auto_B
PMC13514261,0,3,3,65C-0.5,TFC,TFC ***(mg QE/100 g),525.96,,mm,auto_B
PMC13514261,0,4,1,75C-0.5,color,Color *(mm Pfund),74.2,,mm,auto_B
PMC13514261,0,4,2,75C-0.5,TPC,TPC **(mg GAE/100 g),773.18,,mm,auto_B
PMC13514261,0,4,3,75C-0.5,TFC,TFC ***(mg QE/100 g),656.12,,mm,auto_B
PMC13514261,0,5,1,85C-0.5,color,Color *(mm Pfund),78.73,,mm,auto_B
PMC13514261,0,5,2,85C-0.5,TPC,TPC **(mg GAE/100 g),875.86,,mm,auto_B
PMC13514261,0,5,3,85C-0.5,TFC,TFC ***(mg QE/100 g),615.58,,mm,auto_B
PMC13514261,0,6,1,RT-1,color,Color *(mm Pfund),64.25,,mm,auto_B
PMC13514261,0,6,2,RT-1,TPC,TPC **(mg GAE/100 g),563.22,,mm,auto_B
PMC13514261,0,6,3,RT-1,TFC,TFC ***(mg QE/100 g),491.28,,mm,auto_B
PMC13514261,0,7,1,55C-1,color,Color *(mm Pfund),63.95,,mm,auto_B
PMC13514261,0,7,2,55C-1,TPC,TPC **(mg GAE/100 g),606.9,,mm,auto_B
PMC13514261,0,7,3,55C-1,TFC,TFC ***(mg QE/100 g),504.62,,mm,auto_B
PMC13514261,0,8,1,65C-1,color,Color *(mm Pfund),72.86,,mm,auto_B
PMC13514261,0,8,2,65C-1,TPC,TPC **(mg GAE/100 g),822.99,,mm,auto_B
PMC13514261,0,8,3,65C-1,TFC,TFC ***(mg QE/100 g),615.58,,mm,auto_B
PMC13514261,0,9,1,75C-1,color,Color *(mm Pfund),76.8,,mm,auto_B
PMC13514261,0,9,2,75C-1,TPC,TPC **(mg GAE/100 g),921.26,,mm,auto_B
PMC13514261,0,9,3,75C-1,TFC,TFC ***(mg QE/100 g),1217.28,,mm,auto_B
PMC13514261,0,10,1,85C-1,color,Color *(mm Pfund),84.75,,mm,auto_B
PMC13514261,0,10,2,85C-1,TPC,TPC **(mg GAE/100 g),1004.22,,mm,auto_B
PMC13514261,0,10,3,85C-1,TFC,TFC ***(mg QE/100 g),1407.89,,mm,auto_B
PMC13514261,0,11,1,RT-2,color,Color *(mm Pfund),64.25,,mm,auto_B
PMC13514261,0,11,2,RT-2,TPC,TPC **(mg GAE/100 g),547.51,,mm,auto_B
PMC13514261,0,11,3,RT-2,TFC,TFC ***(mg QE/100 g),474.04,,mm,auto_B
PMC13514261,0,12,1,55C-2,color,Color *(mm Pfund),65.66,,mm,auto_B
PMC13514261,0,12,2,55C-2,TPC,TPC **(mg GAE/100 g),623.95,,mm,auto_B
PMC13514261,0,12,3,55C-2,TFC,TFC ***(mg QE/100 g),475.46,,mm,auto_B
PMC13514261,0,13,1,65C-2,color,Color *(mm Pfund),74.42,,mm,auto_B
PMC13514261,0,13,2,65C-2,TPC,TPC **(mg GAE/100 g),894.64,,mm,auto_B
PMC13514261,0,13,3,65C-2,TFC,TFC ***(mg QE/100 g),649.72,,mm,auto_B
PMC13514261,0,14,1,75C-2,color,Color *(mm Pfund),79.1,,mm,auto_B
PMC13514261,0,14,2,75C-2,TPC,TPC **(mg GAE/100 g),990.61,,mm,auto_B
PMC13514261,0,14,3,75C-2,TFC,TFC ***(mg QE/100 g),1163.94,,mm,auto_B
PMC13514261,0,15,1,85C-2,color,Color *(mm Pfund),85.19,,mm,auto_B
PMC13514261,0,15,2,85C-2,TPC,TPC **(mg GAE/100 g),1098.08,,mm,auto_B
PMC13514261,0,15,3,85C-2,TFC,TFC ***(mg QE/100 g),1837.48,,mm,auto_B
PMC3065476,3,2,2,Red stringybark (Eucalyptus macrorhyncha) [10],H2O2,Non-peroxide,5.0,lt,mm,auto_B
PMC3065476,3,2,2,Red stringybark (Eucalyptus macrorhyncha) [10],phenol_equiv,Non-peroxide,5.0,lt,mm,auto_B
PMC3065476,3,3,2,Mixed urban flora [11],H2O2,Non-peroxide,5.0,lt,mm,auto_B
PMC3065476,3,3,2,Mixed urban flora [11],phenol_equiv,Non-peroxide,5.0,lt,mm,auto_B
PMC3065476,3,4,2,Viper's bugloss and lucerne (Echium vulgare and Medicago sativa) [22],H2O2,Non-peroxide,5.0,lt,mm,auto_B
PMC3065476,3,4,2,Viper's bugloss and lucerne (Echium vulgare and Medicago sativa) [22],phenol_equiv,Non-peroxide,5.0,lt,mm,auto_B
PMC3065476,3,5,2,Grey ironbark (Eucalyptus paniculata) [1],H2O2,Non-peroxide,5.0,lt,mm,auto_B
PMC3065476,3,5,2,Grey ironbark (Eucalyptus paniculata) [1],phenol_equiv,Non-peroxide,5.0,lt,mm,auto_B
PMC3065476,3,6,2,Forest red gum (Eucalyptus tereticornis) [5],H2O2,Non-peroxide,5.0,lt,mm,auto_B
PMC3065476,3,6,2,Forest red gum (Eucalyptus tereticornis) [5],phenol_equiv,Non-peroxide,5.0,lt,mm,auto_B
PMC3065476,3,7,2,Turpentine (Syncarpia glomulifera) [42],H2O2,Non-peroxide,5.0,lt,mm,auto_B
PMC3065476,3,7,2,Turpentine (Syncarpia glomulifera) [42],phenol_equiv,Non-peroxide,5.0,lt,mm,auto_B
PMC3065476,3,8,2,Bloodwood (Corymbia gummifera) [3],H2O2,Non-peroxide,5.0,lt,mm,auto_B
PMC3065476,3,8,2,Bloodwood (Corymbia gummifera) [3],phenol_equiv,Non-peroxide,5.0,lt,mm,auto_B
PMC3065476,3,9,2,Avocado (Persea americana) [3],H2O2,Non-peroxide,5.0,lt,mm,auto_B
PMC3065476,3,9,2,Avocado (Persea americana) [3],phenol_equiv,Non-peroxide,5.0,lt,mm,auto_B
PMC3065476,3,10,2,Mixed urban flora [45],H2O2,Non-peroxide,5.0,lt,mm,auto_B
PMC3065476,3,10,2,Mixed urban flora [45],phenol_equiv,Non-peroxide,5.0,lt,mm,auto_B
PMC3065476,3,11,2,Red stringybark (Eucalyptus macrorhyncha) [42],H2O2,Non-peroxide,5.0,lt,mm,auto_B
PMC3065476,3,11,2,Red stringybark (Eucalyptus macrorhyncha) [42],phenol_equiv,Non-peroxide,5.0,lt,mm,auto_B
PMC3065476,3,12,2,Jelly bush (Leptospermum polygalifolium) [<1],H2O2,Non-peroxide,15.3,,mm,auto_B
PMC3065476,3,12,2,Jelly bush (Leptospermum polygalifolium) [<1],phenol_equiv,Non-peroxide,15.3,,mm,auto_B
PMC3065476,3,13,2,Jelly bush (L. polygalifolium) [46],H2O2,Non-peroxide,17.1,,mm,auto_B
PMC3065476,3,13,2,Jelly bush (L. polygalifolium) [46],phenol_equiv,Non-peroxide,17.1,,mm,auto_B
PMC3065476,3,14,2,Jelly bush (L. polygalifolium) [54],H2O2,Non-peroxide,23.4,,mm,auto_B
PMC3065476,3,14,2,Jelly bush (L. polygalifolium) [54],phenol_equiv,Non-peroxide,23.4,,mm,auto_B
PMC3065476,3,15,2,Jelly bush and crow's ash (L. polygalifolium and Guioa semiglauca) [46],H2O2,Non-peroxide,13.3,,mm,auto_B
PMC3065476,3,15,2,Jelly bush and crow's ash (L. polygalifolium and Guioa semiglauca) [46],phenol_equiv,Non-peroxide,13.3,,mm,auto_B
PMC3065476,3,16,2,Jelly bush and tea tree (L. polygalifolium and Leptospermum whitei) [9],H2O2,Non-peroxide,13.2,,mm,auto_B
PMC3065476,3,16,2,Jelly bush and tea tree (L. polygalifolium and Leptospermum whitei) [9],phenol_equiv,Non-peroxide,13.2,,mm,auto_B
PMC3065476,3,17,2,Clover (Trifolium repens) [9],H2O2,Non-peroxide,9.2,,mm,auto_B
PMC3065476,3,17,2,Clover (Trifolium repens) [9],phenol_equiv,Non-peroxide,9.2,,mm,auto_B
PMC3065476,3,18,2,Mixed flora [3],H2O2,Non-peroxide,8.5,,mm,auto_B
PMC3065476,3,18,2,Mixed flora [3],phenol_equiv,Non-peroxide,8.5,,mm,auto_B
PMC3065476,3,19,2,Paperbark and brush box (Melaleuca sp. and Lophostemon confertus) [7],H2O2,Non-peroxide,10.5,,mm,auto_B
PMC3065476,3,19,2,Paperbark and brush box (Melaleuca sp. and Lophostemon confertus) [7],phenol_equiv,Non-peroxide,10.5,,mm,auto_B
PMC3065476,3,20,2,Lemon-scented tea tree (Leptospermum liversidgei) [8],H2O2,Non-peroxide,13.4,,mm,auto_B
PMC3065476,3,20,2,Lemon-scented tea tree (Leptospermum liversidgei) [8],phenol_equiv,Non-peroxide,13.4,,mm,auto_B
PMC3065476,3,21,2,Lemon-scented tea tree (L. liversidgei) [17],H2O2,Non-peroxide,23.6,,mm,auto_B
PMC3065476,3,21,2,Lemon-scented tea tree (L. liversidgei) [17],phenol_equiv,Non-peroxide,23.6,,mm,auto_B
PMC3273858,0,1,2,Spl. 11,color,Color (A560–A720),0.131,,mM,auto_B
PMC3273858,0,1,3,Spl. 11,H2O2,Hydrogen peroxide (mM/L)*,2.49,,mM,auto_B
PMC3273858,0,1,4,Spl. 11,aw,Water activity Aw,0.55,,mM,auto_B
PMC3273858,0,2,2,Spl. 15,color,Color (A560–A720),0.267,,mM,auto_B
PMC3273858,0,2,3,Spl. 15,H2O2,Hydrogen peroxide (mM/L)*,1.75,,mM,auto_B
PMC3273858,0,2,4,Spl. 15,aw,Water activity Aw,0.605,,mM,auto_B
PMC3273858,0,3,2,Spl. 23,color,Color (A560–A720),0.975,,mM,auto_B
PMC3273858,0,3,3,Spl. 23,H2O2,Hydrogen peroxide (mM/L)*,2.12,,mM,auto_B
PMC3273858,0,3,4,Spl. 23,aw,Water activity Aw,0.69,,mM,auto_B
PMC3273858,0,4,2,Spl. 58,color,Color (A560–A720),0.989,,mM,auto_B
PMC3273858,0,4,3,Spl. 58,H2O2,Hydrogen peroxide (mM/L)*,2.68,,mM,auto_B
PMC3273858,0,4,4,Spl. 58,aw,Water activity Aw,0.576,,mM,auto_B
PMC3273858,0,5,2,Spl. 76,color,Color (A560–A720),0.906,,mM,auto_B
PMC3273858,0,5,3,Spl. 76,H2O2,Hydrogen peroxide (mM/L)*,2.56,,mM,auto_B
PMC3273858,0,5,4,Spl. 76,aw,Water activity Aw,0.591,,mM,auto_B
PMC3273858,0,6,2,Spl. 77,color,Color (A560–A720),1.266,,mM,auto_B
PMC3273858,0,6,3,Spl. 77,H2O2,Hydrogen peroxide (mM/L)*,2.7,,mM,auto_B
PMC3273858,0,6,4,Spl. 77,aw,Water activity Aw,0.597,,mM,auto_B
PMC3273858,0,7,2,Spl. 81,color,Color (A560–A720),0.331,,mM,auto_B
PMC3273858,0,7,3,Spl. 81,H2O2,Hydrogen peroxide (mM/L)*,2.32,,mM,auto_B
PMC3273858,0,7,4,Spl. 81,aw,Water activity Aw,0.58,,mM,auto_B
PMC3273858,0,8,2,Spl. 103,color,Color (A560–A720),0.203,,mM,auto_B
PMC3273858,0,8,3,Spl. 103,H2O2,Hydrogen peroxide (mM/L)*,2.4,,mM,auto_B
PMC3273858,0,8,4,Spl. 103,aw,Water activity Aw,0.601,,mM,auto_B
PMC3273858,0,9,2,Manuka,color,Color (A560–A720),0.539,,mM,auto_B
PMC3273858,0,9,3,Manuka,H2O2,Hydrogen peroxide (mM/L)*,1.04,,mM,auto_B
PMC3273858,0,9,4,Manuka,aw,Water activity Aw,0.617,,mM,auto_B
PMC3273858,0,10,3,H203,H2O2,Hydrogen peroxide (mM/L)*,0.248,,mM,auto_B
PMC3273858,0,11,3,H204,H2O2,Hydrogen peroxide (mM/L)*,0.744,,mM,auto_B
PMC3273858,0,12,3,H205,H2O2,Hydrogen peroxide (mM/L)*,1.168,,mM,auto_B
PMC3273858,0,13,3,H206,H2O2,Hydrogen peroxide (mM/L)*,1.112,,mM,auto_B
PMC3389331,0,1,2,Spl. 15,color,Color (A560–A720),0.267,,mM,auto_B
PMC3389331,0,1,3,Spl. 15,H2O2,Hydrogen peroxide (mM/L)*,1.75,,mM,auto_B
PMC3389331,0,2,2,Spl. 23,color,Color (A560–A720),0.975,,mM,auto_B
PMC3389331,0,2,3,Spl. 23,H2O2,Hydrogen peroxide (mM/L)*,2.12,,mM,auto_B
PMC3389331,0,3,2,Spl. 77,color,Color (A560–A720),1.266,,mM,auto_B
PMC3389331,0,3,3,Spl. 77,H2O2,Hydrogen peroxide (mM/L)*,2.7,,mM,auto_B
PMC3389331,0,4,2,Manuka,color,Color (A560–A720),0.539,,mM,auto_B
PMC3389331,0,4,3,Manuka,H2O2,Hydrogen peroxide (mM/L)*,1.04,,mM,auto_B
PMC3389331,0,5,2,H203,color,Color (A560–A720),0.3,,mM,auto_B
PMC3389331,0,5,3,H203,H2O2,Hydrogen peroxide (mM/L)*,0.248,,mM,auto_B
PMC3389331,0,6,2,H204,color,Color (A560–A720),0.32,,mM,auto_B
PMC3389331,0,6,3,H204,H2O2,Hydrogen peroxide (mM/L)*,0.74,,mM,auto_B
PMC3389331,0,7,2,H205,color,Color (A560–A720),0.463,,mM,auto_B
PMC3389331,0,7,3,H205,H2O2,Hydrogen peroxide (mM/L)*,1.17,,mM,auto_B
PMC3389331,0,8,2,H206,color,Color (A560–A720),0.965,,mM,auto_B
PMC3389331,0,8,3,H206,H2O2,Hydrogen peroxide (mM/L)*,1.11,,mM,auto_B
PMC3406342,0,3,2,R1,phenol_equiv,Antibacterial activity (% phenol equivalence against S. aureus),14.9,,%,auto_B
PMC3406342,0,3,8,R1,H2O2,Hydrogen peroxide concentration (μM),526.0,,%,auto_B
PMC3406342,0,4,2,R2,phenol_equiv,Antibacterial activity (% phenol equivalence against S. aureus),21.2,,%,auto_B
PMC3406342,0,4,8,R2,H2O2,Hydrogen peroxide concentration (μM),796.0,,%,auto_B
PMC3406342,0,5,2,R3,phenol_equiv,Antibacterial activity (% phenol equivalence against S. aureus),14.1,,%,auto_B
PMC3406342,0,5,8,R3,H2O2,Hydrogen peroxide concentration (μM),1017.0,,%,auto_B
PMC3406342,0,6,8,R4,H2O2,Hydrogen peroxide concentration (μM),0.0,,%,auto_B
PMC3406342,0,7,8,R5,H2O2,Hydrogen peroxide concentration (μM),0.0,,%,auto_B
PMC3406342,0,8,2,R6,phenol_equiv,Antibacterial activity (% phenol equivalence against S. aureus),12.0,,%,auto_B
PMC3406342,0,8,8,R6,H2O2,Hydrogen peroxide concentration (μM),916.0,,%,auto_B
PMC3406342,0,9,8,Y1,H2O2,Hydrogen peroxide concentration (μM),0.0,,%,auto_B
PMC3406342,0,10,8,Y2,H2O2,Hydrogen peroxide concentration (μM),0.0,,%,auto_B
PMC3406342,0,11,8,Y3,H2O2,Hydrogen peroxide concentration (μM),543.0,,%,auto_B
PMC3406342,0,12,8,Y4,H2O2,Hydrogen peroxide concentration (μM),645.0,,%,auto_B
PMC3406342,0,13,8,Y5,H2O2,Hydrogen peroxide concentration (μM),488.0,,%,auto_B
PMC3406342,0,14,8,S1,H2O2,Hydrogen peroxide concentration (μM),151.0,,%,auto_B
PMC3406342,0,15,8,S2,H2O2,Hydrogen peroxide concentration (μM),284.0,,%,auto_B
PMC3406342,0,16,8,S3,H2O2,Hydrogen peroxide concentration (μM),0.0,,%,auto_B
PMC3406342,0,17,8,S4,H2O2,Hydrogen peroxide concentration (μM),0.0,,%,auto_B
PMC3406342,0,18,8,S5,H2O2,Hydrogen peroxide concentration (μM),426.0,,%,auto_B
PMC3406342,0,19,8,C1,H2O2,Hydrogen peroxide concentration (μM),754.0,,%,auto_B
PMC3716576,1,3,2,Acacia,H2O2,Non-peroxide,13.99,,,auto_B
PMC3716576,1,3,2,Acacia,phenol_equiv,Non-peroxide,13.99,,,auto_B
PMC3716576,1,4,2,Gelam,H2O2,Non-peroxide,18.25,,,auto_B
PMC3716576,1,4,2,Gelam,phenol_equiv,Non-peroxide,18.25,,,auto_B
PMC3716576,1,5,2,Kelulut,H2O2,Non-peroxide,25.74,,,auto_B
PMC3716576,1,5,2,Kelulut,phenol_equiv,Non-peroxide,25.74,,,auto_B
PMC3716576,1,6,2,Pineapple,H2O2,Non-peroxide,19.71,,,auto_B
PMC3716576,1,6,2,Pineapple,phenol_equiv,Non-peroxide,19.71,,,auto_B
PMC3716576,1,7,2,Tualang,H2O2,Non-peroxide,16.08,,,auto_B
PMC3716576,1,7,2,Tualang,phenol_equiv,Non-peroxide,16.08,,,auto_B
PMC3716576,1,8,2,Manuka (Comvita +18),H2O2,Non-peroxide,19.81,,,auto_B
PMC3716576,1,8,2,Manuka (Comvita +18),phenol_equiv,Non-peroxide,19.81,,,auto_B
PMC3987683,0,3,2,ATCC 33277,H2O2,Hydrogen peroxide methylglyoxal,5.0,,%w/v,auto_B
PMC3987683,0,3,2,ATCC 33277,MGO,Hydrogen peroxide methylglyoxal,5.0,,%w/v,auto_B
PMC3987683,0,4,2,M5-1-2,H2O2,Hydrogen peroxide methylglyoxal,5.0,,%w/v,auto_B
PMC3987683,0,4,2,M5-1-2,MGO,Hydrogen peroxide methylglyoxal,5.0,,%w/v,auto_B
PMC3987683,0,5,2,MaRL,H2O2,Hydrogen peroxide methylglyoxal,10.0,,%w/v,auto_B
PMC3987683,0,5,2,MaRL,MGO,Hydrogen peroxide methylglyoxal,10.0,,%w/v,auto_B
PMC3987683,0,6,2,J361-1,H2O2,Hydrogen peroxide methylglyoxal,5.0,,%w/v,auto_B
PMC3987683,0,6,2,J361-1,MGO,Hydrogen peroxide methylglyoxal,5.0,,%w/v,auto_B
PMC4417269,3,1,2,1,TPC,Phenolic content (mg GAE/kg of honey),301.93,,,auto_B
PMC4417269,3,1,3,1,TFC,Flavonoid content (mg quercetin /kg of honey),40.46,,,auto_B
PMC4417269,3,2,2,Lychee,TPC,Phenolic content (mg GAE/kg of honey),59.77,,,auto_B
PMC4417269,3,2,3,Lychee,TFC,Flavonoid content (mg quercetin /kg of honey),7.35,,,auto_B
PMC4417269,3,3,2,Polyflora,TPC,Phenolic content (mg GAE/kg of honey),66.56,,,auto_B
PMC4417269,3,3,3,Polyflora,TFC,Flavonoid content (mg quercetin /kg of honey),12.28,,,auto_B
PMC4417269,3,4,2,2,TPC,Phenolic content (mg GAE/kg of honey),467.66,,,auto_B
PMC4417269,3,4,3,2,TFC,Flavonoid content (mg quercetin /kg of honey),81.91,,,auto_B
PMC4417269,3,5,2,Sunflower,TPC,Phenolic content (mg GAE/kg of honey),67.23,,,auto_B
PMC4417269,3,5,3,Sunflower,TFC,Flavonoid content (mg quercetin /kg of honey),17.93,,,auto_B
PMC4417269,3,6,2,Polyflora,TPC,Phenolic content (mg GAE/kg of honey),51.62,,,auto_B
PMC4417269,3,6,3,Polyflora,TFC,Flavonoid content (mg quercetin /kg of honey),15.06,,,auto_B
PMC4417269,3,7,2,3,TPC,Phenolic content (mg GAE/kg of honey),312.53,,,auto_B
PMC4417269,3,7,3,3,TFC,Flavonoid content (mg quercetin /kg of honey),53.88,,,auto_B
PMC4417269,3,8,2,Lychee,TPC,Phenolic content (mg GAE/kg of honey),34.48,,,auto_B
PMC4417269,3,8,3,Lychee,TFC,Flavonoid content (mg quercetin /kg of honey),5.93,,,auto_B
PMC4417269,3,9,2,Polyflora,TPC,Phenolic content (mg GAE/kg of honey),55.42,,,auto_B
PMC4417269,3,9,3,Polyflora,TFC,Flavonoid content (mg quercetin /kg of honey),17.03,,,auto_B
PMC4417269,3,10,2,Forest flower,TPC,Phenolic content (mg GAE/kg of honey),35.4,,,auto_B
PMC4417269,3,10,3,Forest flower,TFC,Flavonoid content (mg quercetin /kg of honey),7.1,,,auto_B
PMC4417269,3,11,2,4,TPC,Phenolic content (mg GAE/kg of honey),734.76,,,auto_B
PMC4417269,3,11,3,4,TFC,Flavonoid content (mg quercetin /kg of honey),178.31,,,auto_B
PMC4417269,3,12,2,5,TPC,Phenolic content (mg GAE/kg of honey),674.81,,,auto_B
PMC4417269,3,12,3,5,TFC,Flavonoid content (mg quercetin /kg of honey),79.75,,,auto_B
PMC4417269,3,13,2,6,TPC,Phenolic content (mg GAE/kg of honey),311.87,,,auto_B
PMC4417269,3,13,3,6,TFC,Flavonoid content (mg quercetin /kg of honey),55.99,,,auto_B
PMC4417269,3,14,2,Sunflower,TPC,Phenolic content (mg GAE/kg of honey),47.36,,,auto_B
PMC4417269,3,14,3,Sunflower,TFC,Flavonoid content (mg quercetin /kg of honey),13.39,,,auto_B
PMC4417269,3,15,2,Polyflora,TPC,Phenolic content (mg GAE/kg of honey),29.86,,,auto_B
PMC4417269,3,15,3,Polyflora,TFC,Flavonoid content (mg quercetin /kg of honey),6.15,,,auto_B
PMC4417269,3,16,2,Sesame,TPC,Phenolic content (mg GAE/kg of honey),54.97,,,auto_B
PMC4417269,3,16,3,Sesame,TFC,Flavonoid content (mg quercetin /kg of honey),9.12,,,auto_B
PMC4417269,3,17,2,Mānuka honey,TPC,Phenolic content (mg GAE/kg of honey),831.88,,,auto_B
PMC4417269,3,17,3,Mānuka honey,TFC,Flavonoid content (mg quercetin /kg of honey),162.87,,,auto_B
PMC4635208,0,1,1,Astragalus gyzensis,moisture,"Water content (%) [F(7, 376) = 53.76, P < 0.001]",15.8,,%,auto_B
PMC4635208,0,1,2,Astragalus gyzensis,pH,"pH [F(7, 376) = 4.83, P < 0.001]",4.25,,%,auto_B
PMC4635208,0,1,3,Astragalus gyzensis,electrical_cond,"Electrical conductivity (μS/cm) [F(7, 376) = 11.60, P < 0.001]",0.5,,%,auto_B
PMC4635208,0,1,4,Astragalus gyzensis,HMF,"HMF (mg/kg honey) [F(7, 376) = 17.86, P < 0.001]",123.67,,%,auto_B
PMC4635208,0,2,1,Diplotaxis harra,moisture,"Water content (%) [F(7, 376) = 53.76, P < 0.001]",13.6,,%,auto_B
PMC4635208,0,2,2,Diplotaxis harra,pH,"pH [F(7, 376) = 4.83, P < 0.001]",4.46,,%,auto_B
PMC4635208,0,2,3,Diplotaxis harra,electrical_cond,"Electrical conductivity (μS/cm) [F(7, 376) = 11.60, P < 0.001]",0.46,,%,auto_B
PMC4635208,0,2,4,Diplotaxis harra,HMF,"HMF (mg/kg honey) [F(7, 376) = 17.86, P < 0.001]",79.0,,%,auto_B
PMC4635208,0,3,1,Eucalyptus globulus,moisture,"Water content (%) [F(7, 376) = 53.76, P < 0.001]",13.05,,%,auto_B
PMC4635208,0,3,2,Eucalyptus globulus,pH,"pH [F(7, 376) = 4.83, P < 0.001]",4.31,,%,auto_B
PMC4635208,0,3,3,Eucalyptus globulus,electrical_cond,"Electrical conductivity (μS/cm) [F(7, 376) = 11.60, P < 0.001]",0.46,,%,auto_B
PMC4635208,0,3,4,Eucalyptus globulus,HMF,"HMF (mg/kg honey) [F(7, 376) = 17.86, P < 0.001]",28.5,,%,auto_B
PMC4635208,0,4,1,Fabaceae sp.,moisture,"Water content (%) [F(7, 376) = 53.76, P < 0.001]",12.2,,%,auto_B
PMC4635208,0,4,2,Fabaceae sp.,pH,"pH [F(7, 376) = 4.83, P < 0.001]",4.18,,%,auto_B
PMC4635208,0,4,3,Fabaceae sp.,electrical_cond,"Electrical conductivity (μS/cm) [F(7, 376) = 11.60, P < 0.001]",0.46,,%,auto_B
PMC4635208,0,4,4,Fabaceae sp.,HMF,"HMF (mg/kg honey) [F(7, 376) = 17.86, P < 0.001]",184.0,,%,auto_B
PMC4635208,0,5,1,Prunus persica,moisture,"Water content (%) [F(7, 376) = 53.76, P < 0.001]",15.0,,%,auto_B
PMC4635208,0,5,2,Prunus persica,pH,"pH [F(7, 376) = 4.83, P < 0.001]",5.05,,%,auto_B
PMC4635208,0,5,3,Prunus persica,electrical_cond,"Electrical conductivity (μS/cm) [F(7, 376) = 11.60, P < 0.001]",0.57,,%,auto_B
PMC4635208,0,5,4,Prunus persica,HMF,"HMF (mg/kg honey) [F(7, 376) = 17.86, P < 0.001]",96.0,,%,auto_B
PMC4635208,0,6,1,Retama retam,moisture,"Water content (%) [F(7, 376) = 53.76, P < 0.001]",15.67,,%,auto_B
PMC4635208,0,6,2,Retama retam,pH,"pH [F(7, 376) = 4.83, P < 0.001]",4.23,,%,auto_B
PMC4635208,0,6,3,Retama retam,electrical_cond,"Electrical conductivity (μS/cm) [F(7, 376) = 11.60, P < 0.001]",0.49,,%,auto_B
PMC4635208,0,6,4,Retama retam,HMF,"HMF (mg/kg honey) [F(7, 376) = 17.86, P < 0.001]",71.67,,%,auto_B
PMC4635208,0,7,1,Ziziphus lotus,moisture,"Water content (%) [F(7, 376) = 53.76, P < 0.001]",15.12,,%,auto_B
PMC4635208,0,7,2,Ziziphus lotus,pH,"pH [F(7, 376) = 4.83, P < 0.001]",4.39,,%,auto_B
PMC4635208,0,7,3,Ziziphus lotus,electrical_cond,"Electrical conductivity (μS/cm) [F(7, 376) = 11.60, P < 0.001]",0.56,,%,auto_B
PMC4635208,0,7,4,Ziziphus lotus,HMF,"HMF (mg/kg honey) [F(7, 376) = 17.86, P < 0.001]",94.4,,%,auto_B
PMC4635208,0,8,1,Multifloral,moisture,"Water content (%) [F(7, 376) = 53.76, P < 0.001]",14.87,,%,auto_B
PMC4635208,0,8,2,Multifloral,pH,"pH [F(7, 376) = 4.83, P < 0.001]",4.39,,%,auto_B
PMC4635208,0,8,3,Multifloral,electrical_cond,"Electrical conductivity (μS/cm) [F(7, 376) = 11.60, P < 0.001]",0.49,,%,auto_B
PMC4635208,0,8,4,Multifloral,HMF,"HMF (mg/kg honey) [F(7, 376) = 17.86, P < 0.001]",77.45,,%,auto_B
PMC4635208,0,9,1,All origins combined,moisture,"Water content (%) [F(7, 376) = 53.76, P < 0.001]",14.61,,%,auto_B
PMC4635208,0,9,2,All origins combined,pH,"pH [F(7, 376) = 4.83, P < 0.001]",4.38,,%,auto_B
PMC4635208,0,9,3,All origins combined,electrical_cond,"Electrical conductivity (μS/cm) [F(7, 376) = 11.60, P < 0.001]",0.5,,%,auto_B
PMC4635208,0,9,4,All origins combined,HMF,"HMF (mg/kg honey) [F(7, 376) = 17.86, P < 0.001]",81.88,,%,auto_B
PMC4635208,1,1,1,Astragalus gyzensis,sugar_total,"Total sugars (%) [F(7, 376) = 65.31, P < 0.001]",81.75,,%,auto_B
PMC4635208,1,1,3,Astragalus gyzensis,density,"Pollen density (grains × 106/10 g) [F(7, 376) = 5.73, P < 0.001]",6.22,,%,auto_B
PMC4635208,1,1,4,Astragalus gyzensis,proline,"Proline (mg/kg honey) [F(7, 376) = 21.47, P < 0.001]",833.3,,%,auto_B
PMC4635208,1,2,1,Diplotaxis harra,sugar_total,"Total sugars (%) [F(7, 376) = 65.31, P < 0.001]",84.06,,%,auto_B
PMC4635208,1,2,3,Diplotaxis harra,density,"Pollen density (grains × 106/10 g) [F(7, 376) = 5.73, P < 0.001]",2.19,,%,auto_B
PMC4635208,1,2,4,Diplotaxis harra,proline,"Proline (mg/kg honey) [F(7, 376) = 21.47, P < 0.001]",135.9,,%,auto_B
PMC4635208,1,3,1,Eucalyptus globulus,sugar_total,"Total sugars (%) [F(7, 376) = 65.31, P < 0.001]",84.54,,%,auto_B
PMC4635208,1,3,3,Eucalyptus globulus,density,"Pollen density (grains × 106/10 g) [F(7, 376) = 5.73, P < 0.001]",4.14,,%,auto_B
PMC4635208,1,3,4,Eucalyptus globulus,proline,"Proline (mg/kg honey) [F(7, 376) = 21.47, P < 0.001]",317.3,,%,auto_B
PMC4635208,1,4,1,Fabaceae sp.,sugar_total,"Total sugars (%) [F(7, 376) = 65.31, P < 0.001]",86.23,,%,auto_B
PMC4635208,1,4,3,Fabaceae sp.,density,"Pollen density (grains × 106/10 g) [F(7, 376) = 5.73, P < 0.001]",12.92,,%,auto_B
PMC4635208,1,4,4,Fabaceae sp.,proline,"Proline (mg/kg honey) [F(7, 376) = 21.47, P < 0.001]",14.0,,%,auto_B
PMC4635208,1,5,1,Prunus persica,sugar_total,"Total sugars (%) [F(7, 376) = 65.31, P < 0.001]",82.5,,%,auto_B
PMC4635208,1,5,3,Prunus persica,density,"Pollen density (grains × 106/10 g) [F(7, 376) = 5.73, P < 0.001]",1.06,,%,auto_B
PMC4635208,1,5,4,Prunus persica,proline,"Proline (mg/kg honey) [F(7, 376) = 21.47, P < 0.001]",169.5,,%,auto_B
PMC4635208,1,6,1,Retama retam,sugar_total,"Total sugars (%) [F(7, 376) = 65.31, P < 0.001]",82.0,,%,auto_B
PMC4635208,1,6,3,Retama retam,density,"Pollen density (grains × 106/10 g) [F(7, 376) = 5.73, P < 0.001]",6.34,,%,auto_B
PMC4635208,1,6,4,Retama retam,proline,"Proline (mg/kg honey) [F(7, 376) = 21.47, P < 0.001]",783.0,,%,auto_B
PMC4635208,1,7,1,Ziziphus lotus,sugar_total,"Total sugars (%) [F(7, 376) = 65.31, P < 0.001]",82.5,,%,auto_B
PMC4635208,1,7,3,Ziziphus lotus,density,"Pollen density (grains × 106/10 g) [F(7, 376) = 5.73, P < 0.001]",2.26,,%,auto_B
PMC4635208,1,7,4,Ziziphus lotus,proline,"Proline (mg/kg honey) [F(7, 376) = 21.47, P < 0.001]",261.0,,%,auto_B
PMC4635208,1,8,1,Multifloral,sugar_total,"Total sugars (%) [F(7, 376) = 65.31, P < 0.001]",82.8,,%,auto_B
PMC4635208,1,8,3,Multifloral,density,"Pollen density (grains × 106/10 g) [F(7, 376) = 5.73, P < 0.001]",14.83,,%,auto_B
PMC4635208,1,8,4,Multifloral,proline,"Proline (mg/kg honey) [F(7, 376) = 21.47, P < 0.001]",787.8,,%,auto_B
PMC4635208,1,9,1,All origins combined,sugar_total,"Total sugars (%) [F(7, 376) = 65.31, P < 0.001]",83.05,,%,auto_B
PMC4635208,1,9,3,All origins combined,density,"Pollen density (grains × 106/10 g) [F(7, 376) = 5.73, P < 0.001]",7.86,,%,auto_B
PMC4635208,1,9,4,All origins combined,proline,"Proline (mg/kg honey) [F(7, 376) = 21.47, P < 0.001]",525.5,,%,auto_B
PMC4783026,1,1,1,Citrus,pH,pH,4.03,,,auto_B
PMC4783026,1,1,2,Citrus,free_acidity,Free aciditya,16.5,,,auto_B
PMC4783026,1,2,1,Clover,pH,pH,3.98,,,auto_B
PMC4783026,1,2,2,Clover,free_acidity,Free aciditya,13.0,,,auto_B
PMC4783026,1,3,1,Marjoram,pH,pH,4.33,,,auto_B
PMC4783026,1,3,2,Marjoram,free_acidity,Free aciditya,11.0,,,auto_B
PMC6027671,1,1,2,Sample 1,pH,pH,3.44,,,auto_B
PMC6027671,1,2,2,Sample 2,pH,pH,4.54,,,auto_B
PMC6027671,1,3,2,Sample 3,pH,pH,3.86,,,auto_B
PMC6027671,1,4,2,Sample 4,pH,pH,3.19,,,auto_B
PMC6027671,1,5,2,Sample 5,pH,pH,3.54,,,auto_B
PMC6027671,1,6,2,Sample 6,pH,pH,4.02,,,auto_B
PMC6053432,1,1,4,S. gordonii ATCC 10558,H2O2,Hydrogen peroxide,2.0,gt,mM,auto_B
PMC6053432,1,1,5,S. gordonii ATCC 10558,MGO,MGO in solution,0.31,le,%,auto_B
PMC6053432,1,2,4,S. sanguinis ATCC 10556,H2O2,Hydrogen peroxide,2.0,gt,mM,auto_B
PMC6053432,1,2,5,S. sanguinis ATCC 10556,MGO,MGO in solution,0.31,le,%,auto_B
PMC6053432,1,3,4,S. mutans ATCC 25175,H2O2,Hydrogen peroxide,2.0,gt,mM,auto_B
PMC6053432,1,3,5,S. mutans ATCC 25175,MGO,MGO in solution,0.31,le,%,auto_B
PMC6053432,1,4,4,S. sobrinus ATCC 33478,H2O2,Hydrogen peroxide,2.0,gt,mM,auto_B
PMC6053432,1,4,5,S. sobrinus ATCC 33478,MGO,MGO in solution,0.31,le,%,auto_B
PMC6053432,1,5,4,A. naeslundii ATCC 12104,H2O2,Hydrogen peroxide,2.0,gt,mM,auto_B
PMC6053432,1,5,5,A. naeslundii ATCC 12104,MGO,MGO in solution,0.31,le,%,auto_B
PMC6053432,1,6,4,L. acidophilus ATCC 11975,H2O2,Hydrogen peroxide,2.0,gt,mM,auto_B
PMC6053432,1,6,5,L. acidophilus ATCC 11975,MGO,MGO in solution,0.31,le,%,auto_B
PMC6268398,0,2,1,Manuka,pH,pH,4.4,,%,auto_B
PMC6268398,0,2,2,Manuka,moisture,Water content,19.2,,%,auto_B
PMC6268398,0,2,4,Manuka,HMF,HMF,90.88,,%,auto_B
PMC6268398,0,3,1,Acacia,pH,pH,5.4,,%,auto_B
PMC6268398,0,3,2,Acacia,moisture,Water content,17.0,,%,auto_B
PMC6268398,0,3,4,Acacia,HMF,HMF,6.08,,%,auto_B
PMC6268398,0,4,1,Lavender,pH,pH,3.8,,%,auto_B
PMC6268398,0,4,2,Lavender,moisture,Water content,15.6,,%,auto_B
PMC6268398,0,4,4,Lavender,HMF,HMF,6.96,,%,auto_B
PMC6268398,0,5,1,Wild carrot,pH,pH,4.62,,%,auto_B
PMC6268398,0,5,2,Wild carrot,moisture,Water content,16.4,,%,auto_B
PMC6268398,0,5,4,Wild carrot,HMF,HMF,13.98,,%,auto_B
PMC6425412,0,1,4,Axum,pH,pH,3.85,,%,auto_B
PMC6425412,0,1,5,Axum,free_acidity,Free acidity (meq/kg),34.11,,%,auto_B
PMC6425412,0,1,6,Axum,sugar_total,Reducing sugar (%),66.37,,%,auto_B
PMC6425412,0,2,4,D/Tembien,pH,pH,4.0,,%,auto_B
PMC6425412,0,2,5,D/Tembien,free_acidity,Free acidity (meq/kg),24.67,,%,auto_B
PMC6425412,0,2,6,D/Tembien,sugar_total,Reducing sugar (%),66.03,,%,auto_B
PMC6425412,0,3,4,R/Azebo,pH,pH,3.79,,%,auto_B
PMC6425412,0,3,5,R/Azebo,free_acidity,Free acidity (meq/kg),38.11,,%,auto_B
PMC6425412,0,3,6,R/Azebo,sugar_total,Reducing sugar (%),64.3,,%,auto_B
PMC6425412,0,4,4,Burie,pH,pH,4.2,,%,auto_B
PMC6425412,0,4,5,Burie,free_acidity,Free acidity (meq/kg),19.56,,%,auto_B
PMC6425412,0,4,6,Burie,sugar_total,Reducing sugar (%),64.93,,%,auto_B
PMC6425412,0,5,4,Geregera,pH,pH,3.91,,%,auto_B
PMC6425412,0,5,5,Geregera,free_acidity,Free acidity (meq/kg),29.67,,%,auto_B
PMC6425412,0,5,6,Geregera,sugar_total,Reducing sugar (%),65.89,,%,auto_B
PMC6425412,0,6,4,Liben,pH,pH,3.89,,%,auto_B
PMC6425412,0,6,5,Liben,free_acidity,Free acidity (meq/kg),32.33,,%,auto_B
PMC6425412,0,6,6,Liben,sugar_total,Reducing sugar (%),62.1,,%,auto_B
PMC6425412,0,7,4,Overall mean,pH,pH,3.94,,%,auto_B
PMC6425412,0,7,5,Overall mean,free_acidity,Free acidity (meq/kg),29.74,,%,auto_B
PMC6425412,0,7,6,Overall mean,sugar_total,Reducing sugar (%),64.93,,%,auto_B
PMC6881396,0,2,1,Jarrah 1,pH,pH,4.84,,µM,auto_B
PMC6881396,0,2,4,Jarrah 1,TPC,Phenolic content (mg GAEb per 100 g),127.4,,µM,auto_B
PMC6881396,0,2,5,Jarrah 1,H2O2,Hydrogen Peroxide (µM) accumulated at each time point,59.0,,µM,auto_B
PMC6881396,0,3,1,Jarrah 2,pH,pH,4.83,,µM,auto_B
PMC6881396,0,3,4,Jarrah 2,TPC,Phenolic content (mg GAEb per 100 g),123.7,,µM,auto_B
PMC6881396,0,3,5,Jarrah 2,H2O2,Hydrogen Peroxide (µM) accumulated at each time point,28.0,,µM,auto_B
PMC6881396,0,4,1,Marri 1,pH,pH,4.28,,µM,auto_B
PMC6881396,0,4,4,Marri 1,TPC,Phenolic content (mg GAEb per 100 g),61.1,,µM,auto_B
PMC6881396,0,4,5,Marri 1,H2O2,Hydrogen Peroxide (µM) accumulated at each time point,72.0,,µM,auto_B
PMC6881396,0,5,1,Marri 2,pH,pH,4.81,,µM,auto_B
PMC6881396,0,5,4,Marri 2,TPC,Phenolic content (mg GAEb per 100 g),65.7,,µM,auto_B
PMC6881396,0,5,5,Marri 2,H2O2,Hydrogen Peroxide (µM) accumulated at each time point,20.0,,µM,auto_B
PMC6881396,0,6,1,Manuka,pH,pH,4.0,,µM,auto_B
PMC6881396,0,6,4,Manuka,TPC,Phenolic content (mg GAEb per 100 g),150.0,,µM,auto_B
PMC6881396,0,7,1,Multifloral,pH,pH,4.24,,µM,auto_B
PMC6881396,0,7,4,Multifloral,TPC,Phenolic content (mg GAEb per 100 g),72.0,,µM,auto_B
PMC7076972,0,1,6,Stingless,moisture,Moisture content (%),28.4,,%,auto_B
PMC7076972,0,1,7,Stingless,pH,pH,3.17,,%,auto_B
PMC7076972,0,1,8,Stingless,density,Specific gravity,1.37,,%,auto_B
PMC7076972,0,3,6,Melipona favosa,moisture,Moisture content (%),2.88,,%,auto_B
PMC7076972,0,3,7,Melipona favosa,pH,pH,1.39,,%,auto_B
PMC7076972,0,4,6,Stinging,moisture,Moisture content (%),17.9,,%,auto_B
PMC7076972,0,4,7,Stinging,pH,pH,3.91,,%,auto_B
PMC7076972,0,4,8,Stinging,density,Specific gravity,1.34,,%,auto_B
PMC7451694,1,1,2,Schefflera abyssinica,sugar_total,Glucose %,29.5,,%,auto_B
PMC7451694,1,1,6,Schefflera abyssinica,free_acidity,Acidity meq/kg,19.9,,%,auto_B
PMC7451694,1,1,8,Schefflera abyssinica,pH,PH,3.7,,%,auto_B
PMC7451694,1,1,9,Schefflera abyssinica,color,Color mm,13.5,,%,auto_B
PMC7451694,1,2,2,Eucalyptus globules,sugar_total,Glucose %,30.5,,%,auto_B
PMC7451694,1,2,6,Eucalyptus globules,free_acidity,Acidity meq/kg,20.2,,%,auto_B
PMC7451694,1,2,8,Eucalyptus globules,pH,PH,3.4,,%,auto_B
PMC7451694,1,2,9,Eucalyptus globules,color,Color mm,20.1,,%,auto_B
PMC7451694,1,3,2,Guizotia scabra,sugar_total,Glucose %,28.6,,%,auto_B
PMC7451694,1,3,6,Guizotia scabra,free_acidity,Acidity meq/kg,28.9,,%,auto_B
PMC7451694,1,3,8,Guizotia scabra,pH,PH,4.2,,%,auto_B
PMC7451694,1,3,9,Guizotia scabra,color,Color mm,50.8,,%,auto_B
PMC7451694,1,4,2,Vernonia amygdalina,sugar_total,Glucose %,29.0,,%,auto_B
PMC7451694,1,4,6,Vernonia amygdalina,free_acidity,Acidity meq/kg,39.8,,%,auto_B
PMC7451694,1,4,8,Vernonia amygdalina,pH,PH,4.1,,%,auto_B
PMC7451694,1,4,9,Vernonia amygdalina,color,Color mm,115.5,,%,auto_B
PMC7451694,1,5,2,Croton macrostachyus,sugar_total,Glucose %,31.4,,%,auto_B
PMC7451694,1,5,6,Croton macrostachyus,free_acidity,Acidity meq/kg,37.0,,%,auto_B
PMC7451694,1,5,8,Croton macrostachyus,pH,PH,3.5,,%,auto_B
PMC7451694,1,5,9,Croton macrostachyus,color,Color mm,93.3,,%,auto_B
PMC7451694,1,6,2,Becium grandiflorum,sugar_total,Glucose %,33.6,,%,auto_B
PMC7451694,1,6,6,Becium grandiflorum,free_acidity,Acidity meq/kg,12.4,,%,auto_B
PMC7451694,1,6,8,Becium grandiflorum,pH,PH,3.7,,%,auto_B
PMC7451694,1,6,9,Becium grandiflorum,color,Color mm,6.1,,%,auto_B
PMC7451694,1,7,2,Multi-floral honey,sugar_total,Glucose %,29.4,,%,auto_B
PMC7451694,1,7,6,Multi-floral honey,free_acidity,Acidity meq/kg,31.0,,%,auto_B
PMC7451694,1,7,8,Multi-floral honey,pH,PH,4.1,,%,auto_B
PMC7451694,1,7,9,Multi-floral honey,color,Color mm,52.6,,%,auto_B
PMC7451694,1,8,2,Mean,sugar_total,Glucose %,30.3,,%,auto_B
PMC7451694,1,8,6,Mean,free_acidity,Acidity meq/kg,27.0,,%,auto_B
PMC7451694,1,8,8,Mean,pH,PH,3.8,,%,auto_B
PMC7451694,1,8,9,Mean,color,Color mm,50.3,,%,auto_B
PMC7451694,1,9,2,P,sugar_total,Glucose %,0.01,lt,%,auto_B
PMC7451694,1,9,6,P,free_acidity,Acidity meq/kg,0.001,lt,%,auto_B
PMC7451694,1,9,8,P,pH,PH,0.01,lt,%,auto_B
PMC7451694,1,9,9,P,color,Color mm,0.0001,lt,%,auto_B
PMC7573686,0,2,1,S70,sugar_total,Fructose (M),70.0,,%,auto_B
PMC7573686,0,3,1,S50,sugar_total,Fructose (M),50.0,,%,auto_B
PMC7573686,0,4,1,S30,sugar_total,Fructose (M),30.0,,%,auto_B
PMC7573686,0,5,6,G60,H2O2,H2O2 (mM),60.0,,%,auto_B
PMC7573686,0,6,6,G34,H2O2,H2O2 (mM),34.0,,%,auto_B
PMC7573686,0,7,6,G9,H2O2,H2O2 (mM),9.0,,%,auto_B
PMC7573686,0,12,1,MSGH,sugar_total,Fructose (M),30.0,,%,auto_B
PMC7573686,0,12,6,MSGH,H2O2,H2O2 (mM),8.6,,%,auto_B
PMC7573686,0,13,1,MSG,sugar_total,Fructose (M),30.0,,%,auto_B
PMC7573686,0,13,6,MSG,H2O2,H2O2 (mM),8.6,,%,auto_B
PMC7573686,0,14,1,MSH,sugar_total,Fructose (M),30.0,,%,auto_B
PMC7573686,0,15,6,MGH,H2O2,H2O2 (mM),8.6,,%,auto_B
PMC7573686,0,16,1,MSGH004,sugar_total,Fructose (M),30.0,,%,auto_B
PMC7573686,0,16,6,MSGH004,H2O2,H2O2 (mM),8.6,,%,auto_B
PMC7573686,0,17,1,MSGH01,sugar_total,Fructose (M),30.0,,%,auto_B
PMC7573686,0,17,6,MSGH01,H2O2,H2O2 (mM),8.6,,%,auto_B
PMC7573686,0,18,1,MSGH05,sugar_total,Fructose (M),30.0,,%,auto_B
PMC7573686,0,18,6,MSGH05,H2O2,H2O2 (mM),8.6,,%,auto_B
PMC7573686,0,19,1,MSGH1,sugar_total,Fructose (M),30.0,,%,auto_B
PMC7573686,0,19,6,MSGH1,H2O2,H2O2 (mM),8.6,,%,auto_B
PMC7573686,0,20,1,MSGH3,sugar_total,Fructose (M),30.0,,%,auto_B
PMC7573686,0,20,6,MSGH3,H2O2,H2O2 (mM),8.6,,%,auto_B
PMC7936102,1,2,6,Chestnut,electrical_cond,ConductivityaμS/cm,983.0,,%,auto_B
PMC7936102,1,2,7,Chestnut,TPC,Total phenolicamg of GAE/100 g of honey,103.9,,%,auto_B
PMC7936102,1,2,8,Chestnut,TFC,Total flavonoidamg QE/100 g of honey,34.4,,%,auto_B
PMC7936102,1,2,9,Chestnut,H2O2,H2O2 (μM),35.7,,%,auto_B
PMC7936102,1,3,6,Eucalyptus,electrical_cond,ConductivityaμS/cm,378.0,,%,auto_B
PMC7936102,1,3,7,Eucalyptus,TPC,Total phenolicamg of GAE/100 g of honey,111.6,,%,auto_B
PMC7936102,1,3,8,Eucalyptus,TFC,Total flavonoidamg QE/100 g of honey,49.9,,%,auto_B
PMC7936102,1,3,9,Eucalyptus,H2O2,H2O2 (μM),20.7,,%,auto_B
PMC7936102,1,4,6,Orange blossom,electrical_cond,ConductivityaμS/cm,186.0,,%,auto_B
PMC7936102,1,4,7,Orange blossom,TPC,Total phenolicamg of GAE/100 g of honey,34.8,,%,auto_B
PMC7936102,1,4,8,Orange blossom,TFC,Total flavonoidamg QE/100 g of honey,12.3,,%,auto_B
PMC7936102,1,4,9,Orange blossom,H2O2,H2O2 (μM),7.1,,%,auto_B
PMC7936102,1,5,6,Rosemary,electrical_cond,ConductivityaμS/cm,152.0,,%,auto_B
PMC7936102,1,5,7,Rosemary,TPC,Total phenolicamg of GAE/100 g of honey,55.4,,%,auto_B
PMC7936102,1,5,8,Rosemary,TFC,Total flavonoidamg QE/100 g of honey,25.2,,%,auto_B
PMC7936102,1,5,9,Rosemary,H2O2,H2O2 (μM),15.4,,%,auto_B
PMC7936102,1,6,6,Heather,electrical_cond,ConductivityaμS/cm,622.0,,%,auto_B
PMC7936102,1,6,7,Heather,TPC,Total phenolicamg of GAE/100 g of honey,179.6,,%,auto_B
PMC7936102,1,6,8,Heather,TFC,Total flavonoidamg QE/100 g of honey,61.5,,%,auto_B
PMC7936102,1,6,9,Heather,H2O2,H2O2 (μM),22.5,,%,auto_B
PMC7936102,1,7,6,Manuka,electrical_cond,ConductivityaμS/cm,580.0,,%,auto_B
PMC7936102,1,7,7,Manuka,TPC,Total phenolicamg of GAE/100 g of honey,163.1,,%,auto_B
PMC7936102,1,7,8,Manuka,TFC,Total flavonoidamg QE/100 g of honey,65.4,,%,auto_B
PMC7936102,1,7,9,Manuka,H2O2,H2O2 (μM),27.0,,%,auto_B
PMC8096559,0,2,1,T1,color,Pfund grades (mm),71.0,,mM,auto_B
PMC8096559,0,2,5,T1,HMF,HMF (mg/kg),13.9,,mM,auto_B
PMC8096559,0,2,6,T1,H2O2,"Hydrogen peroxide (mM) (mean ± SD, n = 3)",0.033,,mM,auto_B
PMC8096559,0,3,1,T2,color,Pfund grades (mm),43.0,,mM,auto_B
PMC8096559,0,3,5,T2,HMF,HMF (mg/kg),4.3,,mM,auto_B
PMC8096559,0,3,6,T2,H2O2,"Hydrogen peroxide (mM) (mean ± SD, n = 3)",0.075,,mM,auto_B
PMC8096559,0,4,1,T3,color,Pfund grades (mm),33.0,,mM,auto_B
PMC8096559,0,4,5,T3,HMF,HMF (mg/kg),5.8,,mM,auto_B
PMC8096559,0,4,6,T3,H2O2,"Hydrogen peroxide (mM) (mean ± SD, n = 3)",0.092,,mM,auto_B
PMC8096559,0,5,1,T4,color,Pfund grades (mm),53.0,,mM,auto_B
PMC8096559,0,5,5,T4,HMF,HMF (mg/kg),2.4,,mM,auto_B
PMC8096559,0,5,6,T4,H2O2,"Hydrogen peroxide (mM) (mean ± SD, n = 3)",0.028,,mM,auto_B
PMC8096559,0,6,1,T5,color,Pfund grades (mm),56.0,,mM,auto_B
PMC8096559,0,6,5,T5,HMF,HMF (mg/kg),4.9,,mM,auto_B
PMC8096559,0,6,6,T5,H2O2,"Hydrogen peroxide (mM) (mean ± SD, n = 3)",0.077,,mM,auto_B
PMC8096559,0,7,1,T6,color,Pfund grades (mm),68.0,,mM,auto_B
PMC8096559,0,7,5,T6,HMF,HMF (mg/kg),8.3,,mM,auto_B
PMC8096559,0,7,6,T6,H2O2,"Hydrogen peroxide (mM) (mean ± SD, n = 3)",0.028,,mM,auto_B
PMC8096559,0,8,1,T7,color,Pfund grades (mm),74.0,,mM,auto_B
PMC8096559,0,8,5,T7,HMF,HMF (mg/kg),9.0,,mM,auto_B
PMC8096559,0,8,6,T7,H2O2,"Hydrogen peroxide (mM) (mean ± SD, n = 3)",0.032,,mM,auto_B
PMC8096559,0,9,1,T8,color,Pfund grades (mm),84.0,,mM,auto_B
PMC8096559,0,9,5,T8,HMF,HMF (mg/kg),8.1,,mM,auto_B
PMC8096559,0,9,6,T8,H2O2,"Hydrogen peroxide (mM) (mean ± SD, n = 3)",0.028,,mM,auto_B
PMC8096559,0,10,1,T9,color,Pfund grades (mm),84.0,,mM,auto_B
PMC8096559,0,10,5,T9,HMF,HMF (mg/kg),12.6,,mM,auto_B
PMC8096559,0,10,6,T9,H2O2,"Hydrogen peroxide (mM) (mean ± SD, n = 3)",0.032,,mM,auto_B
PMC8096559,0,11,1,T10,color,Pfund grades (mm),56.0,,mM,auto_B
PMC8096559,0,11,5,T10,HMF,HMF (mg/kg),11.1,,mM,auto_B
PMC8096559,0,11,6,T10,H2O2,"Hydrogen peroxide (mM) (mean ± SD, n = 3)",0.035,,mM,auto_B
PMC8096559,0,12,1,T11,color,Pfund grades (mm),47.0,,mM,auto_B
PMC8096559,0,12,5,T11,HMF,HMF (mg/kg),3.7,,mM,auto_B
PMC8096559,0,12,6,T11,H2O2,"Hydrogen peroxide (mM) (mean ± SD, n = 3)",0.034,,mM,auto_B
PMC8096559,0,13,1,T12,color,Pfund grades (mm),68.0,,mM,auto_B
PMC8096559,0,13,5,T12,HMF,HMF (mg/kg),4.6,,mM,auto_B
PMC8096559,0,13,6,T12,H2O2,"Hydrogen peroxide (mM) (mean ± SD, n = 3)",0.043,,mM,auto_B
PMC8096559,0,16,1,PDO-1,color,Pfund grades (mm),76.0,,mM,auto_B
PMC8096559,0,16,5,PDO-1,HMF,HMF (mg/kg),4.5,,mM,auto_B
PMC8096559,0,16,6,PDO-1,H2O2,"Hydrogen peroxide (mM) (mean ± SD, n = 3)",0.041,,mM,auto_B
PMC8096559,0,17,1,PDO-2,color,Pfund grades (mm),70.0,,mM,auto_B
PMC8096559,0,17,5,PDO-2,HMF,HMF (mg/kg),3.0,,mM,auto_B
PMC8096559,0,17,6,PDO-2,H2O2,"Hydrogen peroxide (mM) (mean ± SD, n = 3)",0.035,,mM,auto_B
PMC8096559,0,18,1,PDO-3,color,Pfund grades (mm),74.0,,mM,auto_B
PMC8096559,0,18,5,PDO-3,HMF,HMF (mg/kg),11.5,,mM,auto_B
PMC8096559,0,18,6,PDO-3,H2O2,"Hydrogen peroxide (mM) (mean ± SD, n = 3)",0.034,,mM,auto_B
PMC8096559,0,19,1,PDO-4,color,Pfund grades (mm),87.0,,mM,auto_B
PMC8096559,0,19,5,PDO-4,HMF,HMF (mg/kg),9.9,,mM,auto_B
PMC8096559,0,19,6,PDO-4,H2O2,"Hydrogen peroxide (mM) (mean ± SD, n = 3)",0.036,,mM,auto_B
PMC8096559,0,20,1,PDO-5,color,Pfund grades (mm),80.0,,mM,auto_B
PMC8096559,0,20,5,PDO-5,HMF,HMF (mg/kg),4.5,,mM,auto_B
PMC8096559,0,20,6,PDO-5,H2O2,"Hydrogen peroxide (mM) (mean ± SD, n = 3)",0.048,,mM,auto_B
PMC8096559,0,21,1,PDO-6,color,Pfund grades (mm),73.0,,mM,auto_B
PMC8096559,0,21,5,PDO-6,HMF,HMF (mg/kg),6.6,,mM,auto_B
PMC8096559,0,21,6,PDO-6,H2O2,"Hydrogen peroxide (mM) (mean ± SD, n = 3)",0.049,,mM,auto_B
PMC8096559,0,22,1,PDO-7,color,Pfund grades (mm),72.0,,mM,auto_B
PMC8096559,0,22,5,PDO-7,HMF,HMF (mg/kg),2.8,,mM,auto_B
PMC8096559,0,22,6,PDO-7,H2O2,"Hydrogen peroxide (mM) (mean ± SD, n = 3)",0.031,,mM,auto_B
PMC8096559,0,23,1,PDO-8,color,Pfund grades (mm),75.0,,mM,auto_B
PMC8096559,0,23,5,PDO-8,HMF,HMF (mg/kg),4.9,,mM,auto_B
PMC8096559,0,23,6,PDO-8,H2O2,"Hydrogen peroxide (mM) (mean ± SD, n = 3)",0.027,,mM,auto_B
PMC8096559,0,24,1,PDO-9,color,Pfund grades (mm),76.0,,mM,auto_B
PMC8096559,0,24,5,PDO-9,HMF,HMF (mg/kg),11.0,,mM,auto_B
PMC8096559,0,24,6,PDO-9,H2O2,"Hydrogen peroxide (mM) (mean ± SD, n = 3)",0.038,,mM,auto_B
PMC8096559,0,25,1,PDO-10,color,Pfund grades (mm),80.0,,mM,auto_B
PMC8096559,0,25,5,PDO-10,HMF,HMF (mg/kg),4.2,,mM,auto_B
PMC8096559,0,25,6,PDO-10,H2O2,"Hydrogen peroxide (mM) (mean ± SD, n = 3)",0.039,,mM,auto_B
PMC8096559,0,26,1,PDO-11,color,Pfund grades (mm),90.0,,mM,auto_B
PMC8096559,0,26,5,PDO-11,HMF,HMF (mg/kg),4.6,,mM,auto_B
PMC8096559,0,26,6,PDO-11,H2O2,"Hydrogen peroxide (mM) (mean ± SD, n = 3)",0.043,,mM,auto_B
PMC8096559,0,27,1,PDO-12,color,Pfund grades (mm),83.0,,mM,auto_B
PMC8096559,0,27,5,PDO-12,HMF,HMF (mg/kg),5.4,,mM,auto_B
PMC8096559,0,27,6,PDO-12,H2O2,"Hydrogen peroxide (mM) (mean ± SD, n = 3)",0.042,,mM,auto_B
PMC8096559,0,30,1,P-1,color,Pfund grades (mm),80.0,,mM,auto_B
PMC8096559,0,30,5,P-1,HMF,HMF (mg/kg),1.2,,mM,auto_B
PMC8096559,0,30,6,P-1,H2O2,"Hydrogen peroxide (mM) (mean ± SD, n = 3)",0.03,,mM,auto_B
PMC8096559,0,31,1,P-2,color,Pfund grades (mm),81.0,,mM,auto_B
PMC8096559,0,31,5,P-2,HMF,HMF (mg/kg),5.2,,mM,auto_B
PMC8096559,0,31,6,P-2,H2O2,"Hydrogen peroxide (mM) (mean ± SD, n = 3)",0.028,,mM,auto_B
PMC8096559,0,32,1,P-3,color,Pfund grades (mm),95.0,,mM,auto_B
PMC8096559,0,32,5,P-3,HMF,HMF (mg/kg),1.9,,mM,auto_B
PMC8096559,0,32,6,P-3,H2O2,"Hydrogen peroxide (mM) (mean ± SD, n = 3)",0.05,,mM,auto_B
PMC8096559,0,35,1,C-1,color,Pfund grades (mm),35.0,,mM,auto_B
PMC8096559,0,35,5,C-1,HMF,HMF (mg/kg),36.9,,mM,auto_B
PMC8096559,0,35,6,C-1,H2O2,"Hydrogen peroxide (mM) (mean ± SD, n = 3)",0.01,,mM,auto_B
PMC8096559,0,36,1,C-2,color,Pfund grades (mm),31.0,,mM,auto_B
PMC8096559,0,36,5,C-2,HMF,HMF (mg/kg),7.8,,mM,auto_B
PMC8096559,0,36,6,C-2,H2O2,"Hydrogen peroxide (mM) (mean ± SD, n = 3)",0.054,,mM,auto_B
PMC8096559,0,37,1,C-3,color,Pfund grades (mm),26.0,,mM,auto_B
PMC8096559,0,37,5,C-3,HMF,HMF (mg/kg),12.8,,mM,auto_B
PMC8096559,0,37,6,C-3,H2O2,"Hydrogen peroxide (mM) (mean ± SD, n = 3)",0.05,,mM,auto_B
PMC8125924,1,1,2,Manuka 20+,moisture,Water Content (%),17.0,,%,auto_B
PMC8125924,1,1,3,Manuka 20+,diastase,Diastase Activity (DN),7.22,,%,auto_B
PMC8125924,1,1,5,Manuka 20+,HMF,HMF (mg/kg),27.87,,%,auto_B
PMC8125924,1,1,8,Manuka 20+,sugar_total,Fructose (%),40.12,,%,auto_B
PMC8125924,1,2,2,Manuka 12+,moisture,Water Content (%),16.84,,%,auto_B
PMC8125924,1,2,3,Manuka 12+,diastase,Diastase Activity (DN),9.12,,%,auto_B
PMC8125924,1,2,5,Manuka 12+,HMF,HMF (mg/kg),33.54,,%,auto_B
PMC8125924,1,2,8,Manuka 12+,sugar_total,Fructose (%),36.06,,%,auto_B
PMC8125924,1,3,2,Fennel,moisture,Water Content (%),20.56,,%,auto_B
PMC8125924,1,3,3,Fennel,diastase,Diastase Activity (DN),27.12,,%,auto_B
PMC8125924,1,3,5,Fennel,HMF,HMF (mg/kg),4.62,,%,auto_B
PMC8125924,1,3,8,Fennel,sugar_total,Fructose (%),38.14,,%,auto_B
PMC8125924,1,4,2,Agastache,moisture,Water Content (%),20.68,,%,auto_B
PMC8125924,1,4,3,Agastache,diastase,Diastase Activity (DN),21.58,,%,auto_B
PMC8125924,1,4,5,Agastache,HMF,HMF (mg/kg),2.44,,%,auto_B
PMC8125924,1,4,8,Agastache,sugar_total,Fructose (%),34.66,,%,auto_B
PMC8125924,1,5,2,Pomegranate,moisture,Water Content (%),17.88,,%,auto_B
PMC8125924,1,5,3,Pomegranate,diastase,Diastase Activity (DN),21.96,,%,auto_B
PMC8125924,1,5,5,Pomegranate,HMF,HMF (mg/kg),1.97,,%,auto_B
PMC8125924,1,5,8,Pomegranate,sugar_total,Fructose (%),36.49,,%,auto_B
PMC8125924,1,6,2,Hawthorn,moisture,Water Content (%),20.56,,%,auto_B
PMC8125924,1,6,3,Hawthorn,diastase,Diastase Activity (DN),22.22,,%,auto_B
PMC8125924,1,6,5,Hawthorn,HMF,HMF (mg/kg),2.12,,%,auto_B
PMC8125924,1,6,8,Hawthorn,sugar_total,Fructose (%),34.47,,%,auto_B
PMC8125924,1,7,2,Pepper,moisture,Water Content (%),20.04,,%,auto_B
PMC8125924,1,7,3,Pepper,diastase,Diastase Activity (DN),23.01,,%,auto_B
PMC8125924,1,7,5,Pepper,HMF,HMF (mg/kg),12.18,,%,auto_B
PMC8125924,1,7,8,Pepper,sugar_total,Fructose (%),35.55,,%,auto_B
PMC8125924,1,8,2,Sunflower,moisture,Water Content (%),23.32,,%,auto_B
PMC8125924,1,8,3,Sunflower,diastase,Diastase Activity (DN),12.7,,%,auto_B
PMC8125924,1,8,5,Sunflower,HMF,HMF (mg/kg),1.02,,%,auto_B
PMC8125924,1,8,8,Sunflower,sugar_total,Fructose (%),36.3,,%,auto_B
PMC8125924,1,9,2,Loquat,moisture,Water Content (%),22.0,,%,auto_B
PMC8125924,1,9,3,Loquat,diastase,Diastase Activity (DN),13.93,,%,auto_B
PMC8125924,1,9,5,Loquat,HMF,HMF (mg/kg),1.11,,%,auto_B
PMC8125924,1,9,8,Loquat,sugar_total,Fructose (%),34.22,,%,auto_B
PMC8125924,1,10,2,Rape,moisture,Water Content (%),18.76,,%,auto_B
PMC8125924,1,10,3,Rape,diastase,Diastase Activity (DN),22.94,,%,auto_B
PMC8125924,1,10,5,Rape,HMF,HMF (mg/kg),1.98,,%,auto_B
PMC8125924,1,10,8,Rape,sugar_total,Fructose (%),37.78,,%,auto_B
PMC8125924,1,11,2,Vitex,moisture,Water Content (%),21.16,,%,auto_B
PMC8125924,1,11,3,Vitex,diastase,Diastase Activity (DN),22.12,,%,auto_B
PMC8125924,1,11,5,Vitex,HMF,HMF (mg/kg),0.9,,%,auto_B
PMC8125924,1,11,8,Vitex,sugar_total,Fructose (%),39.28,,%,auto_B
PMC8125924,2,1,2,Fennel,H2O2,H2O2 (μm/g),2882.76,,mm,auto_B
PMC8125924,2,2,2,Agastache,H2O2,H2O2 (μm/g),1161.14,,mm,auto_B
PMC8125924,2,3,2,Pomegranate,H2O2,H2O2 (μm/g),2150.89,,mm,auto_B
PMC8125924,2,4,2,Manuka 20+,H2O2,H2O2 (μm/g),7.31,,mm,auto_B
PMC8125924,2,4,3,Manuka 20+,MGO,MGO (mg/kg),268.27,,mm,auto_B
PMC8125924,2,5,2,Manuka12+,H2O2,H2O2 (μm/g),92.26,,mm,auto_B
PMC8125924,2,5,3,Manuka12+,MGO,MGO (mg/kg),109.95,,mm,auto_B
PMC8125924,2,6,2,Vitex,H2O2,H2O2 (μm/g),2351.31,,mm,auto_B
PMC8125924,2,7,2,Pepper,H2O2,H2O2 (μm/g),428.15,,mm,auto_B
PMC8125924,2,8,2,Hawthorn,H2O2,H2O2 (μm/g),1579.83,,mm,auto_B
PMC8125924,2,9,2,Sunflower,H2O2,H2O2 (μm/g),144.24,,mm,auto_B
PMC8125924,2,10,2,Rape,H2O2,H2O2 (μm/g),1534.04,,mm,auto_B
PMC8125924,2,11,2,Loquat,H2O2,H2O2 (μm/g),966.82,,mm,auto_B
PMC8125924,4,2,1,Manuka 20+,TPC,Total Phenols,83.54,,mg/mL,auto_B
PMC8125924,4,2,2,Manuka 20+,TFC,Total Flavonoids,60.72,,mg/mL,auto_B
PMC8125924,4,3,1,Manuka 12+,TPC,Total Phenols,66.14,,mg/mL,auto_B
PMC8125924,4,3,2,Manuka 12+,TFC,Total Flavonoids,50.15,,mg/mL,auto_B
PMC8125924,4,4,1,Fennel,TPC,Total Phenols,81.27,,mg/mL,auto_B
PMC8125924,4,4,2,Fennel,TFC,Total Flavonoids,31.81,,mg/mL,auto_B
PMC8125924,4,5,1,Agastache,TPC,Total Phenols,50.72,,mg/mL,auto_B
PMC8125924,4,5,2,Agastache,TFC,Total Flavonoids,37.33,,mg/mL,auto_B
PMC8125924,4,6,1,Hawthorn,TPC,Total Phenols,50.28,,mg/mL,auto_B
PMC8125924,4,6,2,Hawthorn,TFC,Total Flavonoids,32.16,,mg/mL,auto_B
PMC8125924,4,7,1,Pomegranate,TPC,Total Phenols,39.35,,mg/mL,auto_B
PMC8125924,4,7,2,Pomegranate,TFC,Total Flavonoids,48.88,,mg/mL,auto_B
PMC8125924,4,8,1,Pepper,TPC,Total Phenols,37.18,,mg/mL,auto_B
PMC8125924,4,8,2,Pepper,TFC,Total Flavonoids,28.22,,mg/mL,auto_B
PMC8125924,4,9,1,Sunflower,TPC,Total Phenols,19.72,,mg/mL,auto_B
PMC8125924,4,9,2,Sunflower,TFC,Total Flavonoids,26.44,,mg/mL,auto_B
PMC8125924,4,10,1,Rape,TPC,Total Phenols,20.17,,mg/mL,auto_B
PMC8125924,4,10,2,Rape,TFC,Total Flavonoids,21.22,,mg/mL,auto_B
PMC8125924,4,11,1,Vitex,TPC,Total Phenols,21.46,,mg/mL,auto_B
PMC8125924,4,11,2,Vitex,TFC,Total Flavonoids,22.3,,mg/mL,auto_B
PMC8125924,4,12,1,Loquat,TPC,Total Phenols,12.91,,mg/mL,auto_B
PMC8125924,4,12,2,Loquat,TFC,Total Flavonoids,21.4,,mg/mL,auto_B
PMC8125924,5,1,1,Total phenols,TPC,Total Phenols,1.0,,,auto_B
PMC8125924,5,2,1,Total flavonoids,TPC,Total Phenols,0.509,,,auto_B
PMC8125924,5,2,2,Total flavonoids,TFC,Total Flavonoids,1.0,,,auto_B
PMC8125924,5,3,1,Radical scavenging activity,TPC,Total Phenols,0.342,,,auto_B
PMC8125924,5,4,2,Total antioxidant capacity,TFC,Total Flavonoids,0.462,,,auto_B
PMC8125924,5,5,2,Inhibition diameters,TFC,Total Flavonoids,0.666,,,auto_B
PMC8125924,5,6,1,H2O2,TPC,Total Phenols,0.525,,,auto_B
PMC8125924,5,6,2,H2O2,TFC,Total Flavonoids,0.263,,,auto_B
PMC8125924,5,6,6,H2O2,H2O2,H2O2,1.0,,,auto_B
PMC8125924,5,7,2,Chroma value,TFC,Total Flavonoids,0.577,,,auto_B
PMC8125924,5,7,6,Chroma value,H2O2,H2O2,0.337,,,auto_B
PMC8234392,2,1,3,1,aw,aw,0.574,,%,auto_B
PMC8234392,2,1,4,1,HMF,HMF (mg/kg),25.71,,%,auto_B
PMC8234392,2,1,5,1,diastase,Diastase (DN),15.45,,%,auto_B
PMC8234392,2,2,3,2,aw,aw,0.587,,%,auto_B
PMC8234392,2,2,4,2,HMF,HMF (mg/kg),28.56,,%,auto_B
PMC8234392,2,2,5,2,diastase,Diastase (DN),14.61,,%,auto_B
PMC8234392,2,3,3,3,aw,aw,0.568,,%,auto_B
PMC8234392,2,3,4,3,HMF,HMF (mg/kg),25.08,,%,auto_B
PMC8234392,2,3,5,3,diastase,Diastase (DN),15.9,,%,auto_B
PMC8234392,2,4,3,4,aw,aw,0.574,,%,auto_B
PMC8234392,2,4,4,4,HMF,HMF (mg/kg),19.22,,%,auto_B
PMC8234392,2,4,5,4,diastase,Diastase (DN),18.79,,%,auto_B
PMC8234392,2,5,3,5,aw,aw,0.597,,%,auto_B
PMC8234392,2,5,4,5,HMF,HMF (mg/kg),20.74,,%,auto_B
PMC8234392,2,5,5,5,diastase,Diastase (DN),20.11,,%,auto_B
PMC8234392,2,6,3,6,aw,aw,0.551,,%,auto_B
PMC8234392,2,6,4,6,HMF,HMF (mg/kg),24.52,,%,auto_B
PMC8234392,2,6,5,6,diastase,Diastase (DN),13.6,,%,auto_B
PMC8234392,2,7,3,7,aw,aw,0.57,,%,auto_B
PMC8234392,2,7,4,7,HMF,HMF (mg/kg),10.2,,%,auto_B
PMC8234392,2,7,5,7,diastase,Diastase (DN),32.09,,%,auto_B
PMC8234392,2,8,3,8,aw,aw,0.604,,%,auto_B
PMC8234392,2,8,4,8,HMF,HMF (mg/kg),15.47,,%,auto_B
PMC8234392,2,8,5,8,diastase,Diastase (DN),28.55,,%,auto_B
PMC8234392,2,9,3,9,aw,aw,0.627,,%,auto_B
PMC8234392,2,9,4,9,HMF,HMF (mg/kg),16.42,,%,auto_B
PMC8234392,2,9,5,9,diastase,Diastase (DN),19.03,,%,auto_B
PMC8234392,2,10,3,10,aw,aw,0.731,,%,auto_B
PMC8374640,1,1,1,TPC,TPC,TPC,1.0,,mm,auto_B
PMC8374640,1,2,2,TFC,TFC,TFC,1.0,,mm,auto_B
PMC8374640,1,12,1,MIC50 (S. aureus),TPC,TPC,0.159,,mm,auto_B
PMC8374640,1,12,2,MIC50 (S. aureus),TFC,TFC,0.101,,mm,auto_B
PMC8374640,1,13,2,pH,TFC,TFC,0.013,,mm,auto_B
PMC8374640,1,13,13,pH,pH,pH,1.0,,mm,auto_B
PMC8374640,1,15,13,Viscosity,pH,pH,0.091,,mm,auto_B
PMC8374640,1,16,1,aw,TPC,TPC,0.119,,mm,auto_B
PMC8374640,1,16,16,aw,aw,aw,1.0,,mm,auto_B
PMC8615016,0,3,2,r,TFC,TFC,0.937,,,auto_B
PMC8626341,1,1,4,1,phenol_equiv,Total activity Equiv. to Phenol (w/v),8.4,,mm,auto_B
PMC8626341,1,1,5,1,H2O2,Non-peroxide Activity Equiv. to Phenol (w/v),7.1,,mm,auto_B
PMC8626341,1,2,4,2,phenol_equiv,Total activity Equiv. to Phenol (w/v),8.1,,mm,auto_B
PMC8626341,1,2,5,2,H2O2,Non-peroxide Activity Equiv. to Phenol (w/v),7.0,,mm,auto_B
PMC8626341,1,3,4,3,phenol_equiv,Total activity Equiv. to Phenol (w/v),7.9,,mm,auto_B
PMC8626341,1,3,5,3,H2O2,Non-peroxide Activity Equiv. to Phenol (w/v),6.9,,mm,auto_B
PMC8626341,1,4,4,4*,phenol_equiv,Total activity Equiv. to Phenol (w/v),8.5,,mm,auto_B
PMC8626341,1,4,5,4*,H2O2,Non-peroxide Activity Equiv. to Phenol (w/v),7.2,,mm,auto_B
PMC8626341,1,5,4,5,phenol_equiv,Total activity Equiv. to Phenol (w/v),8.2,,mm,auto_B
PMC8626341,1,5,5,5,H2O2,Non-peroxide Activity Equiv. to Phenol (w/v),7.0,,mm,auto_B
PMC8626341,1,6,4,6,phenol_equiv,Total activity Equiv. to Phenol (w/v),8.4,,mm,auto_B
PMC8626341,1,6,5,6,H2O2,Non-peroxide Activity Equiv. to Phenol (w/v),7.1,,mm,auto_B
PMC8626341,1,7,4,7,phenol_equiv,Total activity Equiv. to Phenol (w/v),7.9,,mm,auto_B
PMC8626341,1,7,5,7,H2O2,Non-peroxide Activity Equiv. to Phenol (w/v),6.9,,mm,auto_B
PMC8626341,1,8,4,8,phenol_equiv,Total activity Equiv. to Phenol (w/v),8.4,,mm,auto_B
PMC8626341,1,8,5,8,H2O2,Non-peroxide Activity Equiv. to Phenol (w/v),7.0,,mm,auto_B
PMC8626341,1,9,4,9,phenol_equiv,Total activity Equiv. to Phenol (w/v),8.2,,mm,auto_B
PMC8626341,1,9,5,9,H2O2,Non-peroxide Activity Equiv. to Phenol (w/v),7.0,,mm,auto_B
PMC8626341,1,10,4,10,phenol_equiv,Total activity Equiv. to Phenol (w/v),7.9,,mm,auto_B
PMC8626341,1,10,5,10,H2O2,Non-peroxide Activity Equiv. to Phenol (w/v),7.3,,mm,auto_B
PMC8626341,1,11,4,11,phenol_equiv,Total activity Equiv. to Phenol (w/v),8.5,,mm,auto_B
PMC8626341,1,11,5,11,H2O2,Non-peroxide Activity Equiv. to Phenol (w/v),7.1,,mm,auto_B
PMC8626341,1,12,4,12,phenol_equiv,Total activity Equiv. to Phenol (w/v),8.5,,mm,auto_B
PMC8626341,1,12,5,12,H2O2,Non-peroxide Activity Equiv. to Phenol (w/v),7.2,,mm,auto_B
PMC8626341,1,13,4,13,phenol_equiv,Total activity Equiv. to Phenol (w/v),7.0,,mm,auto_B
PMC8626341,1,13,5,13,H2O2,Non-peroxide Activity Equiv. to Phenol (w/v),7.0,,mm,auto_B
PMC8626341,1,14,4,14,phenol_equiv,Total activity Equiv. to Phenol (w/v),6.9,,mm,auto_B
PMC8626341,1,14,5,14,H2O2,Non-peroxide Activity Equiv. to Phenol (w/v),6.9,,mm,auto_B
PMC8868498,0,1,1,HS 1,electrical_cond,El. Conductivity/(mS/cm),1.22,,%,auto_B
PMC8868498,0,1,4,HS 1,sugar_total,Glucose/g/100g,23.15,,%,auto_B
PMC8868498,0,1,7,HS 1,TPC,Total Phenols/mgGAE/100g,231.0,,%,auto_B
PMC8868498,0,2,1,HS 2,electrical_cond,El. Conductivity/(mS/cm),1.17,,%,auto_B
PMC8868498,0,2,4,HS 2,sugar_total,Glucose/g/100g,24.08,,%,auto_B
PMC8868498,0,2,7,HS 2,TPC,Total Phenols/mgGAE/100g,228.0,,%,auto_B
PMC8868498,0,3,1,HS 3,electrical_cond,El. Conductivity/(mS/cm),1.22,,%,auto_B
PMC8868498,0,3,4,HS 3,sugar_total,Glucose/g/100g,23.45,,%,auto_B
PMC8868498,0,3,7,HS 3,TPC,Total Phenols/mgGAE/100g,225.0,,%,auto_B
PMC8944737,0,2,1,Cotton,H2O2,H2O2 mM in 40% Aqueous Honey Solution,3.73,,mM,auto_B
PMC8944737,0,2,2,Cotton,free_acidity,Free Acidity,0.84,,mM,auto_B
PMC8944737,0,2,4,Cotton,TPC,TPC(mg GAE/100 g of Honey),8.3,,mM,auto_B
PMC8944737,0,2,5,Cotton,TFC,TFCmg Quercetin Equivalents (CE)/100 g of Honey,99.7,,mM,auto_B
PMC8944737,0,3,1,Arbutus,H2O2,H2O2 mM in 40% Aqueous Honey Solution,3.32,,mM,auto_B
PMC8944737,0,3,2,Arbutus,free_acidity,Free Acidity,0.97,,mM,auto_B
PMC8944737,0,3,4,Arbutus,TPC,TPC(mg GAE/100 g of Honey),11.88,,mM,auto_B
PMC8944737,0,3,5,Arbutus,TFC,TFCmg Quercetin Equivalents (CE)/100 g of Honey,52.32,,mM,auto_B
PMC8944737,0,4,1,Chestnut,H2O2,H2O2 mM in 40% Aqueous Honey Solution,3.66,,mM,auto_B
PMC8944737,0,4,2,Chestnut,free_acidity,Free Acidity,1.16,,mM,auto_B
PMC8944737,0,4,4,Chestnut,TPC,TPC(mg GAE/100 g of Honey),15.44,,mM,auto_B
PMC8944737,0,4,5,Chestnut,TFC,TFCmg Quercetin Equivalents (CE)/100 g of Honey,52.86,,mM,auto_B
PMC8944737,0,5,1,Thyme,H2O2,H2O2 mM in 40% Aqueous Honey Solution,3.48,,mM,auto_B
PMC8944737,0,5,2,Thyme,free_acidity,Free Acidity,0.59,,mM,auto_B
PMC8944737,0,5,4,Thyme,TPC,TPC(mg GAE/100 g of Honey),11.14,,mM,auto_B
PMC8944737,0,5,5,Thyme,TFC,TFCmg Quercetin Equivalents (CE)/100 g of Honey,70.7,,mM,auto_B
PMC8944737,0,6,1,Orange,H2O2,H2O2 mM in 40% Aqueous Honey Solution,3.7,,mM,auto_B
PMC8944737,0,6,2,Orange,free_acidity,Free Acidity,0.36,,mM,auto_B
PMC8944737,0,6,4,Orange,TPC,TPC(mg GAE/100 g of Honey),9.23,,mM,auto_B
PMC8944737,0,6,5,Orange,TFC,TFCmg Quercetin Equivalents (CE)/100 g of Honey,38.3,,mM,auto_B
PMC8944737,0,7,1,Oregano,H2O2,H2O2 mM in 40% Aqueous Honey Solution,3.23,,mM,auto_B
PMC8944737,0,7,2,Oregano,free_acidity,Free Acidity,1.39,,mM,auto_B
PMC8944737,0,7,4,Oregano,TPC,TPC(mg GAE/100 g of Honey),12.45,,mM,auto_B
PMC8944737,0,7,5,Oregano,TFC,TFCmg Quercetin Equivalents (CE)/100 g of Honey,46.0,,mM,auto_B
PMC8944737,0,8,1,Fir,H2O2,H2O2 mM in 40% Aqueous Honey Solution,4.87,,mM,auto_B
PMC8944737,0,8,2,Fir,free_acidity,Free Acidity,3.02,,mM,auto_B
PMC8944737,0,8,4,Fir,TPC,TPC(mg GAE/100 g of Honey),11.04,,mM,auto_B
PMC8944737,0,8,5,Fir,TFC,TFCmg Quercetin Equivalents (CE)/100 g of Honey,99.1,,mM,auto_B
PMC8944737,0,9,1,Sunflower,H2O2,H2O2 mM in 40% Aqueous Honey Solution,3.93,,mM,auto_B
PMC8944737,0,9,2,Sunflower,free_acidity,Free Acidity,0.36,,mM,auto_B
PMC8944737,0,9,4,Sunflower,TPC,TPC(mg GAE/100 g of Honey),9.7,,mM,auto_B
PMC8944737,0,9,5,Sunflower,TFC,TFCmg Quercetin Equivalents (CE)/100 g of Honey,30.6,,mM,auto_B
PMC8944737,0,10,1,Heath,H2O2,H2O2 mM in 40% Aqueous Honey Solution,3.22,,mM,auto_B
PMC8944737,0,10,2,Heath,free_acidity,Free Acidity,1.29,,mM,auto_B
PMC8944737,0,10,4,Heath,TPC,TPC(mg GAE/100 g of Honey),7.84,,mM,auto_B
PMC8944737,0,10,5,Heath,TFC,TFCmg Quercetin Equivalents (CE)/100 g of Honey,43.66,,mM,auto_B
PMC8944737,0,11,1,Manuka honey,H2O2,H2O2 mM in 40% Aqueous Honey Solution,4.1,,mM,auto_B
PMC8944737,0,11,2,Manuka honey,free_acidity,Free Acidity,1.27,,mM,auto_B
PMC8944737,0,11,4,Manuka honey,TPC,TPC(mg GAE/100 g of Honey),7.1,,mM,auto_B
PMC8944737,0,11,5,Manuka honey,TFC,TFCmg Quercetin Equivalents (CE)/100 g of Honey,88.71,,mM,auto_B
PMC9137981,2,10,10,TPC,TPC,TPC,1.0,,,auto_B
PMC9137981,2,11,10,TFC,TPC,TPC,0.908,,,auto_B
PMC9137981,2,11,11,TFC,TFC,TFC,1.0,,,auto_B
PMC9137981,2,12,10,DPPH,TPC,TPC,0.993,,,auto_B
PMC9137981,2,12,11,DPPH,TFC,TFC,0.931,,,auto_B
PMC9137981,3,16,16,TPC,TPC,TPC,1.0,,,auto_B
PMC9137981,3,17,16,TFC,TPC,TPC,0.908,,,auto_B
PMC9137981,3,17,17,TFC,TFC,TFC,1.0,,,auto_B
PMC9137981,3,18,16,DPPH,TPC,TPC,0.993,,,auto_B
PMC9137981,3,18,17,DPPH,TFC,TFC,0.931,,,auto_B
PMC9219755,1,1,1,Acacia 1,moisture,Moisture(%),17.3,,%,auto_B
PMC9219755,1,1,2,Acacia 1,pH,pH,3.9,,%,auto_B
PMC9219755,1,1,3,Acacia 1,electrical_cond,Electrical Conductivity(μS/cm),136.0,,%,auto_B
PMC9219755,1,1,4,Acacia 1,free_acidity,Free Acidity (meq/kg),13.8,,%,auto_B
PMC9219755,1,1,5,Acacia 1,HMF,HMF(mg/kg),4.02,,%,auto_B
PMC9219755,1,2,1,Acacia 2,moisture,Moisture(%),16.4,,%,auto_B
PMC9219755,1,2,2,Acacia 2,pH,pH,4.51,,%,auto_B
PMC9219755,1,2,3,Acacia 2,electrical_cond,Electrical Conductivity(μS/cm),114.0,,%,auto_B
PMC9219755,1,2,4,Acacia 2,free_acidity,Free Acidity (meq/kg),16.3,,%,auto_B
PMC9219755,1,2,5,Acacia 2,HMF,HMF(mg/kg),3.23,,%,auto_B
PMC9219755,1,3,1,Linden 1,moisture,Moisture(%),15.8,,%,auto_B
PMC9219755,1,3,2,Linden 1,pH,pH,4.62,,%,auto_B
PMC9219755,1,3,3,Linden 1,electrical_cond,Electrical Conductivity(μS/cm),488.0,,%,auto_B
PMC9219755,1,3,4,Linden 1,free_acidity,Free Acidity (meq/kg),16.1,,%,auto_B
PMC9219755,1,3,5,Linden 1,HMF,HMF(mg/kg),7.04,,%,auto_B
PMC9219755,1,4,1,Linden 2,moisture,Moisture(%),17.1,,%,auto_B
PMC9219755,1,4,2,Linden 2,pH,pH,4.72,,%,auto_B
PMC9219755,1,4,3,Linden 2,electrical_cond,Electrical Conductivity(μS/cm),608.0,,%,auto_B
PMC9219755,1,4,4,Linden 2,free_acidity,Free Acidity (meq/kg),14.5,,%,auto_B
PMC9219755,1,4,5,Linden 2,HMF,HMF(mg/kg),5.46,,%,auto_B
PMC9219755,1,5,1,Heather 1,moisture,Moisture(%),16.7,,%,auto_B
PMC9219755,1,5,2,Heather 1,pH,pH,4.32,,%,auto_B
PMC9219755,1,5,3,Heather 1,electrical_cond,Electrical Conductivity(μS/cm),834.0,,%,auto_B
PMC9219755,1,5,4,Heather 1,free_acidity,Free Acidity (meq/kg),39.2,,%,auto_B
PMC9219755,1,5,5,Heather 1,HMF,HMF(mg/kg),5.41,,%,auto_B
PMC9219755,1,6,1,Heather 2,moisture,Moisture(%),15.6,,%,auto_B
PMC9219755,1,6,2,Heather 2,pH,pH,3.36,,%,auto_B
PMC9219755,1,6,3,Heather 2,electrical_cond,Electrical Conductivity(μS/cm),809.0,,%,auto_B
PMC9219755,1,6,4,Heather 2,free_acidity,Free Acidity (meq/kg),30.7,,%,auto_B
PMC9219755,1,6,5,Heather 2,HMF,HMF(mg/kg),3.27,,%,auto_B
PMC9219755,1,7,1,Rapeseed 1,moisture,Moisture(%),19.4,,%,auto_B
PMC9219755,1,7,2,Rapeseed 1,pH,pH,4.01,,%,auto_B
PMC9219755,1,7,3,Rapeseed 1,electrical_cond,Electrical Conductivity(μS/cm),224.0,,%,auto_B
PMC9219755,1,7,4,Rapeseed 1,free_acidity,Free Acidity (meq/kg),21.3,,%,auto_B
PMC9219755,1,7,5,Rapeseed 1,HMF,HMF(mg/kg),2.42,,%,auto_B
PMC9219755,1,8,1,Rapeseed 2,moisture,Moisture(%),18.4,,%,auto_B
PMC9219755,1,8,2,Rapeseed 2,pH,pH,4.1,,%,auto_B
PMC9219755,1,8,3,Rapeseed 2,electrical_cond,Electrical Conductivity(μS/cm),191.0,,%,auto_B
PMC9219755,1,8,4,Rapeseed 2,free_acidity,Free Acidity (meq/kg),16.3,,%,auto_B
PMC9219755,1,8,5,Rapeseed 2,HMF,HMF(mg/kg),7.15,,%,auto_B
PMC9219755,1,9,1,Sunflower,moisture,Moisture(%),17.0,,%,auto_B
PMC9219755,1,9,2,Sunflower,pH,pH,3.38,,%,auto_B
PMC9219755,1,9,3,Sunflower,electrical_cond,Electrical Conductivity(μS/cm),366.0,,%,auto_B
PMC9219755,1,9,4,Sunflower,free_acidity,Free Acidity (meq/kg),28.9,,%,auto_B
PMC9219755,1,9,5,Sunflower,HMF,HMF(mg/kg),9.41,,%,auto_B
PMC9219755,1,10,1,Phacelia,moisture,Moisture(%),15.0,,%,auto_B
PMC9219755,1,10,2,Phacelia,pH,pH,3.66,,%,auto_B
PMC9219755,1,10,3,Phacelia,electrical_cond,Electrical Conductivity(μS/cm),295.0,,%,auto_B
PMC9219755,1,10,4,Phacelia,free_acidity,Free Acidity (meq/kg),37.2,,%,auto_B
PMC9219755,1,10,5,Phacelia,HMF,HMF(mg/kg),1.89,,%,auto_B
PMC9219755,1,11,1,Basil,moisture,Moisture(%),16.0,,%,auto_B
PMC9219755,1,11,2,Basil,pH,pH,3.84,,%,auto_B
PMC9219755,1,11,3,Basil,electrical_cond,Electrical Conductivity(μS/cm),413.0,,%,auto_B
PMC9219755,1,11,4,Basil,free_acidity,Free Acidity (meq/kg),27.9,,%,auto_B
PMC9219755,1,11,5,Basil,HMF,HMF(mg/kg),3.14,,%,auto_B
PMC9219755,1,12,1,Anise,moisture,Moisture(%),16.4,,%,auto_B
PMC9219755,1,12,2,Anise,pH,pH,4.34,,%,auto_B
PMC9219755,1,12,3,Anise,electrical_cond,Electrical Conductivity(μS/cm),879.0,,%,auto_B
PMC9219755,1,12,4,Anise,free_acidity,Free Acidity (meq/kg),31.2,,%,auto_B
PMC9219755,1,12,5,Anise,HMF,HMF(mg/kg),5.58,,%,auto_B
PMC9219755,1,13,1,Sage,moisture,Moisture(%),15.1,,%,auto_B
PMC9219755,1,13,2,Sage,pH,pH,4.07,,%,auto_B
PMC9219755,1,13,3,Sage,electrical_cond,Electrical Conductivity(μS/cm),557.0,,%,auto_B
PMC9219755,1,13,4,Sage,free_acidity,Free Acidity (meq/kg),37.7,,%,auto_B
PMC9219755,1,13,5,Sage,HMF,HMF(mg/kg),4.94,,%,auto_B
PMC9219755,1,14,1,Chestnut,moisture,Moisture(%),16.5,,%,auto_B
PMC9219755,1,14,2,Chestnut,pH,pH,4.54,,%,auto_B
PMC9219755,1,14,3,Chestnut,electrical_cond,Electrical Conductivity(μS/cm),1251.0,,%,auto_B
PMC9219755,1,14,4,Chestnut,free_acidity,Free Acidity (meq/kg),27.1,,%,auto_B
PMC9219755,1,14,5,Chestnut,HMF,HMF(mg/kg),4.43,,%,auto_B
PMC9219755,1,15,1,Hawthorn,moisture,Moisture(%),19.1,,%,auto_B
PMC9219755,1,15,2,Hawthorn,pH,pH,4.41,,%,auto_B
PMC9219755,1,15,3,Hawthorn,electrical_cond,Electrical Conductivity(μS/cm),163.0,,%,auto_B
PMC9219755,1,15,4,Hawthorn,free_acidity,Free Acidity (meq/kg),20.3,,%,auto_B
PMC9219755,1,15,5,Hawthorn,HMF,HMF(mg/kg),8.25,,%,auto_B
PMC9219755,1,16,1,Lavender,moisture,Moisture(%),15.8,,%,auto_B
PMC9219755,1,16,2,Lavender,pH,pH,3.65,,%,auto_B
PMC9219755,1,16,3,Lavender,electrical_cond,Electrical Conductivity(μS/cm),1040.0,,%,auto_B
PMC9219755,1,16,4,Lavender,free_acidity,Free Acidity (meq/kg),38.9,,%,auto_B
PMC9219755,1,16,5,Lavender,HMF,HMF(mg/kg),7.73,,%,auto_B
PMC9219755,1,17,1,Meadow 1,moisture,Moisture(%),14.9,,%,auto_B
PMC9219755,1,17,2,Meadow 1,pH,pH,3.59,,%,auto_B
PMC9219755,1,17,3,Meadow 1,electrical_cond,Electrical Conductivity(μS/cm),353.0,,%,auto_B
PMC9219755,1,17,4,Meadow 1,free_acidity,Free Acidity (meq/kg),37.8,,%,auto_B
PMC9219755,1,17,5,Meadow 1,HMF,HMF(mg/kg),1.85,,%,auto_B
PMC9219755,1,18,1,Meadow 2,moisture,Moisture(%),17.4,,%,auto_B
PMC9219755,1,18,2,Meadow 2,pH,pH,3.95,,%,auto_B
PMC9219755,1,18,3,Meadow 2,electrical_cond,Electrical Conductivity(μS/cm),715.0,,%,auto_B
PMC9219755,1,18,4,Meadow 2,free_acidity,Free Acidity (meq/kg),20.1,,%,auto_B
PMC9219755,1,18,5,Meadow 2,HMF,HMF(mg/kg),3.41,,%,auto_B
PMC9219755,1,19,1,Meadow 3,moisture,Moisture(%),16.3,,%,auto_B
PMC9219755,1,19,2,Meadow 3,pH,pH,3.5,,%,auto_B
PMC9219755,1,19,3,Meadow 3,electrical_cond,Electrical Conductivity(μS/cm),470.0,,%,auto_B
PMC9219755,1,19,4,Meadow 3,free_acidity,Free Acidity (meq/kg),29.5,,%,auto_B
PMC9219755,1,19,5,Meadow 3,HMF,HMF(mg/kg),1.81,,%,auto_B
PMC9333225,1,2,1,MN01,MGO,MGO (mg/kg),297.0,,μM,auto_B
PMC9333225,1,2,2,MN01,DHA,DHA(mg/kg),272.0,,μM,auto_B
PMC9333225,1,2,3,MN01,HMF,HMF(mg/kg),15.0,,μM,auto_B
PMC9333225,1,2,4,MN01,pH,pH,4.54,,μM,auto_B
PMC9333225,1,2,6,MN01,Brix,Brixa,80.7,,μM,auto_B
PMC9333225,1,2,10,MN01,TPC,Phenolics (GAE mg/kg),270.0,,μM,auto_B
PMC9333225,1,3,1,MN02,MGO,MGO (mg/kg),3.0,,μM,auto_B
PMC9333225,1,3,2,MN02,DHA,DHA(mg/kg),84.0,,μM,auto_B
PMC9333225,1,3,3,MN02,HMF,HMF(mg/kg),189.0,,μM,auto_B
PMC9333225,1,3,4,MN02,pH,pH,4.27,,μM,auto_B
PMC9333225,1,3,6,MN02,Brix,Brixa,81.8,,μM,auto_B
PMC9333225,1,3,10,MN02,TPC,Phenolics (GAE mg/kg),278.0,,μM,auto_B
PMC9333225,1,4,1,MN03,MGO,MGO (mg/kg),1022.0,,μM,auto_B
PMC9333225,1,4,2,MN03,DHA,DHA(mg/kg),630.0,,μM,auto_B
PMC9333225,1,4,3,MN03,HMF,HMF(mg/kg),112.0,,μM,auto_B
PMC9333225,1,4,4,MN03,pH,pH,4.08,,μM,auto_B
PMC9333225,1,4,6,MN03,Brix,Brixa,80.9,,μM,auto_B
PMC9333225,1,4,10,MN03,TPC,Phenolics (GAE mg/kg),431.0,,μM,auto_B
PMC9333225,1,5,1,MN04,MGO,MGO (mg/kg),174.0,,μM,auto_B
PMC9333225,1,5,2,MN04,DHA,DHA(mg/kg),157.0,,μM,auto_B
PMC9333225,1,5,3,MN04,HMF,HMF(mg/kg),57.0,,μM,auto_B
PMC9333225,1,5,4,MN04,pH,pH,4.31,,μM,auto_B
PMC9333225,1,5,6,MN04,Brix,Brixa,83.4,,μM,auto_B
PMC9333225,1,5,10,MN04,TPC,Phenolics (GAE mg/kg),253.0,,μM,auto_B
PMC9333225,1,6,1,MN05,MGO,MGO (mg/kg),326.0,,μM,auto_B
PMC9333225,1,6,2,MN05,DHA,DHA(mg/kg),243.0,,μM,auto_B
PMC9333225,1,6,3,MN05,HMF,HMF(mg/kg),120.0,,μM,auto_B
PMC9333225,1,6,4,MN05,pH,pH,4.21,,μM,auto_B
PMC9333225,1,6,6,MN05,Brix,Brixa,80.4,,μM,auto_B
PMC9333225,1,6,10,MN05,TPC,Phenolics (GAE mg/kg),359.0,,μM,auto_B
PMC9333225,1,7,1,MN06,MGO,MGO (mg/kg),183.0,,μM,auto_B
PMC9333225,1,7,2,MN06,DHA,DHA(mg/kg),270.0,,μM,auto_B
PMC9333225,1,7,3,MN06,HMF,HMF(mg/kg),183.0,,μM,auto_B
PMC9333225,1,7,4,MN06,pH,pH,4.12,,μM,auto_B
PMC9333225,1,7,6,MN06,Brix,Brixa,81.7,,μM,auto_B
PMC9333225,1,7,10,MN06,TPC,Phenolics (GAE mg/kg),491.0,,μM,auto_B
PMC9333225,1,8,1,MN07,MGO,MGO (mg/kg),531.0,,μM,auto_B
PMC9333225,1,8,2,MN07,DHA,DHA(mg/kg),423.0,,μM,auto_B
PMC9333225,1,8,3,MN07,HMF,HMF(mg/kg),183.0,,μM,auto_B
PMC9333225,1,8,4,MN07,pH,pH,3.99,,μM,auto_B
PMC9333225,1,8,6,MN07,Brix,Brixa,82.0,,μM,auto_B
PMC9333225,1,8,10,MN07,TPC,Phenolics (GAE mg/kg),432.0,,μM,auto_B
PMC9333225,1,9,1,MN08,MGO,MGO (mg/kg),532.0,,μM,auto_B
PMC9333225,1,9,2,MN08,DHA,DHA(mg/kg),431.0,,μM,auto_B
PMC9333225,1,9,3,MN08,HMF,HMF(mg/kg),432.0,,μM,auto_B
PMC9333225,1,9,4,MN08,pH,pH,3.93,,μM,auto_B
PMC9333225,1,9,10,MN08,TPC,Phenolics (GAE mg/kg),501.0,,μM,auto_B
PMC9333225,1,10,1,MN09,MGO,MGO (mg/kg),34.0,,μM,auto_B
PMC9333225,1,10,2,MN09,DHA,DHA(mg/kg),44.0,,μM,auto_B
PMC9333225,1,10,3,MN09,HMF,HMF(mg/kg),31.0,,μM,auto_B
PMC9333225,1,10,4,MN09,pH,pH,4.59,,μM,auto_B
PMC9333225,1,10,6,MN09,Brix,Brixa,81.9,,μM,auto_B
PMC9333225,1,10,10,MN09,TPC,Phenolics (GAE mg/kg),226.0,,μM,auto_B
PMC9333225,1,11,1,MN10,MGO,MGO (mg/kg),911.0,,μM,auto_B
PMC9333225,1,11,2,MN10,DHA,DHA(mg/kg),395.0,,μM,auto_B
PMC9333225,1,11,3,MN10,HMF,HMF(mg/kg),72.0,,μM,auto_B
PMC9333225,1,11,4,MN10,pH,pH,4.12,,μM,auto_B
PMC9333225,1,11,10,MN10,TPC,Phenolics (GAE mg/kg),425.0,,μM,auto_B
PMC9333225,1,12,1,MN11,MGO,MGO (mg/kg),494.0,,μM,auto_B
PMC9333225,1,12,2,MN11,DHA,DHA(mg/kg),482.0,,μM,auto_B
PMC9333225,1,12,3,MN11,HMF,HMF(mg/kg),36.0,,μM,auto_B
PMC9333225,1,12,4,MN11,pH,pH,4.2,,μM,auto_B
PMC9333225,1,12,6,MN11,Brix,Brixa,80.3,,μM,auto_B
PMC9333225,1,12,10,MN11,TPC,Phenolics (GAE mg/kg),353.0,,μM,auto_B
PMC9333225,1,13,1,MN12,MGO,MGO (mg/kg),572.0,,μM,auto_B
PMC9333225,1,13,2,MN12,DHA,DHA(mg/kg),448.0,,μM,auto_B
PMC9333225,1,13,3,MN12,HMF,HMF(mg/kg),34.0,,μM,auto_B
PMC9333225,1,13,4,MN12,pH,pH,4.17,,μM,auto_B
PMC9333225,1,13,10,MN12,TPC,Phenolics (GAE mg/kg),340.0,,μM,auto_B
PMC9333225,1,14,1,MN13,MGO,MGO (mg/kg),280.0,,μM,auto_B
PMC9333225,1,14,2,MN13,DHA,DHA(mg/kg),259.0,,μM,auto_B
PMC9333225,1,14,3,MN13,HMF,HMF(mg/kg),57.0,,μM,auto_B
PMC9333225,1,14,4,MN13,pH,pH,4.23,,μM,auto_B
PMC9333225,1,14,10,MN13,TPC,Phenolics (GAE mg/kg),426.0,,μM,auto_B
PMC9333225,1,15,1,MN14,MGO,MGO (mg/kg),75.0,,μM,auto_B
PMC9333225,1,15,2,MN14,DHA,DHA(mg/kg),99.0,,μM,auto_B
PMC9333225,1,15,3,MN14,HMF,HMF(mg/kg),231.0,,μM,auto_B
PMC9333225,1,15,4,MN14,pH,pH,4.26,,μM,auto_B
PMC9333225,1,15,6,MN14,Brix,Brixa,80.8,,μM,auto_B
PMC9333225,1,15,10,MN14,TPC,Phenolics (GAE mg/kg),420.0,,μM,auto_B
PMC9333225,1,16,1,MN15,MGO,MGO (mg/kg),94.0,,μM,auto_B
PMC9333225,1,16,2,MN15,DHA,DHA(mg/kg),147.0,,μM,auto_B
PMC9333225,1,16,3,MN15,HMF,HMF(mg/kg),57.0,,μM,auto_B
PMC9333225,1,16,4,MN15,pH,pH,4.52,,μM,auto_B
PMC9333225,1,16,6,MN15,Brix,Brixa,81.2,,μM,auto_B
PMC9333225,1,16,10,MN15,TPC,Phenolics (GAE mg/kg),260.0,,μM,auto_B
PMC9333225,1,17,1,MN16,MGO,MGO (mg/kg),575.0,,μM,auto_B
PMC9333225,1,17,2,MN16,DHA,DHA(mg/kg),348.0,,μM,auto_B
PMC9333225,1,17,3,MN16,HMF,HMF(mg/kg),68.0,,μM,auto_B
PMC9333225,1,17,4,MN16,pH,pH,4.11,,μM,auto_B
PMC9333225,1,17,10,MN16,TPC,Phenolics (GAE mg/kg),418.0,,μM,auto_B
PMC9333225,1,18,1,MN17,MGO,MGO (mg/kg),42.0,,μM,auto_B
PMC9333225,1,18,2,MN17,DHA,DHA(mg/kg),80.0,,μM,auto_B
PMC9333225,1,18,3,MN17,HMF,HMF(mg/kg),146.0,,μM,auto_B
PMC9333225,1,18,4,MN17,pH,pH,4.18,,μM,auto_B
PMC9333225,1,18,10,MN17,TPC,Phenolics (GAE mg/kg),294.0,,μM,auto_B
PMC9333225,1,19,1,MN18,MGO,MGO (mg/kg),89.0,,μM,auto_B
PMC9333225,1,19,2,MN18,DHA,DHA(mg/kg),106.0,,μM,auto_B
PMC9333225,1,19,3,MN18,HMF,HMF(mg/kg),58.0,,μM,auto_B
PMC9333225,1,19,4,MN18,pH,pH,4.4,,μM,auto_B
PMC9333225,1,19,6,MN18,Brix,Brixa,81.2,,μM,auto_B
PMC9333225,1,19,10,MN18,TPC,Phenolics (GAE mg/kg),297.0,,μM,auto_B
PMC9333225,1,20,1,MN19,MGO,MGO (mg/kg),30.0,,μM,auto_B
PMC9333225,1,20,2,MN19,DHA,DHA(mg/kg),42.0,,μM,auto_B
PMC9333225,1,20,3,MN19,HMF,HMF(mg/kg),16.0,,μM,auto_B
PMC9333225,1,20,4,MN19,pH,pH,4.72,,μM,auto_B
PMC9333225,1,20,6,MN19,Brix,Brixa,83.0,,μM,auto_B
PMC9333225,1,20,10,MN19,TPC,Phenolics (GAE mg/kg),233.0,,μM,auto_B
PMC9333225,1,21,1,MN20,MGO,MGO (mg/kg),124.0,,μM,auto_B
PMC9333225,1,21,2,MN20,DHA,DHA(mg/kg),163.0,,μM,auto_B
PMC9333225,1,21,3,MN20,HMF,HMF(mg/kg),78.0,,μM,auto_B
PMC9333225,1,21,4,MN20,pH,pH,4.2,,μM,auto_B
PMC9333225,1,21,6,MN20,Brix,Brixa,80.7,,μM,auto_B
PMC9333225,1,21,10,MN20,TPC,Phenolics (GAE mg/kg),356.0,,μM,auto_B
PMC9333225,1,22,1,MN21,MGO,MGO (mg/kg),454.0,,μM,auto_B
PMC9333225,1,22,2,MN21,DHA,DHA(mg/kg),610.0,,μM,auto_B
PMC9333225,1,22,3,MN21,HMF,HMF(mg/kg),82.0,,μM,auto_B
PMC9333225,1,22,4,MN21,pH,pH,4.14,,μM,auto_B
PMC9333225,1,22,6,MN21,Brix,Brixa,80.1,,μM,auto_B
PMC9333225,1,22,10,MN21,TPC,Phenolics (GAE mg/kg),258.0,,μM,auto_B
PMC9333225,1,23,1,MN22,MGO,MGO (mg/kg),857.0,,μM,auto_B
PMC9333225,1,23,2,MN22,DHA,DHA(mg/kg),1185.0,,μM,auto_B
PMC9333225,1,23,3,MN22,HMF,HMF(mg/kg),46.0,,μM,auto_B
PMC9333225,1,23,4,MN22,pH,pH,4.15,,μM,auto_B
PMC9333225,1,23,6,MN22,Brix,Brixa,79.8,,μM,auto_B
PMC9333225,1,23,10,MN22,TPC,Phenolics (GAE mg/kg),292.0,,μM,auto_B
PMC9333225,1,24,1,MN23,MGO,MGO (mg/kg),649.0,,μM,auto_B
PMC9333225,1,24,2,MN23,DHA,DHA(mg/kg),898.0,,μM,auto_B
PMC9333225,1,24,3,MN23,HMF,HMF(mg/kg),23.0,,μM,auto_B
PMC9333225,1,24,4,MN23,pH,pH,4.27,,μM,auto_B
PMC9333225,1,24,10,MN23,TPC,Phenolics (GAE mg/kg),231.0,,μM,auto_B
PMC9333225,1,25,1,MN24,MGO,MGO (mg/kg),111.0,,μM,auto_B
PMC9333225,1,25,2,MN24,DHA,DHA(mg/kg),206.0,,μM,auto_B
PMC9333225,1,25,3,MN24,HMF,HMF(mg/kg),173.0,,μM,auto_B
PMC9333225,1,25,4,MN24,pH,pH,4.3,,μM,auto_B
PMC9333225,1,25,6,MN24,Brix,Brixa,82.7,,μM,auto_B
PMC9333225,1,25,10,MN24,TPC,Phenolics (GAE mg/kg),263.0,,μM,auto_B
PMC9333225,1,26,1,MN25,MGO,MGO (mg/kg),274.0,,μM,auto_B
PMC9333225,1,26,2,MN25,DHA,DHA(mg/kg),196.0,,μM,auto_B
PMC9333225,1,26,3,MN25,HMF,HMF(mg/kg),109.0,,μM,auto_B
PMC9333225,1,26,4,MN25,pH,pH,4.0,,μM,auto_B
PMC9333225,1,26,10,MN25,TPC,Phenolics (GAE mg/kg),663.0,,μM,auto_B
PMC9333225,1,27,1,MN26,MGO,MGO (mg/kg),184.0,,μM,auto_B
PMC9333225,1,27,2,MN26,DHA,DHA(mg/kg),195.0,,μM,auto_B
PMC9333225,1,27,3,MN26,HMF,HMF(mg/kg),52.0,,μM,auto_B
PMC9333225,1,27,4,MN26,pH,pH,4.21,,μM,auto_B
PMC9333225,1,27,6,MN26,Brix,Brixa,82.1,,μM,auto_B
PMC9333225,1,27,10,MN26,TPC,Phenolics (GAE mg/kg),405.0,,μM,auto_B
PMC9333225,1,28,1,MN27,MGO,MGO (mg/kg),520.0,,μM,auto_B
PMC9333225,1,28,2,MN27,DHA,DHA(mg/kg),324.0,,μM,auto_B
PMC9333225,1,28,3,MN27,HMF,HMF(mg/kg),61.0,,μM,auto_B
PMC9333225,1,28,4,MN27,pH,pH,4.36,,μM,auto_B
PMC9333225,1,28,6,MN27,Brix,Brixa,84.4,,μM,auto_B
PMC9333225,1,28,10,MN27,TPC,Phenolics (GAE mg/kg),437.0,,μM,auto_B
PMC9333225,1,29,1,MN28,MGO,MGO (mg/kg),27.0,,μM,auto_B
PMC9333225,1,29,2,MN28,DHA,DHA(mg/kg),25.0,,μM,auto_B
PMC9333225,1,29,3,MN28,HMF,HMF(mg/kg),37.0,,μM,auto_B
PMC9333225,1,29,4,MN28,pH,pH,5.42,,μM,auto_B
PMC9333225,1,29,6,MN28,Brix,Brixa,84.9,,μM,auto_B
PMC9333225,1,29,10,MN28,TPC,Phenolics (GAE mg/kg),211.0,,μM,auto_B
PMC9333225,1,30,1,MN29,MGO,MGO (mg/kg),4.0,,μM,auto_B
PMC9333225,1,30,2,MN29,DHA,DHA(mg/kg),21.0,,μM,auto_B
PMC9333225,1,30,3,MN29,HMF,HMF(mg/kg),98.0,,μM,auto_B
PMC9333225,1,30,4,MN29,pH,pH,4.28,,μM,auto_B
PMC9333225,1,30,6,MN29,Brix,Brixa,83.6,,μM,auto_B
PMC9333225,1,30,10,MN29,TPC,Phenolics (GAE mg/kg),444.0,,μM,auto_B
PMC9333225,1,31,4,MUL,pH,pH,4.24,,μM,auto_B
PMC9333225,1,31,6,MUL,Brix,Brixa,82.4,,μM,auto_B
PMC9333225,1,31,10,MUL,TPC,Phenolics (GAE mg/kg),244.0,,μM,auto_B
PMC9333225,1,32,4,ART,pH,pH,5.73,,μM,auto_B
PMC9333225,1,32,6,ART,Brix,Brixa,80.3,,μM,auto_B
PMC9333225,1,32,10,ART,TPC,Phenolics (GAE mg/kg),9.0,,μM,auto_B
PMC9505312,0,1,2,M. chamomilla,moisture,Moisture (%),11.04,,%,auto_B
PMC9505312,0,1,3,M. chamomilla,pH,pH,4.02,,%,auto_B
PMC9505312,0,1,4,M. chamomilla,free_acidity,Free Acidity (meq/kg),22.78,,%,auto_B
PMC9505312,0,1,5,M. chamomilla,HMF,HMF (mg/kg),11.04,,%,auto_B
PMC9505312,0,1,7,M. chamomilla,electrical_cond,Electrical Conductivity (mS/cm),0.48,,%,auto_B
PMC9505312,0,1,8,M. chamomilla,density,Density (g/mL),1.39,,%,auto_B
PMC9598309,3,1,1,M1,free_acidity,Acidity (meq kg−1),32.01,,%,auto_B
PMC9598309,3,1,2,M1,moisture,Moisture (%),19.5,,%,auto_B
PMC9598309,3,1,3,M1,HMF,HMF (mg kg−1),10.55,,%,auto_B
PMC9598309,3,1,4,M1,sugar_total,Reducing Sugars (%),71.43,,%,auto_B
PMC9598309,3,2,1,M2,free_acidity,Acidity (meq kg−1),30.55,,%,auto_B
PMC9598309,3,2,2,M2,moisture,Moisture (%),19.0,,%,auto_B
PMC9598309,3,2,3,M2,HMF,HMF (mg kg−1),55.17,,%,auto_B
PMC9598309,3,2,4,M2,sugar_total,Reducing Sugars (%),68.96,,%,auto_B
PMC9598309,3,3,1,M3,free_acidity,Acidity (meq kg−1),28.13,,%,auto_B
PMC9598309,3,3,2,M3,moisture,Moisture (%),18.5,,%,auto_B
PMC9598309,3,3,3,M3,HMF,HMF (mg kg−1),9.77,,%,auto_B
PMC9598309,3,3,4,M3,sugar_total,Reducing Sugars (%),66.66,,%,auto_B
PMC9598309,3,4,1,M4,free_acidity,Acidity (meq kg−1),16.0,,%,auto_B
PMC9598309,3,4,2,M4,moisture,Moisture (%),17.5,,%,auto_B
PMC9598309,3,4,3,M4,HMF,HMF (mg kg−1),14.82,,%,auto_B
PMC9598309,3,4,4,M4,sugar_total,Reducing Sugars (%),67.56,,%,auto_B
PMC9598309,3,5,1,M5,free_acidity,Acidity (meq kg−1),22.31,,%,auto_B
PMC9598309,3,5,2,M5,moisture,Moisture (%),19.0,,%,auto_B
PMC9598309,3,5,3,M5,HMF,HMF (mg kg−1),50.53,,%,auto_B
PMC9598309,3,5,4,M5,sugar_total,Reducing Sugars (%),74.07,,%,auto_B
PMC9598309,3,6,1,M6,free_acidity,Acidity (meq kg−1),25.22,,%,auto_B
PMC9598309,3,6,2,M6,moisture,Moisture (%),18.0,,%,auto_B
PMC9598309,3,6,3,M6,HMF,HMF (mg kg−1),55.7,,%,auto_B
PMC9598309,3,6,4,M6,sugar_total,Reducing Sugars (%),70.42,,%,auto_B
PMC9598309,3,7,1,M7,free_acidity,Acidity (meq kg−1),18.43,,%,auto_B
PMC9598309,3,7,2,M7,moisture,Moisture (%),19.0,,%,auto_B
PMC9598309,3,7,3,M7,HMF,HMF (mg kg−1),2.47,,%,auto_B
PMC9598309,3,7,4,M7,sugar_total,Reducing Sugars (%),74.07,,%,auto_B
PMC9951885,0,1,1,Control rapeseed honey,TPC,TPC [mg GAE/100 g],35.56,,μm,auto_B
PMC9951885,0,1,2,Control rapeseed honey,TFC,TFC [mg QE/100 g],9.16,,μm,auto_B
PMC9951885,0,2,1,Black raspberry (2%),TPC,TPC [mg GAE/100 g],78.27,,μm,auto_B
PMC9951885,0,2,2,Black raspberry (2%),TFC,TFC [mg QE/100 g],15.27,,μm,auto_B
PMC9951885,0,3,1,Black raspberry (4%),TPC,TPC [mg GAE/100 g],150.45,,μm,auto_B
PMC9951885,0,3,2,Black raspberry (4%),TFC,TFC [mg QE/100 g],52.67,,μm,auto_B
PMC9951885,0,4,1,Blackcurrant (2%),TPC,TPC [mg GAE/100 g],82.44,,μm,auto_B
PMC9951885,0,4,2,Blackcurrant (2%),TFC,TFC [mg QE/100 g],24.28,,μm,auto_B
PMC9951885,0,5,1,Blackcurrant (4%),TPC,TPC [mg GAE/100 g],159.82,,μm,auto_B
PMC9951885,0,5,2,Blackcurrant (4%),TFC,TFC [mg QE/100 g],30.69,,μm,auto_B
PMC9951885,0,6,1,Sea buckthorn—fruit (2%),TPC,TPC [mg GAE/100 g],46.87,,μm,auto_B
PMC9951885,0,6,2,Sea buckthorn—fruit (2%),TFC,TFC [mg QE/100 g],34.5,,μm,auto_B
PMC9951885,0,7,1,Sea buckthorn—fruit (4%),TPC,TPC [mg GAE/100 g],105.21,,μm,auto_B
PMC9951885,0,7,2,Sea buckthorn—fruit (4%),TFC,TFC [mg QE/100 g],99.77,,μm,auto_B
PMC9951885,0,8,1,Sea buckthorn—fruit powder (2%),TPC,TPC [mg GAE/100 g],56.4,,μm,auto_B
PMC9951885,0,8,2,Sea buckthorn—fruit powder (2%),TFC,TFC [mg QE/100 g],10.69,,μm,auto_B
PMC9951885,0,9,1,Sea buckthorn—fruit powder (4%),TPC,TPC [mg GAE/100 g],82.89,,μm,auto_B
PMC9951885,0,9,2,Sea buckthorn—fruit powder (4%),TFC,TFC [mg QE/100 g],54.81,,μm,auto_B
PMC9951885,0,10,1,Sea buckthorn—leaf (2%),TPC,TPC [mg GAE/100 g],192.41,,μm,auto_B
PMC9951885,0,10,2,Sea buckthorn—leaf (2%),TFC,TFC [mg QE/100 g],29.62,,μm,auto_B
PMC9951885,0,11,1,Sea buckthorn—leaf (4%),TPC,TPC [mg GAE/100 g],616.82,,μm,auto_B
PMC9951885,0,11,2,Sea buckthorn—leaf (4%),TFC,TFC [mg QE/100 g],76.64,,μm,auto_B
PMC9951885,0,12,1,Elderberry—flower (2%),TPC,TPC [mg GAE/100 g],92.41,,μm,auto_B
PMC9951885,0,12,2,Elderberry—flower (2%),TFC,TFC [mg QE/100 g],51.45,,μm,auto_B
PMC9951885,0,13,1,Elderberry—flower (4%),TPC,TPC [mg GAE/100 g],211.31,,μm,auto_B
PMC9951885,0,13,2,Elderberry—flower (4%),TFC,TFC [mg QE/100 g],82.75,,μm,auto_B
PMC9951885,0,14,1,Apple powder (2%),TPC,TPC [mg GAE/100 g],40.77,,μm,auto_B
PMC9951885,0,14,2,Apple powder (2%),TFC,TFC [mg QE/100 g],11.76,,μm,auto_B
PMC9951885,0,15,1,Apple powder (4%),TPC,TPC [mg GAE/100 g],59.08,,μm,auto_B
PMC9951885,0,15,2,Apple powder (4%),TFC,TFC [mg QE/100 g],17.41,,μm,auto_B
PMC9951885,0,16,1,Rose hip (2%),TPC,TPC [mg GAE/100 g],165.0,,μm,auto_B
PMC9951885,0,16,2,Rose hip (2%),TFC,TFC [mg QE/100 g],23.52,,μm,auto_B
PMC9951885,0,17,1,Rose hip (4%),TPC,TPC [mg GAE/100 g],306.11,,μm,auto_B
PMC9951885,0,17,2,Rose hip (4%),TFC,TFC [mg QE/100 g],43.64,,μm,auto_B
PMC9951885,0,18,1,Barberry (2%),TPC,TPC [mg GAE/100 g],79.08,,μm,auto_B
PMC9951885,0,18,2,Barberry (2%),TFC,TFC [mg QE/100 g],16.63,,μm,auto_B
PMC9951885,0,19,1,Barberry (4%),TPC,TPC [mg GAE/100 g],143.2,,μm,auto_B
PMC9951885,0,19,2,Barberry (4%),TFC,TFC [mg QE/100 g],25.32,,μm,auto_B
