pmcid,table_idx,label,caption,n_rows,n_cols,relevant,file,title
PMC10000891,0,T a b l e   1,Transitions recorded during MRM Measurement of 3-phenyllactic acid (3-PLA) and the internal standard forchlorfenuron (FCF) in honey samples.,6,8,True,PMC10000891_t0.csv,3-Phenyllactic Acid and Polyphenols Are Substances Enhancing the Antibacterial Effect of Methylglyoxal in Manuka Honey
PMC10000891,1,T a b l e   2,"Contents of methylglyoxal, 3-phenyllactic acid and gallic acid equivalents in the analyzed honey samples. Measurement uncertainty is given as standard deviation ( n  = 3).",5,4,True,PMC10000891_t1.csv,3-Phenyllactic Acid and Polyphenols Are Substances Enhancing the Antibacterial Effect of Methylglyoxal in Manuka Honey
PMC10051060,0,T a b l e   1,"MGO Release Data ( n  = 3, data represents mean ± SD).",10,9,True,PMC10051060_t0.csv,Monitoring the Release of Methylglyoxal (MGO) from Honey and Honey-Based Formulations
PMC10051060,1,T a b l e   2,"MGO Release rate ( n  = 3, data represents mean ± SD).",10,4,True,PMC10051060_t1.csv,Monitoring the Release of Methylglyoxal (MGO) from Honey and Honey-Based Formulations
PMC10051060,2,T a b l e   3,List of commercial products.,6,6,True,PMC10051060_t2.csv,Monitoring the Release of Methylglyoxal (MGO) from Honey and Honey-Based Formulations
PMC10055715,0,T a b l e   1,Normalized element composition of CH-AgNPs.,6,7,False,PMC10055715_t0.csv,"Green Synthesis, Characterization, Antioxidant, Antibacterial and Enzyme Inhibition Effects of Chestnut ("
PMC10055715,1,T a b l e   2,The list of FTIR peaks.,13,5,True,PMC10055715_t1.csv,"Green Synthesis, Characterization, Antioxidant, Antibacterial and Enzyme Inhibition Effects of Chestnut ("
PMC10055715,2,T a b l e   3,Biochemical and enzyme inhibition properties of honey extract and CH-AgNPs.,8,5,True,PMC10055715_t2.csv,"Green Synthesis, Characterization, Antioxidant, Antibacterial and Enzyme Inhibition Effects of Chestnut ("
PMC10055715,3,T a b l e   4,Synthesis of AgNPs by using different sources.,9,6,True,PMC10055715_t3.csv,"Green Synthesis, Characterization, Antioxidant, Antibacterial and Enzyme Inhibition Effects of Chestnut ("
PMC10055715,4,T a b l e   5,In vitro antibacterial activity assays results of CH-AgNP samples. [Disk diffusion method (DDM); agar well diffusion method (AWD—mm); minimum inhibition concentration (MIC—μg/mL) and minimum bactericidal concentration (MBC—μg/mL)].,12,18,True,PMC10055715_t4.csv,"Green Synthesis, Characterization, Antioxidant, Antibacterial and Enzyme Inhibition Effects of Chestnut ("
PMC10062613,0,T a b l e   1,Primary probiotic characteristics of lactic acid bacterial (LAB) strains.,6,7,True,PMC10062613_t0.csv,Antimycotic effect of 3-phenyllactic acid produced by probiotic bacterial isolates against Covid-19 associated mucormyco
PMC10062613,1,T a b l e   2,Antibiotic sensitivity of three LAB isolates using disc diffusion method.,16,6,True,PMC10062613_t1.csv,Antimycotic effect of 3-phenyllactic acid produced by probiotic bacterial isolates against Covid-19 associated mucormyco
PMC10105280,0,T a b l e   1 .,Primer sequences used in RT-qPCR analysis for  S. aureus,17,4,False,PMC10105280_t0.csv,Comparison of the antimicrobial and antivirulence activities of Sidr and Tualang honeys with Manuka honey against 
PMC10105280,1,T a b l e   2 .,"The antibacterial activities of MH, SH, and TH against  S. aureus  using an agar well diffusion assay.",4,5,True,PMC10105280_t1.csv,Comparison of the antimicrobial and antivirulence activities of Sidr and Tualang honeys with Manuka honey against 
PMC10105280,2,T a b l e   3 .,"MICs and MBCs values for MH, SH and TH against  S. aureus",4,5,True,PMC10105280_t2.csv,Comparison of the antimicrobial and antivirulence activities of Sidr and Tualang honeys with Manuka honey against 
PMC10137453,0,T a b l e   1,Physicochemical characteristics of Kelulut honey adulterated with HFCS at different percentage.,11,10,True,PMC10137453_t0.csv,"Differentiation of High-Fructose Corn Syrup Adulterated Kelulut Honey Using Physicochemical, Rheological, and Antibacter"
PMC10141347,0,T a b l e   1,List of honeys used and their characteristics.,16,6,True,PMC10141347_t0.csv,Unexpected Value of Honey Color for Prediction of a Non-Enzymatic H
PMC10141347,1,T a b l e   2,"Correlation matrix (all correlations are significant,  p  < 0.05).",18,10,True,PMC10141347_t1.csv,Unexpected Value of Honey Color for Prediction of a Non-Enzymatic H
PMC10141347,2,T a b l e   3,Pearson correlation coefficients and correlation matrix.,5,5,True,PMC10141347_t2.csv,Unexpected Value of Honey Color for Prediction of a Non-Enzymatic H
PMC10142140,0,T a b l e   1,"Localities, feeding diet and types of plantations in the study areas.",5,4,True,PMC10142140_t0.csv,Intraspecific Variability in Proteomic Profiles and Biological Activities of the Honey Bee Hemolymph
PMC10142140,1,T a b l e   2,RP-HPLC chromatogram peaks profiles of honey bee hemolymph extracts obtained in PBS or DMSO.,30,9,True,PMC10142140_t1.csv,Intraspecific Variability in Proteomic Profiles and Biological Activities of the Honey Bee Hemolymph
PMC10142140,2,T a b l e   3,"Inhibition zone (mm) of honey bee hemolymph extracted in PBS or DMSO on various types of bacteria ( Bacillus subtilis ,  Staphylococcus aureus ,  Escherichia coli  and  Salmonella typhimurium ).",6,11,True,PMC10142140_t2.csv,Intraspecific Variability in Proteomic Profiles and Biological Activities of the Honey Bee Hemolymph
PMC10144098,0,T a b l e   1,The inhibition zone (in mm) of  Tamarix gallica  honey against various pathogenic microorganisms by the disc diffusion method (mean values ± SE). Each test was run in triplicate.,8,7,True,PMC10144098_t0.csv,The Bioactive Value of 
PMC10144098,1,T a b l e   2,"The minimal inhibitory concentration (MIC *), in mg/mL, of  Tamarix gallica  honey from Saudi Arabia (n = 50), Egypt (n = 50), and Libya (n = 50) against the antibiotic-resistant bacterial strains.",33,11,True,PMC10144098_t1.csv,The Bioactive Value of 
PMC10144098,2,T a b l e   3,"The total phenolics, total flavonoids, and DPPH of the  Tamarix gallica  honey (mean values ± SE).",4,5,True,PMC10144098_t2.csv,The Bioactive Value of 
PMC10144098,3,T a b l e   4,Pollen analysis of the  Tamarix gallica  honey from different origins.,4,4,True,PMC10144098_t3.csv,The Bioactive Value of 
PMC10144098,4,T a b l e   5,"The physicochemical parameters of the  Tamarix gallica  honey from Saudi Arabia (n = 50), Egypt (n = 50), and Libya (n = 50) (mean values ± SE).",14,4,True,PMC10144098_t4.csv,The Bioactive Value of 
PMC10211265,0,T a b l e   1,Information of the ALH samples.,6,3,False,PMC10211265_t0.csv,Antioxidant and antibacterial activity of 
PMC10211265,1,T a b l e   2,Minimum inhibitory concentration (MIC) and minimum bactericidal concentration (MBC) of honey samples against  S. typhimurium .,10,3,True,PMC10211265_t1.csv,Antioxidant and antibacterial activity of 
PMC10211265,2,T a b l e   3,Physicochemical parameters of the ALH samples.,6,10,True,PMC10211265_t2.csv,Antioxidant and antibacterial activity of 
PMC10211265,3,T a b l e   4,The phenolic compounds of the ALH samples.,75,12,True,PMC10211265_t3.csv,Antioxidant and antibacterial activity of 
PMC10211265,4,T a b l e   5,Antioxidant activities of the ALH samples.,6,5,False,PMC10211265_t4.csv,Antioxidant and antibacterial activity of 
PMC10211265,5,T a b l e   6,"Correlation ships among total phenols, total flavonoids and antioxidant activities.",7,7,True,PMC10211265_t5.csv,Antioxidant and antibacterial activity of 
PMC10213365,0,T a b l e   1,The scoring system of the histological changes in burn-wound healing.,6,5,False,PMC10213365_t0.csv,Antibacterial and wound-healing action of Ulmo honey (
PMC10213365,1,T a b l e   2,Chemical parameters of the three samples of Ulmo honey ( Eucryphia cordifolia ).,7,5,True,PMC10213365_t1.csv,Antibacterial and wound-healing action of Ulmo honey (
PMC10213365,2,T a b l e   3,Percentage of the histological parameters on the burn wound healing scale.,22,6,False,PMC10213365_t2.csv,Antibacterial and wound-healing action of Ulmo honey (
PMC10215129,0,T a b l e   1,The mean concentration ± standard deviation of plant hormone and phenolic acids in a different monofloral honey.,12,9,True,PMC10215129_t0.csv,Antimicrobial and Antibiofilm Properties of Latvian Honey against Causative Agents of Wound Infections
PMC10215129,1,T a b l e   2,The mean concentration ± standard deviation or minimal and maximal concentration intervals of 8 flavonoids and 1 water soluble vitamin.,12,10,True,PMC10215129_t1.csv,Antimicrobial and Antibiofilm Properties of Latvian Honey against Causative Agents of Wound Infections
PMC10215129,2,T a b l e   3,"Minimum Inhibitory Concentration (MIC), Minimum Bactericidal Concentration (MBC) and Minimums Fungicidal Concentration (MFC) in % ( w / v ) of the Latvian and Manuka honey.",42,13,True,PMC10215129_t2.csv,Antimicrobial and Antibiofilm Properties of Latvian Honey against Causative Agents of Wound Infections
PMC10215129,3,T a b l e   4,Latvian monofloral honey samples tested in the study.,12,7,True,PMC10215129_t3.csv,Antimicrobial and Antibiofilm Properties of Latvian Honey against Causative Agents of Wound Infections
PMC10223701,0,T a b l e   1,Group composition (% of TIC) of VOCs from dry and fresh venom of honey bees.,86,5,True,PMC10223701_t0.csv,Chemical Composition and Antimicrobial Properties of Honey Bee Venom
PMC10223701,1,T a b l e   2,Group composition (% of TIC) of ether extracts from dried and fresh bee venom.,48,5,True,PMC10223701_t1.csv,Chemical Composition and Antimicrobial Properties of Honey Bee Venom
PMC10223701,2,T a b l e   3,Group composition (% of TIC) of methanol extracts from dry and fresh honey bee venom.,57,5,True,PMC10223701_t2.csv,Chemical Composition and Antimicrobial Properties of Honey Bee Venom
PMC10223701,3,T a b l e   4,Antimicrobial activity of bee venom samples and extracts obtained from them.,14,8,True,PMC10223701_t3.csv,Chemical Composition and Antimicrobial Properties of Honey Bee Venom
PMC10223922,0,T a b l e   1,Honey samples including botanical origin.,6,2,True,PMC10223922_t0.csv,"Design, Preparation, and Physicochemical Characterisation of Alginate-Based Honey-Loaded Topical Formulations"
PMC10223922,1,T a b l e   2,"pH and colour profile of neat honeys and pre-gel solution formulations ( n  = 3, data represents mean ± SD).",12,5,True,PMC10223922_t1.csv,"Design, Preparation, and Physicochemical Characterisation of Alginate-Based Honey-Loaded Topical Formulations"
PMC10223922,2,T a b l e   3,"Moisture content of neat honeys and pre-gel solution formulations ( n  = 3, data represents mean ± SD).",7,3,True,PMC10223922_t2.csv,"Design, Preparation, and Physicochemical Characterisation of Alginate-Based Honey-Loaded Topical Formulations"
PMC10223922,3,T a b l e   4,"Spreadability of neat honeys and pre-gel solution formulations ( n  = 3, data represents mean ± SD).",7,3,True,PMC10223922_t3.csv,"Design, Preparation, and Physicochemical Characterisation of Alginate-Based Honey-Loaded Topical Formulations"
PMC10223922,4,T a b l e   5,"Viscosity of neat honeys and their respective pre-gel solution formulations ( n  = 3, data represents mean ± SD).",7,5,True,PMC10223922_t4.csv,"Design, Preparation, and Physicochemical Characterisation of Alginate-Based Honey-Loaded Topical Formulations"
PMC10223922,5,T a b l e   6,"Dimensions of honey-loaded wet and dry sheets ( n  = 3, data represents mean ± SD).",7,5,True,PMC10223922_t5.csv,"Design, Preparation, and Physicochemical Characterisation of Alginate-Based Honey-Loaded Topical Formulations"
PMC10223922,6,T a b l e   7,"Tensile strength of honey-loaded wet and dry sheets ( n  = 3, data represents mean ± SD).",7,3,True,PMC10223922_t6.csv,"Design, Preparation, and Physicochemical Characterisation of Alginate-Based Honey-Loaded Topical Formulations"
PMC10223922,7,T a b l e   8,"Swelling Index of Dry Sheets ( n  = 3, data represents mean ± SD).",7,5,True,PMC10223922_t7.csv,"Design, Preparation, and Physicochemical Characterisation of Alginate-Based Honey-Loaded Topical Formulations"
PMC10223922,8,T a b l e   9,"MGO content in the neat Manuka honeys and corresponding honey-loaded formulations ( n  = 3, data represent mean ± SD).",5,5,True,PMC10223922_t8.csv,"Design, Preparation, and Physicochemical Characterisation of Alginate-Based Honey-Loaded Topical Formulations"
PMC10223922,9,T a b l e   1 0,"Peak area of selected bands of neat honeys and formulations ( n  = 3, data represents mean ± SD).",12,9,True,PMC10223922_t9.csv,"Design, Preparation, and Physicochemical Characterisation of Alginate-Based Honey-Loaded Topical Formulations"
PMC10223922,10,T a b l e   1 1,"pH, moisture content, and spreadability of Jarrah and WA Manuka honey 2 and their respective pre-gel solution formulations ( n  = 3, data represents mean ± SD).",14,9,True,PMC10223922_t10.csv,"Design, Preparation, and Physicochemical Characterisation of Alginate-Based Honey-Loaded Topical Formulations"
PMC10223922,11,T a b l e   1 2,"Dimension and tensile strength of Jarrah and WA Manuka honey 2 and their respective pre-gel solution formulations ( n  = 3, data represents mean ± SD).",14,9,True,PMC10223922_t11.csv,"Design, Preparation, and Physicochemical Characterisation of Alginate-Based Honey-Loaded Topical Formulations"
PMC10223922,12,T a b l e   1 3,"Swelling index of dry sheets of prepared with Jarrah and WA Manuka honey 2 ( n  = 3, data represents mean ± SD).",8,8,True,PMC10223922_t12.csv,"Design, Preparation, and Physicochemical Characterisation of Alginate-Based Honey-Loaded Topical Formulations"
PMC10223922,13,T a b l e   1 4,"Peak area of selected bands of Jarrah honey and WA Manuka honey 2 and their respective formulations ( n  = 3, data represents mean ± SD).",50,9,True,PMC10223922_t13.csv,"Design, Preparation, and Physicochemical Characterisation of Alginate-Based Honey-Loaded Topical Formulations"
PMC10223922,14,T a b l e   1 5,"MGO content data of WA Manuka honey 2 ( n  = 3, data represents mean ± SD).",14,8,True,PMC10223922_t14.csv,"Design, Preparation, and Physicochemical Characterisation of Alginate-Based Honey-Loaded Topical Formulations"
PMC10294803,0,T a b l e   1,"Botanical source, geographical location, and harvest date of the honey types.",21,4,True,PMC10294803_t0.csv,Impact of Mt. Olympus Honeys on Virulence Factors Implicated in Pathogenesis Exerted by 
PMC10304598,0,T a b l e   1,"Representation of the weight of CS/Cel, CS/H and CS/Cur blended films.",4,4,False,PMC10304598_t0.csv,"Improvement of Chitosan Films Properties by Blending with Cellulose, Honey and Curcumin"
PMC10304598,1,T a b l e   2,The reduction (%) of bacterial strain cells after 24 h incubation of applying samples [* means that there is a significant change ( p  ≤ 0.05)].,3,8,True,PMC10304598_t1.csv,"Improvement of Chitosan Films Properties by Blending with Cellulose, Honey and Curcumin"
PMC10304598,2,T a b l e   3,The reduction (%) of bacterial strain cells after 24 h incubation for 0.25 g CS blends [* means that there is a significant change ( p  ≤ 0.05)].,3,5,True,PMC10304598_t2.csv,"Improvement of Chitosan Films Properties by Blending with Cellulose, Honey and Curcumin"
PMC10304598,3,T a b l e   4,The reduction (%) of bacterial strain cells after 24 h incubation for 0.5 g CS blends [* means that there is a significant change ( p  ≤ 0.05)].,3,5,True,PMC10304598_t3.csv,"Improvement of Chitosan Films Properties by Blending with Cellulose, Honey and Curcumin"
PMC10327913,0,T a b l e   1,Minimum Inhibitory Concentration (MIC) and Minimum Bactericidal Concentration (MBC) of Sumra and Sider Honeys of Untreated Bacteria [Passage 0 (P0)] and ten Times Treated Honey [Passage 10 (P10)],10,9,True,PMC10327913_t0.csv,Effects of Repeated in-vitro Exposure to Saudi Honey on Bacterial Resistance to Antibiotics and Biofilm Formation
PMC10344713,0,T a b l e   1,"Comparison of the different groups of compounds identified in the honey samples of different species of stingless bee honey from the Loja, Los Ríos, and El Oro provinces from Ecuador.",63,7,True,PMC10344713_t0.csv,Evaluation of the polyphenolic profile of native Ecuadorian stingless bee honeys (
PMC10344713,1,T a b l e   2,Initial evaluation of the potential antibiofilm activity by stingless bee species in biomass reduction through biofilm inhibition assays of different pathogens when compared to positive and osmotic controls.,15,13,True,PMC10344713_t1.csv,Evaluation of the polyphenolic profile of native Ecuadorian stingless bee honeys (
PMC10344713,2,T a b l e   3,Summary of the highest biomass reduction of specific honey samples from the selected stingless bee species through biofilm inhibition and eradication assays in each pathogen and their statistical comparison with the osmotic control.,8,8,True,PMC10344713_t2.csv,Evaluation of the polyphenolic profile of native Ecuadorian stingless bee honeys (
PMC10346535,0,T a b l e   2,Effects of honey on glucose tolerance.,12,7,True,PMC10346535_t0.csv,A Comprehensive Review of the Effect of Honey on Human Health
PMC10346535,1,T a b l e   5,Effects of honey on cancer patients.,31,7,True,PMC10346535_t1.csv,A Comprehensive Review of the Effect of Honey on Human Health
PMC10346535,2,T a b l e   6,Effects of honey on cough and gastroenteritis in children.,36,7,True,PMC10346535_t2.csv,A Comprehensive Review of the Effect of Honey on Human Health
PMC10346535,3,T a b l e   7,Effects of honey on wounds.,21,7,True,PMC10346535_t3.csv,A Comprehensive Review of the Effect of Honey on Human Health
PMC10346535,4,T a b l e   1,Effects of honey on cardiovascular risk factors.,89,7,True,PMC10346535_t4.csv,A Comprehensive Review of the Effect of Honey on Human Health
PMC10346535,5,T a b l e   3,Effects of honey on appetite and food intake.,20,7,True,PMC10346535_t5.csv,A Comprehensive Review of the Effect of Honey on Human Health
PMC10346535,6,T a b l e   4,Effects of honey on alcohol metabolism.,8,7,True,PMC10346535_t6.csv,A Comprehensive Review of the Effect of Honey on Human Health
PMC10346535,7,T a b l e   8,Other health effects of honey.,14,7,True,PMC10346535_t7.csv,A Comprehensive Review of the Effect of Honey on Human Health
PMC10346535,8,T a b l e   9,Main effects of honey on human health.,17,5,True,PMC10346535_t8.csv,A Comprehensive Review of the Effect of Honey on Human Health
PMC10376338,0,T a b l e   1,Antibiotic susceptibility profile of  P. aeruginosa  isolates.,6,6,True,PMC10376338_t0.csv,Ginger-Enriched Honey Attenuates Antibiotic Resistant 
PMC10376338,1,T a b l e   2,Inhibitory effects of honey samples on the growth of  P. aeruginosa .,7,7,True,PMC10376338_t1.csv,Ginger-Enriched Honey Attenuates Antibiotic Resistant 
PMC10376338,2,T a b l e   3,Effects of honey samples on the pyocyanin production and exotoxin A of  P. aeruginosa .,7,7,True,PMC10376338_t2.csv,Ginger-Enriched Honey Attenuates Antibiotic Resistant 
PMC10376338,3,T a b l e   4,Effects of honey samples on the motility phenotypes of  P. aeruginosa .,8,7,True,PMC10376338_t3.csv,Ginger-Enriched Honey Attenuates Antibiotic Resistant 
PMC10376338,4,T a b l e   5,Factor loadings for anti-QS virulence and biofilm formation parameters of honey samples.,12,3,True,PMC10376338_t4.csv,Ginger-Enriched Honey Attenuates Antibiotic Resistant 
PMC10386826,0,T a b l e   1,Total and non-peroxide activity of honeypot ant and active bee honeys against  Staphylococcus aureus  determined by the phenol equivalence assay.,6,3,True,PMC10386826_t0.csv,Unique antimicrobial activity in honey from the Australian honeypot ant (
PMC10386826,1,T a b l e   2,Total activity of honeypot ant and active bee honeys (% w/v) against various bacterial and fungal pathogens determined by broth microdilution.,14,8,True,PMC10386826_t1.csv,Unique antimicrobial activity in honey from the Australian honeypot ant (
PMC10386826,2,T a b l e   3,Non-peroxide activity of honeypot ant honey (% w/v) after heat or catalase treatment determined by broth microdilution.,7,10,True,PMC10386826_t2.csv,Unique antimicrobial activity in honey from the Australian honeypot ant (
PMC10386826,3,T a b l e   4,"Chemical properties of honeypot ant, jarrah, and manuka honeys.",14,5,True,PMC10386826_t3.csv,Unique antimicrobial activity in honey from the Australian honeypot ant (
PMC10433418,0,T a b l e   1 .,Properties of vinegars and acetic acid,11,8,True,PMC10433418_t0.csv,Sweet and sour synergy: exploring the antibacterial and antibiofilm activity of acetic acid and vinegar combined with me
PMC10433418,1,T a b l e   2 .,"EC 50  of pure acetic acid, red wine vinegars and pomegranate vinegars against mature biofilms of  
 
 P. aeruginosa 
 
  and  
 
 S. aureus 
 
  grown in a synthetic wound model",8,3,False,PMC10433418_t1.csv,Sweet and sour synergy: exploring the antibacterial and antibiofilm activity of acetic acid and vinegar combined with me
PMC10434159,0,T A B L E   1,Characteristics of the six hives used in this study,7,3,True,PMC10434159_t0.csv,Low Levels of Hive Stress Are Associated with Decreased Honey Activity and Changes to the Gut Microbiome of Resident Hon
PMC10526086,0,T a b l e   1,Summary of the bioactive properties of various Chilean honeys.,9,6,True,PMC10526086_t0.csv,"Antimicrobial, Antioxidant, and Anti-Inflammatory Properties of Monofloral Honeys from Chile"
PMC10528311,0,T a b l e   1,Physicochemical properties of the honey types.,28,7,True,PMC10528311_t0.csv,Microbiological Quality of Polish Artisanal Varietal Honeys
PMC10528311,1,T a b l e   2,Microbiological criteria of honey types.,22,6,True,PMC10528311_t1.csv,Microbiological Quality of Polish Artisanal Varietal Honeys
PMC10534332,0,T a b l e   1,The elemental composition of synthesized Fe 2 O 3 -NPs as per the EDX analysis.,3,4,True,PMC10534332_t0.csv,"Synthesis, Characterization, and Biological Properties of Iron Oxide Nanoparticles Synthesized from "
PMC10534332,1,T a b l e   2,The trace element composition of synthesized Fe 2 O 3 -NPs as per the ICP-MS analysis.,14,3,True,PMC10534332_t1.csv,"Synthesis, Characterization, and Biological Properties of Iron Oxide Nanoparticles Synthesized from "
PMC10534861,0,T a b l e   1,Phytochemicals of Saudi Sidr honey identified by GC-MS analysis.,9,5,True,PMC10534861_t0.csv,"Antibiofilm, Antimicrobial, Anti-Quorum Sensing, and Antioxidant Activities of Saudi Sidr Honey: In Vitro and Molecular "
PMC10534861,1,T a b l e   2,Minimum Inhibitory Concentration (MIC) and Minimum Bactericidal Concentration (MBC) of Saudi Sidr honey against clinical and reference bacterial strains.,13,4,True,PMC10534861_t1.csv,"Antibiofilm, Antimicrobial, Anti-Quorum Sensing, and Antioxidant Activities of Saudi Sidr Honey: In Vitro and Molecular "
PMC10534861,2,T a b l e   3,Antifungal activity of Saudi Sidr honey.,7,2,True,PMC10534861_t2.csv,"Antibiofilm, Antimicrobial, Anti-Quorum Sensing, and Antioxidant Activities of Saudi Sidr Honey: In Vitro and Molecular "
PMC10534861,3,T a b l e   4,Determination of antioxidant potential of Saudi Sidr honey.,4,4,True,PMC10534861_t3.csv,"Antibiofilm, Antimicrobial, Anti-Quorum Sensing, and Antioxidant Activities of Saudi Sidr Honey: In Vitro and Molecular "
PMC10534861,4,T a b l e   5,ADME analysis of identified compounds of Saudi Sidr honey.,9,17,True,PMC10534861_t4.csv,"Antibiofilm, Antimicrobial, Anti-Quorum Sensing, and Antioxidant Activities of Saudi Sidr Honey: In Vitro and Molecular "
PMC10534861,5,T a b l e   6,Toxicity analysis of identified compounds of Saudi Sidr honey using Protox-II Server.,9,9,True,PMC10534861_t5.csv,"Antibiofilm, Antimicrobial, Anti-Quorum Sensing, and Antioxidant Activities of Saudi Sidr Honey: In Vitro and Molecular "
PMC10534861,6,T a b l e   7,Interactive active site residues’ top-rated poses of biosurfactants with target proteins.,35,5,True,PMC10534861_t6.csv,"Antibiofilm, Antimicrobial, Anti-Quorum Sensing, and Antioxidant Activities of Saudi Sidr Honey: In Vitro and Molecular "
PMC10544608,0,T a b l e   1,Cell survival (CFU/ml) after 24-h incubation period with Medical Grade Honey (Activon) in various pH environments,0,0,True,,The impact of wound pH on the antibacterial properties of Medical Grade Honey when applied to bacterial isolates present
PMC10617706,0,T a b l e   1,Melissopalynological analysis of collected New Caledonian honey samples (n = 33).,16,6,True,PMC10617706_t0.csv,Characterisation of physicochemical parameters and antibacterial properties of New Caledonian honeys
PMC10617706,1,T a b l e   2,Physicochemical and organoleptic characteristics of New Caledonian honey samples (n = 33).,34,7,True,PMC10617706_t1.csv,Characterisation of physicochemical parameters and antibacterial properties of New Caledonian honeys
PMC10617706,2,T a b l e   3,Selected biochemical characteristics of New Caledonian honey samples (n = 33).,34,4,True,PMC10617706_t2.csv,Characterisation of physicochemical parameters and antibacterial properties of New Caledonian honeys
PMC10622673,0,T a b l e   1,"Minimal inhibitory concentration (MICs) for WT  S. aureus, S. epidermidis , and  S. lugdunensis .",6,11,True,PMC10622673_t0.csv,Combinatorial efficacy of Manuka honey and antibiotics in the 
PMC10622673,1,T a b l e   2,S. lugdunensis  SCVs growth in the presence of MH.,4,7,True,PMC10622673_t1.csv,Combinatorial efficacy of Manuka honey and antibiotics in the 
PMC10649667,0,T a b l e   1,Forward (F) and reverse (R) primers of genes used for RT-PCR determination.,7,3,True,PMC10649667_t0.csv,Novel Biocement/Honey Composites for Bone Regenerative Medicine
PMC10649667,1,T a b l e   2,Contents of the main polyphenols and flavonoids in the honeys (determined via HPLC method).,20,3,True,PMC10649667_t1.csv,Novel Biocement/Honey Composites for Bone Regenerative Medicine
PMC10650056,0,T a b l e   1,Botanical origins of honey samples.,10,4,True,PMC10650056_t0.csv,Impact of the Drying Procedure and Botanical Origin on the Physico-Chemical and Potentially Bioactive Properties of Hone
PMC10650056,1,T a b l e   2,Physicochemical and bioactive properties (mean ± SD) of raw honeys from various botanical origins used to obtain powdered honey ( n  = 3).,18,10,True,PMC10650056_t1.csv,Impact of the Drying Procedure and Botanical Origin on the Physico-Chemical and Potentially Bioactive Properties of Hone
PMC10650056,2,T a b l e   3,Physicochemical properties of powdered honey (mean ± SD) from various botanical origins obtained using vacuum (VC) and freeze (FZ) drying using maltodextrin (MD) ( n  = 3).,19,11,True,PMC10650056_t2.csv,Impact of the Drying Procedure and Botanical Origin on the Physico-Chemical and Potentially Bioactive Properties of Hone
PMC10650056,3,T a b l e   4,"Glass transition temperature  T g  (midpoint temperature °C) of raw honeys (thymus, lavender, multifloral, vetch) and honey powders obtained with freeze (FZ) and vacuum (VC) drying using maltodextrin (MD) ( n  = 1).",9,10,True,PMC10650056_t3.csv,Impact of the Drying Procedure and Botanical Origin on the Physico-Chemical and Potentially Bioactive Properties of Hone
PMC10650056,4,T a b l e   5,Effect of interaction (multifactor ANOVA) between drying procedures (using the most appropriate honey–maltodextrin concentration for each drying technique) and botanical origin for physicochemical (A) and bioactive (B) properties of powdered honeys.,8,14,True,PMC10650056_t4.csv,Impact of the Drying Procedure and Botanical Origin on the Physico-Chemical and Potentially Bioactive Properties of Hone
PMC10669562,0,T a b l e   1,Phenolic content and antioxidant properties of honey.,16,4,True,PMC10669562_t0.csv,The Antibacterial Properties of Polish Honey against 
PMC10669562,1,T a b l e   2,Glucose oxidase (GOX) activity and hydrogen peroxide (H 2 O 2 ) content in honey.,16,4,True,PMC10669562_t1.csv,The Antibacterial Properties of Polish Honey against 
PMC10669562,2,T a b l e   3,"Influence of honey on  S. mutans  biofilm formation and biofilm eradication. Results are expressed as MBIC 90 (minimal biofilm inhibitory concentration of honey, which inhibits biofilm formation at least 90%, in comparison to a bacterial sample without honey addition) and as MBIC 50 (minimal biofilm inhibitory concentration of honey, which inhibits eradication of biofilm at least 50% in comparison",16,4,True,PMC10669562_t2.csv,The Antibacterial Properties of Polish Honey against 
PMC10856440,0,T a b l e   1,Sugar analysis of Iraqi honey samples.,4,7,True,PMC10856440_t0.csv,Biochemical Profiling and Physicochemical and Biological Valorization of Iraqi Honey: A Comprehensive Analysis
PMC10856440,1,T a b l e   2,Chemical properties of Iraqi honey samples.,6,6,True,PMC10856440_t1.csv,Biochemical Profiling and Physicochemical and Biological Valorization of Iraqi Honey: A Comprehensive Analysis
PMC10856440,2,T a b l e   3,Mineral analysis of Iraqi honey samples.,6,10,True,PMC10856440_t2.csv,Biochemical Profiling and Physicochemical and Biological Valorization of Iraqi Honey: A Comprehensive Analysis
PMC10856440,3,T a b l e   4,Biochemical properties of Iraqi honey samples.,6,4,True,PMC10856440_t3.csv,Biochemical Profiling and Physicochemical and Biological Valorization of Iraqi Honey: A Comprehensive Analysis
PMC10856440,4,T a b l e   5,"Coumaric acid, Catechin, and Quercetin concentration in Iraqi honey samples.",6,4,True,PMC10856440_t4.csv,Biochemical Profiling and Physicochemical and Biological Valorization of Iraqi Honey: A Comprehensive Analysis
PMC10856440,5,T a b l e   6,Mean inhibition zone diameter (mm) of honeys on microbial strains.,5,18,True,PMC10856440_t5.csv,Biochemical Profiling and Physicochemical and Biological Valorization of Iraqi Honey: A Comprehensive Analysis
PMC10856440,6,T a b l e   7,Iraqi honey sample collection.,6,3,True,PMC10856440_t6.csv,Biochemical Profiling and Physicochemical and Biological Valorization of Iraqi Honey: A Comprehensive Analysis
PMC10919402,0,T A B L E   1,"Results of three-factorial analysis of variance ANOVA for yield percentage, phenolic content, and antioxidant potential of different  Euphorbia  extracts.",15,10,True,PMC10919402_t0.csv,"Comparative evaluation of antioxidant activity, total phenolic content, anti-inflammatory, and antibacterial potential o"
PMC10919402,1,T A B L E   2,Summary of antibiotics against and  E. coli  and  S. aureus . The antibacterial potential was registered in the inhibition zone diameter (mm).,17,3,True,PMC10919402_t1.csv,"Comparative evaluation of antioxidant activity, total phenolic content, anti-inflammatory, and antibacterial potential o"
PMC10919402,2,T A B L E   3,"Antibacterial activity of the extraction of stems, flowers, and propolis of  E. resinifera  and  E. echinus  against  E. coli  and  S. aureus . The antibacterial propeties was registered in the zone of inhibition diameter (mm).",9,6,True,PMC10919402_t2.csv,"Comparative evaluation of antioxidant activity, total phenolic content, anti-inflammatory, and antibacterial potential o"
PMC10919402,3,T A B L E   4,Antibacterial potential of  E. resinifera  and  E. echinus  honey against  E. coli  and  S. aureus . The antibacterial activity was registered in the zone of inhibition diameter (mm).,5,5,True,PMC10919402_t3.csv,"Comparative evaluation of antioxidant activity, total phenolic content, anti-inflammatory, and antibacterial potential o"
PMC10919402,4,T A B L E   5,Minimum inhibitory concentration (MIC) and Minimum bactericidal concentration (MBC) of different products against tested pathogen bacteria.,7,5,True,PMC10919402_t4.csv,"Comparative evaluation of antioxidant activity, total phenolic content, anti-inflammatory, and antibacterial potential o"
PMC10920374,0,T a b l e   1,Effect of essential oils (EOs) on stationary phase  M. abscessus .,15,7,True,PMC10920374_t0.csv,Identification of essential oils with strong activity against stationary phase 
PMC10920374,1,T a b l e   2,"Minimum inhibitory concentrations (MICs, expressed in v/v %) of active essential oils against  M. abscessus  19977 and four multidrug-reisistant clinical isolates.",13,6,True,PMC10920374_t1.csv,Identification of essential oils with strong activity against stationary phase 
PMC10920374,2,T a b l e   3,Stationary phase  M. abscessus  culture was treated with essential oils at 0.25% (v/v) at different times followed by CFU count.,15,5,True,PMC10920374_t2.csv,Identification of essential oils with strong activity against stationary phase 
PMC10931437,0,T a b l e   1,Minimum Inhibitory Concentration.,9,6,True,PMC10931437_t0.csv,Comparison of In Vitro Bacterial Susceptibility to Common and Novel Equine Wound Care Dressings
PMC10931437,1,T a b l e   2,Minimum Inhibitory Concentration.,9,5,True,PMC10931437_t1.csv,Comparison of In Vitro Bacterial Susceptibility to Common and Novel Equine Wound Care Dressings
PMC10931437,2,T a b l e   3,Minimum Bactericidal Concentration.,9,6,True,PMC10931437_t2.csv,Comparison of In Vitro Bacterial Susceptibility to Common and Novel Equine Wound Care Dressings
PMC10931437,3,T a b l e   4,Minimum Bactericidal Concentration.,9,5,True,PMC10931437_t3.csv,Comparison of In Vitro Bacterial Susceptibility to Common and Novel Equine Wound Care Dressings
PMC10967288,0,T a b l e   1,Pollen spectrum of chestnut honey.,3,7,True,PMC10967288_t0.csv,Chestnut Honey Is Effective against Mixed Biofilms at Different Stages of Maturity
PMC10967288,1,T a b l e   2,"Percentage of viable cells as a function of biofilm maturity, based on the MTT test carried out in six parallel measurements. Data are shown as means ± standard deviation.",16,3,False,PMC10967288_t1.csv,Chestnut Honey Is Effective against Mixed Biofilms at Different Stages of Maturity
PMC11004823,0,T a b l e   1,Volatile compounds proﬁle of honey-BV.,4,6,True,PMC11004823_t0.csv,Bee venom: A potential natural alternative to conventional preservatives for prolonging the shelf-life of soft cheese ‘T
PMC11004823,1,T a b l e   2,Antifungal activities of honey-BV against tested mycotoxigenic fungi spp.,5,9,True,PMC11004823_t1.csv,Bee venom: A potential natural alternative to conventional preservatives for prolonging the shelf-life of soft cheese ‘T
PMC11004823,2,T a b l e   3,Antibacterial activities of honey-BV against tested pathogenic bacteria.,5,6,True,PMC11004823_t2.csv,Bee venom: A potential natural alternative to conventional preservatives for prolonging the shelf-life of soft cheese ‘T
PMC11004823,3,T a b l e   4,Influence of honey-BV treatment on the microbial growth during the storage period of Talaga cheese.,10,11,True,PMC11004823_t3.csv,Bee venom: A potential natural alternative to conventional preservatives for prolonging the shelf-life of soft cheese ‘T
PMC11013281,0,T a b l e   1,"Method validation parameters for MGO, GO, and 3-DG.",4,7,True,PMC11013281_t0.csv,Investigations of Major α-Dicarbonyl Content in U.S. Honey of Different Geographical Origins
PMC11013281,1,T a b l e   2,"The concentration of MGO, GO, and 3-DG in honey.",22,6,True,PMC11013281_t1.csv,Investigations of Major α-Dicarbonyl Content in U.S. Honey of Different Geographical Origins
PMC11013281,2,T a b l e   3,Effects of honey color on α-dicarbonyl content of honey.,23,5,True,PMC11013281_t2.csv,Investigations of Major α-Dicarbonyl Content in U.S. Honey of Different Geographical Origins
PMC11013281,3,T a b l e   4,Reported α-dicarbonyl content range in honey of different floral and geographical origins.,13,6,True,PMC11013281_t3.csv,Investigations of Major α-Dicarbonyl Content in U.S. Honey of Different Geographical Origins
PMC11013281,4,T a b l e   5,"Spiked concentrations of MGO, GO, and 3-DG added to the honey matrix and blank for recovery analysis.",4,4,True,PMC11013281_t4.csv,Investigations of Major α-Dicarbonyl Content in U.S. Honey of Different Geographical Origins
PMC11015535,0,T A B L E   1,Designing different combinations of chitosan‐nanoparticles (Cs‐NPs) encapsulated with meropenem and honey.,7,4,True,PMC11015535_t0.csv,Fabrication and antimicrobial properties of novel meropenem‐honey encapsulated chitosan nanoparticles against multiresis
PMC11015535,1,T A B L E   2,The sequence of primers used for screening.,9,3,False,PMC11015535_t1.csv,Fabrication and antimicrobial properties of novel meropenem‐honey encapsulated chitosan nanoparticles against multiresis
PMC11015535,2,T A B L E   3,Nanoparticles’ (NPs) overall characteristics and encapsulation efficiency.,6,6,True,PMC11015535_t2.csv,Fabrication and antimicrobial properties of novel meropenem‐honey encapsulated chitosan nanoparticles against multiresis
PMC11015535,3,T A B L E   4,The FTIR peak assignments.,11,3,False,PMC11015535_t3.csv,Fabrication and antimicrobial properties of novel meropenem‐honey encapsulated chitosan nanoparticles against multiresis
PMC11015535,4,T A B L E   5,The frequency of  S. aureus  methicillin‐resistant  S. aureus  (MRSA) and multidrug resistance (MDR) in biofilms from various hospitals was screened and determined.,15,12,True,PMC11015535_t4.csv,Fabrication and antimicrobial properties of novel meropenem‐honey encapsulated chitosan nanoparticles against multiresis
PMC11015535,5,T A B L E   6,"Antimicrobial susceptibility profiles of collected isolates, together with their phenotype of resistance.",5,11,True,PMC11015535_t5.csv,Fabrication and antimicrobial properties of novel meropenem‐honey encapsulated chitosan nanoparticles against multiresis
PMC11015535,6,T A B L E   7,"Minimum inhibitory concentration (MIC), minimum bactericidal concentration (MBC), and minimum biofilm inhibition concentration (MBIC) values of meropenem‐honey encapsulated in chitosan (Cs) and free meropenem against resistant  S. aureus  strains.",17,15,True,PMC11015535_t6.csv,Fabrication and antimicrobial properties of novel meropenem‐honey encapsulated chitosan nanoparticles against multiresis
PMC11015535,7,T A B L E   8,Survival percentages of animal models of  S. aureus  systemic infections (sepsis) that were either left untreated or treated with various meropenem‐loaded nanoparticle formulations.,9,6,True,PMC11015535_t7.csv,Fabrication and antimicrobial properties of novel meropenem‐honey encapsulated chitosan nanoparticles against multiresis
PMC11016448,0,T A B L E   1,"Changes in total count of aerobic mesophilic bacteria in Iranian industrial honey samples after treatment with 0 (as control), 30, and 42 kHz ultrasound.",73,6,True,PMC11016448_t0.csv,Effect of ultrasound technique to improve quality of Iranian industrial honey by controlling crystallization process
PMC11047503,0,T a b l e   1,The in vitro effect of honey on Lactobacilli and facultative pathogenic bacterial species relevant to the vaginal microbiota. %  w / v  = percent weight/volume (g/mL); green marking indicates a positive effect; red marking indicates a negative effect regarding its survival or growth; white marking indicates no effect.,18,3,True,PMC11047503_t0.csv,Medical-Grade Honey as a Potential New Therapy for Bacterial Vaginosis
PMC11050790,0,T a b l e   1,"Botanical origin (%) of Gerês honey samples H17 and H18 collected in 2017 and 2018, respectively.",9,3,True,PMC11050790_t0.csv,Further Insights on Honey and Propolis from Gerês (Portugal) and Their Bioactivities: Unraveling the Impact of Beehive R
PMC11050790,1,T a b l e   2,"Total  ortho -diphenols (TOC) and phenolics (TPC) contents of H17.WS and H18.WS. Results are presented as mean ± standard deviation (SD) of mg of gallic acid equivalent per g of extract (mg GAE/g extract). Statistical analysis was performed by one-way ANOVA followed by Tukey test for multiple comparisons. For each individual parameter (TOC and TPC), different letters (a or b) mean statistically si",4,3,True,PMC11050790_t1.csv,Further Insights on Honey and Propolis from Gerês (Portugal) and Their Bioactivities: Unraveling the Impact of Beehive R
PMC11050790,2,T a b l e   3,"G.EE MIC values (µg/mL) obtained from the panel of susceptibility indicator bacteria. Mid-exponential-phase bacterial cultures were transferred to plates supplemented with increasing concentrations of each of the honey solutions—H17.WS and H18.WS. Plates were observed for the presence/absence of growth after 24 h incubation at 37 °C, and the lowest concentrations for which no growth was detected w",5,8,True,PMC11050790_t2.csv,Further Insights on Honey and Propolis from Gerês (Portugal) and Their Bioactivities: Unraveling the Impact of Beehive R
PMC11050790,3,T a b l e   4,"G.EE MIC values (µg/mL) obtained from the two susceptibility indicator yeasts. Mid-exponential-phase yeast cultures were transferred to plates supplemented with increasing concentrations of each of the honey solutions—H17.WS and H18.WS. Plates were observed for the presence/absence of growth after 48 h incubation at 30 °C, and the lowest concentrations for which no growth was detected were registe",5,3,True,PMC11050790_t3.csv,Further Insights on Honey and Propolis from Gerês (Portugal) and Their Bioactivities: Unraveling the Impact of Beehive R
PMC11050790,4,T a b l e   5,"Total  ortho -diphenols (TOC), phenolics (TPC) and flavonoids (TFC) contents of G-r17.EE, G-rt17.EE, G-tf17.EE, G-r18.EE, G-rt18.EE, G-tf18.EE, G18.EE, G-r19.EE, G-rt19.EE, G-tf19.EE and G19.EE. Results are presented as mean ± standard deviation (SD) of mg of gallic acid equivalent per g of extract (mg GAE/g extract) for TOC and TPC and of mg of quercetin equivalent per g of extract (mg QE/g extra",13,4,True,PMC11050790_t4.csv,Further Insights on Honey and Propolis from Gerês (Portugal) and Their Bioactivities: Unraveling the Impact of Beehive R
PMC11050790,5,T a b l e   6,"Antioxidant potential of G-r17.EE, G-rt17.EE, G-tf17.EE, G-r18.EE, G-rt18.EE, G-tf18.EE, G18.EE, G-r19.EE, G-rt19.EE, G-tf19.EE and G19.EE—measured by the in vitro DPPH free-radical-scavenging assay and expressed as a mean of EC 50  values (μg/mL) and respective standard deviation (SD). Statistical analysis was performed by one-way ANOVA followed by Tukey test for multiple comparisons. The same le",13,2,True,PMC11050790_t5.csv,Further Insights on Honey and Propolis from Gerês (Portugal) and Their Bioactivities: Unraveling the Impact of Beehive R
PMC11050790,6,T a b l e   7,"G.EE MIC values (μg/mL) obtained from the panel of susceptibility indicator bacteria. Mid-exponential-phase bacterial cultures were transferred to plates supplemented with increasing concentrations of each of the eleven G.EEs—G-r17.EE, G-rt17.EE, G-tf17.EE, G-r18.EE, G-rt18.EE, G-tf18.EE, G18.EE, G-r19.EE, G-rt19.EE, G-tf19.EE and G19.EE. Plates were observed for the presence/absence of growth aft",14,8,True,PMC11050790_t6.csv,Further Insights on Honey and Propolis from Gerês (Portugal) and Their Bioactivities: Unraveling the Impact of Beehive R
PMC11050790,7,T a b l e   8,"G.EE MIC values (μg/mL) obtained from the two susceptibility indicator yeasts. Mid-exponential-phase yeast cultures were transferred to plates supplemented with increasing concentrations of each of the eleven G.EEs—G-r17.EE, G-rt17.EE, G-tf17.EE, G-r18.EE, G-rt18.EE, G-tf18.EE, G18.EE, G-r19.EE, G-rt19.EE and G19.EE. Plates were observed for the presence/absence of growth after 48 h incubation at ",14,3,True,PMC11050790_t7.csv,Further Insights on Honey and Propolis from Gerês (Portugal) and Their Bioactivities: Unraveling the Impact of Beehive R
PMC11052219,0,T a b l e   1,"The recorded minimum inhibitory concentrations (MIC), minimum bactericidal concentrations (MBC), and minimum biofilm eradication concentration (MBEC) for all organisms and individual fish oil component treatments. Assays were performed on three separate occasions in triplicate ( n  = 9). Partial inhibition is notated as PI and is highlighted in amber, NBA is ‘No Bactericidal Activity’, and NIA is ",19,13,True,PMC11052219_t0.csv,The Antimicrobial and Antibiofilm Abilities of Fish Oil Derived Polyunsaturated Fatty Acids and Manuka Honey
PMC11068765,0,T a b l e   2,Sensory characteristics and physicochemical parameters of honey samples.,13,6,True,PMC11068765_t0.csv,Antibacterial activity of Hungarian varietal honeys against respiratory pathogens as a function of storage time
PMC11068765,1,T a b l e   5,Effect of linden honeys on the release of DNA in Gram-negative ( P. aeruginosa ) and Gram-positive ( S. pneumoniae ) bacteria.,17,4,True,PMC11068765_t1.csv,Antibacterial activity of Hungarian varietal honeys against respiratory pathogens as a function of storage time
PMC11068765,2,T a b l e   6,Kinetics of 260 nm absorbing material released from Gram-negative ( P. aeruginosa ) and Gram-positive ( S. pneumoniae ) bacteria treated with 60% (w/w) linden honeys.,17,4,True,PMC11068765_t2.csv,Antibacterial activity of Hungarian varietal honeys against respiratory pathogens as a function of storage time
PMC11068765,3,T a b l e   1,Relative frequency of pollen types in the studied honeys.,14,9,True,PMC11068765_t3.csv,Antibacterial activity of Hungarian varietal honeys against respiratory pathogens as a function of storage time
PMC11068765,4,T a b l e   3,MIC values of honey samples.,13,6,True,PMC11068765_t4.csv,Antibacterial activity of Hungarian varietal honeys against respiratory pathogens as a function of storage time
PMC11068765,5,T a b l e   4,MBC values of honey samples.,13,6,True,PMC11068765_t5.csv,Antibacterial activity of Hungarian varietal honeys against respiratory pathogens as a function of storage time
PMC11083411,0,T a b l e   1,Botanical origins of honey samples.,25,3,True,PMC11083411_t0.csv,"Relationships among Hydrogen Peroxide Concentration, Catalase, Glucose Oxidase, and Antimicrobial Activities of Honeys"
PMC11083411,1,T a b l e   2,"Pearson rank correlation coefficients between catalase, glucose oxidase, H 2 O 2  concentration, MIC, MBC, and % of  S. aureus  inhibition at 5% of Spanish honeys from different botanical origin.",7,7,True,PMC11083411_t1.csv,"Relationships among Hydrogen Peroxide Concentration, Catalase, Glucose Oxidase, and Antimicrobial Activities of Honeys"
PMC11109849,0,T a b l e   1,"Comparison (Mean ± SEM) of the antibacterial area of inhibition (mm 2 ) between the Manuka 5+ honey from New Zealand and honey collected in Kenya, Uganda, and Cameroon. Different superscript letters in each column indicate significant differences among the honey samples according to Kruskal-wallis test followed by post-hoc Dunn's test,  p  < 0.05.",23,7,True,PMC11109849_t0.csv,Bio-functional properties and phytochemical composition of selected 
PMC11109849,1,T a b l e   2,"Comparison (Mean ± SEM) of the content of flavonoids, phenols, alkaloids, terpenoids and total phytochemicals between the Manuka 5+ honey from New Zealand and honeys collected in Kenya, Uganda, and Cameroon. Different superscript letters in each column indicate significant differences among the honey samples according to Kruskal-Wallis test followed by post-hoc Dunn's test, P < 0.05.",21,8,True,PMC11109849_t1.csv,Bio-functional properties and phytochemical composition of selected 
PMC11111008,0,T a b l e   1,Floral sources and antimicrobial susceptibility testing data for honey samples 1 .,39,12,True,PMC11111008_t0.csv,Long-term stability and the physical and chemical factors predictive for antimicrobial activity in Australian honey
PMC11111008,1,T a b l e   2,Physical and chemical properties of honey samples.,37,7,True,PMC11111008_t1.csv,Long-term stability and the physical and chemical factors predictive for antimicrobial activity in Australian honey
PMC11111008,2,T a b l e   3,Evaluation of methods for assessing honey properties.,18,5,True,PMC11111008_t2.csv,Long-term stability and the physical and chemical factors predictive for antimicrobial activity in Australian honey
PMC11111726,0,T a b l e - 1,Physicochemical properties of stingless bee honey.,5,7,True,PMC11111726_t0.csv,"Profile of stingless bee honey and microbiota produced in West Sumatra, Indonesia, by several species ("
PMC11111726,1,,,6,2,False,PMC11111726_t1.csv,"Profile of stingless bee honey and microbiota produced in West Sumatra, Indonesia, by several species ("
PMC11111726,2,T a b l e - 2,"L * , a * , b *  value of stingless bee honey.",5,4,True,PMC11111726_t2.csv,"Profile of stingless bee honey and microbiota produced in West Sumatra, Indonesia, by several species ("
PMC11111726,3,T a b l e - 3,Carbohydrate profile of stingless bee honey.,5,3,True,PMC11111726_t3.csv,"Profile of stingless bee honey and microbiota produced in West Sumatra, Indonesia, by several species ("
PMC11111726,4,T a b l e - 4,Antioxidant activity (IC 50 ) and total phenol contents of stingless bee honey.,5,3,True,PMC11111726_t4.csv,"Profile of stingless bee honey and microbiota produced in West Sumatra, Indonesia, by several species ("
PMC11111726,5,T a b l e - 5,Antimicrobial activity of stingless bee honey.,5,5,True,PMC11111726_t5.csv,"Profile of stingless bee honey and microbiota produced in West Sumatra, Indonesia, by several species ("
PMC11111726,6,T a b l e - 6,Total lactic acid bacteria of stingless bee honey.,5,2,True,PMC11111726_t6.csv,"Profile of stingless bee honey and microbiota produced in West Sumatra, Indonesia, by several species ("
PMC11111726,7,T a b l e - 7,Richness and evenness of stingless bee honeys.,5,8,True,PMC11111726_t7.csv,"Profile of stingless bee honey and microbiota produced in West Sumatra, Indonesia, by several species ("
PMC11120828,0,T a b l e   1,Treatments performed for the phenotypic characterization of the isolated yeasts.,11,2,True,PMC11120828_t0.csv,Unconventional Yeasts Isolated from Chilean Honey: A Probiotic and Phenotypic Characterization
PMC11120828,1,T a b l e   2,"Components and composition of stock solutions for the preparation of simulated oral, gastric, and intestinal fluids.",11,7,False,PMC11120828_t1.csv,Unconventional Yeasts Isolated from Chilean Honey: A Probiotic and Phenotypic Characterization
PMC11120828,2,T a b l e   3,"Components and composition of simulated oral fluid (SOF), gastric fluid (SGF), and intestinal fluid (SIF).",12,7,False,PMC11120828_t2.csv,Unconventional Yeasts Isolated from Chilean Honey: A Probiotic and Phenotypic Characterization
PMC11120828,3,T a b l e   4,"Identified yeasts, accession number, and source from which they were isolated.",7,3,True,PMC11120828_t3.csv,Unconventional Yeasts Isolated from Chilean Honey: A Probiotic and Phenotypic Characterization
PMC11120828,4,T a b l e   5,Analysis of substrates and metabolites in synthetic medium supplemented with glucose 10 g/L.,7,6,False,PMC11120828_t4.csv,Unconventional Yeasts Isolated from Chilean Honey: A Probiotic and Phenotypic Characterization
PMC11120828,5,T a b l e   6,Analysis of metabolites and substrates in synthetic medium supplemented with maltose 60 g/L.,7,8,False,PMC11120828_t5.csv,Unconventional Yeasts Isolated from Chilean Honey: A Probiotic and Phenotypic Characterization
PMC11120828,6,T a b l e   7,Auto-aggregation capacity for the six yeasts at 24 h.,4,2,False,PMC11120828_t6.csv,Unconventional Yeasts Isolated from Chilean Honey: A Probiotic and Phenotypic Characterization
PMC11120828,7,T a b l e   8,Antimicrobial activity of the yeast isolates.,5,7,True,PMC11120828_t7.csv,Unconventional Yeasts Isolated from Chilean Honey: A Probiotic and Phenotypic Characterization
PMC11120828,8,T a b l e   9,Cell count after each phase of  in vitro  digestion.,5,4,True,PMC11120828_t8.csv,Unconventional Yeasts Isolated from Chilean Honey: A Probiotic and Phenotypic Characterization
PMC11123796,0,T a b l e   1,Antimicrobial activity of honey phytochemicals at 100 μg per disc measured using an agar disk diffusion assay. Results are expressed as mean zone of inhibition (mm) ± standard deviation (SD).,7,2,True,PMC11123796_t0.csv,Antimicrobial Effect of Honey Phenolic Compounds against 
PMC11123796,1,T a b l e   2,Antimicrobial activity of honey phytochemicals measured at 350 μg per disc using an agar disk diffusion assay. Results are expressed as mean zone of inhibition (mm) ± standard deviation (SD).,7,2,True,PMC11123796_t1.csv,Antimicrobial Effect of Honey Phenolic Compounds against 
PMC11123796,2,T a b l e   3,Antimicrobial activity of honey phytochemicals measured using an agar well diffusion assay. Results are expressed as mean zone of inhibition (mm) ± standard deviation (SD).,7,2,True,PMC11123796_t2.csv,Antimicrobial Effect of Honey Phenolic Compounds against 
PMC11123796,3,T a b l e   4,Key studies regarding the antimicrobial effects of some phenolic compounds against  E. coli .,7,4,True,PMC11123796_t3.csv,Antimicrobial Effect of Honey Phenolic Compounds against 
PMC11124102,0,T a b l e   1,Principal honey components.,11,3,True,PMC11124102_t0.csv,"Hive Products: Composition, Pharmacological Properties, and Therapeutic Applications"
PMC11124102,1,T a b l e   2,Principal propolis components.,7,3,True,PMC11124102_t1.csv,"Hive Products: Composition, Pharmacological Properties, and Therapeutic Applications"
PMC11124102,2,T a b l e   3,Principal pollen components.,8,3,True,PMC11124102_t2.csv,"Hive Products: Composition, Pharmacological Properties, and Therapeutic Applications"
PMC11124102,3,T a b l e   4,Principal royal jelly components.,8,3,True,PMC11124102_t3.csv,"Hive Products: Composition, Pharmacological Properties, and Therapeutic Applications"
PMC11124102,4,T a b l e   5,Principal venom components.,6,3,True,PMC11124102_t4.csv,"Hive Products: Composition, Pharmacological Properties, and Therapeutic Applications"
PMC11124102,5,T a b l e   6,Tested cell line and hive product/component that showed efficacy.,28,3,True,PMC11124102_t5.csv,"Hive Products: Composition, Pharmacological Properties, and Therapeutic Applications"
PMC11124102,6,T a b l e   7,Hive product/component tested and pathogen/viral species toward which they demonstrated efficacy.,30,3,True,PMC11124102_t6.csv,"Hive Products: Composition, Pharmacological Properties, and Therapeutic Applications"
PMC11124102,7,T a b l e   8,Hive product/component tested and parasite species toward which they demonstrated efficacy.,11,3,True,PMC11124102_t7.csv,"Hive Products: Composition, Pharmacological Properties, and Therapeutic Applications"
PMC11124102,8,,,35,2,True,PMC11124102_t8.csv,"Hive Products: Composition, Pharmacological Properties, and Therapeutic Applications"
PMC11137562,0,T a b l e   1,Reduction growth (%) of  E. coli.  with respect to time.  ( Control positive is LB solution with  E. coli.  while the control negative is LB solution without  E. coli.),6,7,True,PMC11137562_t0.csv,Harnessing bio-based chelating agents for sustainable synthesis of AgNPs: Evaluating their inherent attributes and antim
PMC11203921,0,T a b l e   1,"pH, acidity (mEq of acid/kg), moisture (%), and sugar concentration (°Brix) measured in honey samples  1 .",7,5,True,PMC11203921_t0.csv,Antibacterial Effect of Spanish Honeys of Different Botanical Origins against 
PMC11203921,1,T a b l e   2,Colour parameters measured in honey samples  1 .,7,6,True,PMC11203921_t1.csv,Antibacterial Effect of Spanish Honeys of Different Botanical Origins against 
PMC11203921,2,T a b l e   3,Total (poly)phenol content (mg GAE/kg) and antioxidant activity (µmol Trolox Eq./kg) measured in honey samples  1 .,7,3,True,PMC11203921_t2.csv,Antibacterial Effect of Spanish Honeys of Different Botanical Origins against 
PMC11203921,3,T a b l e   4,Minimum inhibitory concentration (MIC) and minimum bactericidal concentration (MBC) (g/100 mL) measured in the honey samples  1 .,6,3,True,PMC11203921_t3.csv,Antibacterial Effect of Spanish Honeys of Different Botanical Origins against 
PMC11203921,4,T a b l e   5,Concentration of different honeys expressed as mg/100 mL tested in the antibacterial assay.,7,9,True,PMC11203921_t4.csv,Antibacterial Effect of Spanish Honeys of Different Botanical Origins against 
PMC11210353,0,T a b l e   1 .,Validation parameters calculated for determination of sulphonamides in honey and beeswax samples (n = 18),32,7,True,PMC11210353_t0.csv,Comparison of transfer of different sulphonamides from contaminated beeswax to honey
PMC11210353,1,T a b l e   2 .,"The concentrations and recoveries of sulphonamides calculated for the beeswax foundation fortified with 10 sulphonamides at 10,000 μg/kg (n = 4)",6,6,True,PMC11210353_t1.csv,Comparison of transfer of different sulphonamides from contaminated beeswax to honey
PMC11210353,2,T a b l e   3 .,The maximum transfer (%) of sulphonamides from tainted beeswax to the honey stored in the comb,12,7,True,PMC11210353_t2.csv,Comparison of transfer of different sulphonamides from contaminated beeswax to honey
PMC11210353,3,T a b l e   4 .,Predicted pKa and lipophilicity of sulphonamides,6,8,True,PMC11210353_t3.csv,Comparison of transfer of different sulphonamides from contaminated beeswax to honey
PMC11210501,0,T a b l e   1 .,Pollen sample types used in this study.,4,4,True,PMC11210501_t0.csv,Pollen products collected from honey bee hives experiencing minor stress have altered fungal communities and reduced ant
PMC11210501,1,T a b l e   2 .,Antimicrobial activity of pollen samples grouped by type and hive health status.,13,10,True,PMC11210501_t1.csv,Pollen products collected from honey bee hives experiencing minor stress have altered fungal communities and reduced ant
PMC11244575,0,T a b l e   1,Content of polyphenolic compounds identified in FJ plant tissues from three different areas of Romania (mg/kg).,22,14,True,PMC11244575_t0.csv,Preliminary Identification and Quantification of Individual Polyphenols in 
PMC11244575,1,T a b l e   2,Content of polyphenolic compounds identified in FJH from three different areas of Romania (mg/kg).,17,11,True,PMC11244575_t1.csv,Preliminary Identification and Quantification of Individual Polyphenols in 
PMC11244575,2,T a b l e   3,Inhibition zones of FJ plant extracts against different microorganisms (mm).,14,8,True,PMC11244575_t2.csv,Preliminary Identification and Quantification of Individual Polyphenols in 
PMC11244575,3,T a b l e   4,Inhibition zones of FJH against different microorganisms (mm).,11,8,True,PMC11244575_t3.csv,Preliminary Identification and Quantification of Individual Polyphenols in 
PMC11273903,0,T a b l e   1,Analysis of honey samples from the FES-C group.,7,9,True,PMC11273903_t0.csv,"Botanical Origin and Biological Properties of Honey and Propolis from Cuautitlan, State of Mexico, Mexico"
PMC11273903,1,T a b l e   2,Yields of extracts obtained from propolis collected during both dry and rainy seasons.,10,4,False,PMC11273903_t1.csv,"Botanical Origin and Biological Properties of Honey and Propolis from Cuautitlan, State of Mexico, Mexico"
PMC11273903,2,T a b l e   3,"The palynological spectrum of honey samples from FES-C; the numbers of families, genera, and species are shown in blue, and the pollen percentage of the predominant pollen is shown in green.",33,9,True,PMC11273903_t2.csv,"Botanical Origin and Biological Properties of Honey and Propolis from Cuautitlan, State of Mexico, Mexico"
PMC11273903,3,T a b l e   4,"The pollen spectrum of the pollen contained in propolis. Samples collected in both the dry season and the rainy season are shown, with the numbers of families, genera and species shown in blue and the percentage of the main pollen type shown in green.",28,9,False,PMC11273903_t3.csv,"Botanical Origin and Biological Properties of Honey and Propolis from Cuautitlan, State of Mexico, Mexico"
PMC11273903,4,T a b l e   5,"Flowering calendar of species surrounding the hive that serve as a source of resources such as nectar, pollen, resins, and balsams.",58,24,True,PMC11273903_t4.csv,"Botanical Origin and Biological Properties of Honey and Propolis from Cuautitlan, State of Mexico, Mexico"
PMC11273903,5,T a b l e   6,"Concentrations of total phenols in propolis, honey, and plant species (mg AGe·g −1 ).",11,4,True,PMC11273903_t5.csv,"Botanical Origin and Biological Properties of Honey and Propolis from Cuautitlan, State of Mexico, Mexico"
PMC11273903,6,T a b l e   7,Concentrations of flavonoids in propolis and plant species with various biological properties (µg Qe·g −1 ).,7,4,True,PMC11273903_t6.csv,"Botanical Origin and Biological Properties of Honey and Propolis from Cuautitlan, State of Mexico, Mexico"
PMC11273903,7,T a b l e   8,Free acidity values (meq OAc·kg −1 ) of the Cuautitlan honey collected in both seasons.,5,4,True,PMC11273903_t7.csv,"Botanical Origin and Biological Properties of Honey and Propolis from Cuautitlan, State of Mexico, Mexico"
PMC11273903,8,T a b l e   9,Hydrogen peroxide analysis of Cuautitlan honey collected over two seasons (mg/g).,5,4,True,PMC11273903_t8.csv,"Botanical Origin and Biological Properties of Honey and Propolis from Cuautitlan, State of Mexico, Mexico"
PMC11273903,9,T a b l e   1 0,L-ascorbic acid concentrations in propolis and honey (mg/g) collected during the seasons of 2019–2022 (dry and rainy).,9,4,True,PMC11273903_t9.csv,"Botanical Origin and Biological Properties of Honey and Propolis from Cuautitlan, State of Mexico, Mexico"
PMC11273903,10,T a b l e   1 1,"The AC 50  values (µg·mL −1 ) of propolis, honey and plant species with biomedical properties are presented. As a control, the value for quercetin (Q) is presented.",12,4,True,PMC11273903_t10.csv,"Botanical Origin and Biological Properties of Honey and Propolis from Cuautitlan, State of Mexico, Mexico"
PMC11273903,11,T a b l e   1 2,"Antimicrobial analyses of propolis, honey, and vegetable samples collected from April and November 2019 to 2022 were performed at a concentration of 4 mg; 25 µg chloramphenicol was used as a positive control for bacteria, and 25 µg nystatin was used for yeast fungi. The diameter of inhibition is reported in mm, and n/a is listed where no activity was present.",16,8,True,PMC11273903_t11.csv,"Botanical Origin and Biological Properties of Honey and Propolis from Cuautitlan, State of Mexico, Mexico"
PMC11275220,0,T a b l e   1,Total phenol contents and antioxidant activity of honey. The values of TP are expressed as mg/100 g for honey. The results are expressed as mean ± SD.,5,3,True,PMC11275220_t0.csv,The Antioxidant Potential of Commercial Manuka Honey from New Zealand—Biochemical and Cellular Studies
PMC11279380,0,T a b l e   1,Origin and provenance of honey samples.,5,5,True,PMC11279380_t0.csv,Physicochemical Characterization of Moroccan Honey Varieties from the Fez-Meknes Region and Their Antioxidant and Antiba
PMC11279380,1,T a b l e   2,Bacterial and fungal strains tested.,6,4,True,PMC11279380_t1.csv,Physicochemical Characterization of Moroccan Honey Varieties from the Fez-Meknes Region and Their Antioxidant and Antiba
PMC11279380,2,T a b l e   3,"Physicochemical characteristics of multi-flower honey (H 1 ), jujube honey (H 2 ), carob honey (H 3 ), and rosemary honey (H 4 ).",6,10,True,PMC11279380_t2.csv,Physicochemical Characterization of Moroccan Honey Varieties from the Fez-Meknes Region and Their Antioxidant and Antiba
PMC11279380,3,T a b l e   4,MICs of antibiotics and antifungals (µg/mL) against the microbial strains studied.,12,7,True,PMC11279380_t3.csv,Physicochemical Characterization of Moroccan Honey Varieties from the Fez-Meknes Region and Their Antioxidant and Antiba
PMC11279380,4,T a b l e   5,"MICs (mg/mL) and MBCs (mg/mL) of four varieties of honey: multi-flower honey (H 1 ), jujube honey (H 2 ), carob honey (H 3 ) and rosemary honey (H 4 ).",12,10,True,PMC11279380_t4.csv,Physicochemical Characterization of Moroccan Honey Varieties from the Fez-Meknes Region and Their Antioxidant and Antiba
PMC11311187,0,T a b l e   1 .,Zone of Inhibition and MICs for the Three Honey Types Against Reference Strains.,11,11,True,PMC11311187_t0.csv,Characterization of Antibiofilm and Antimicrobial Effects of 
PMC11351265,0,T a b l e   1,Synthesis of silver nanoparticles (AgNPs) bio fabricated using bee products.,31,5,True,PMC11351265_t0.csv,Green Innovation and Synthesis of Honeybee Products-Mediated Nanoparticles: Potential Approaches and Wide Applications
PMC11351265,1,T a b l e   2,Synthesis of nanoparticles bio fabricated using bee products.,29,6,True,PMC11351265_t1.csv,Green Innovation and Synthesis of Honeybee Products-Mediated Nanoparticles: Potential Approaches and Wide Applications
PMC11351265,2,T a b l e   3,"Comparative analysis of nanoparticle size and inhibition zones of AgNPs mediated by  Ziziphus spina -christi and  Acacia gerrardii  honey, alongside amoxicillin, cefuroxime, and ciprofloxacin, against  S. aureus ,  E. coli , and  P. aeruginosa  [ 76 ].",5,6,True,PMC11351265_t2.csv,Green Innovation and Synthesis of Honeybee Products-Mediated Nanoparticles: Potential Approaches and Wide Applications
PMC11353252,0,T a b l e   1,Chemical composition (%) of tiger nut flour.,2,8,True,PMC11353252_t0.csv,Functional 
PMC11353252,1,T a b l e   2,Technological attributes of tiger nut flour.,2,7,False,PMC11353252_t1.csv,Functional 
PMC11353252,2,T a b l e   3,Physical standards  1  of tiger nut cookies compared to the commercial one.,6,4,True,PMC11353252_t2.csv,Functional 
PMC11353252,3,T a b l e   4,"The color characteristics of sugar-free cookies  1  made of 100% tiger nut flour: plain (CC) or enriched with honey syrup containing probiotics (CH), stored at 25 °C (1st tasting day: D = 1 day).",4,3,True,PMC11353252_t3.csv,Functional 
PMC11353252,4,T a b l e   5,"The color characteristics of sugar-free cookies  1  made of 100% tiger nut flour: plain (CC) or enriched with honey syrup containing probiotics (CH), stored at 25 °C (2nd tasting day: D = 15 days).",4,3,True,PMC11353252_t4.csv,Functional 
PMC11353252,5,T a b l e   6,"Sensory properties of sugar-free cookies  1  made of 100% tiger nut flour: plain (CC) or enriched with honey syrup containing probiotics (CH), stored at 25 °C (1st tasting day: D = 1 day).",6,3,True,PMC11353252_t5.csv,Functional 
PMC11353252,6,T a b l e   7,"Sensory properties of sugar-free cookies  1  made of 100% tiger nut flour: plain (CC) or enriched with honey syrup containing probiotics (CH), stored at 25 °C (2nd tasting day: D = 15 days).",6,3,True,PMC11353252_t6.csv,Functional 
PMC11353252,7,T a b l e   8,Survival of the  L. rhamnosus  SL42 probiotic strain (Log CFU/one cookie  1 ) in cookies made from tiger nut flour and enriched with 5% honeybee syrup (CH) during three weeks’ storage at 25 °C.,6,2,True,PMC11353252_t7.csv,Functional 
PMC11376693,0,T a b l e   1,"- Summary of used strains of  Enterobacterales , enzyme possession and minimum inhibitory concentration (MIC) of those bacteria.",22,6,True,PMC11376693_t0.csv,Biological studies of the activity of Manuka honey against Carbapenem-resistant Enterobacterales (CRE) bacteria
PMC11376693,1,T a b l e   2,- Zones of inhibition in mm (mean ± standard deviation) in response to different concentrations of Manuka honey UMF +15.,24,4,True,PMC11376693_t1.csv,Biological studies of the activity of Manuka honey against Carbapenem-resistant Enterobacterales (CRE) bacteria
PMC11405313,0,T a b l e   1,PCR primer sequences.,5,3,True,PMC11405313_t0.csv,PCL-gelatin honey scaffolds promote 
PMC11477350,0,T a b l e   1,Basic chemical composition of honey.,15,3,True,PMC11477350_t0.csv,Polyphenols as the Main Compounds Influencing the Antioxidant Effect of Honey—A Review
PMC11477350,1,T a b l e   2,Summary of the effects and actions of selected antioxidants from honey.,5,4,True,PMC11477350_t1.csv,Polyphenols as the Main Compounds Influencing the Antioxidant Effect of Honey—A Review
PMC11477771,0,T a b l e   1,The colors and intensity according to the Pfund scale.,8,4,True,PMC11477771_t0.csv,Evaluation of the Bioactive Compounds of 
PMC11477771,1,T a b l e   2,Physicochemical parameters obtained from wild honeys and açaí flower nectar.,8,7,True,PMC11477771_t1.csv,Evaluation of the Bioactive Compounds of 
PMC11477771,2,T a b l e   3,The results of the spectrophotometric analyses obtained from açai floral nectar honey and other honeys.,8,5,True,PMC11477771_t2.csv,Evaluation of the Bioactive Compounds of 
PMC11477771,3,T a b l e   4,Bioactive compounds present in samples of Açaí honey from the Breu Branco Region (AH1) by CG-MS.,26,7,True,PMC11477771_t3.csv,Evaluation of the Bioactive Compounds of 
PMC11477771,4,T a b l e   5,Bioactive compounds present in samples of honeys and açaí honeys.,31,5,True,PMC11477771_t4.csv,Evaluation of the Bioactive Compounds of 
PMC11484816,0,T a b l e   1,The number of the honey samples and their floral origins.,6,4,True,PMC11484816_t0.csv,Antioxidant activities of Saudi honey samples related to their content of short peptides
PMC11484816,1,T a b l e   2,The results of the investigated honey quality parameters.,29,11,True,PMC11484816_t1.csv,Antioxidant activities of Saudi honey samples related to their content of short peptides
PMC11484816,2,T a b l e   3,The significant effects of the floral origin on the honey analyzed parameters.,13,8,True,PMC11484816_t2.csv,Antioxidant activities of Saudi honey samples related to their content of short peptides
PMC11484816,3,T a b l e   4,The detected ultra-short peptides in the honey samples from Asir region using the precursor masses and the mascot search engine.,16,11,True,PMC11484816_t3.csv,Antioxidant activities of Saudi honey samples related to their content of short peptides
PMC11484816,4,T a b l e   5,The detected ultra-short peptides in the honey samples from Jazan region using the precursor masses and the mascot search engine.,32,11,True,PMC11484816_t4.csv,Antioxidant activities of Saudi honey samples related to their content of short peptides
PMC11484816,5,T a b l e   6,The correlations between the studied parameters and their significance.,25,10,True,PMC11484816_t5.csv,Antioxidant activities of Saudi honey samples related to their content of short peptides
PMC11547790,0,T a b l e   1,Water content values of honeys.No statistically significant difference has been revealed by ANOVA followed by Tukey’s post hoc test ( n  = 6).,9,2,True,PMC11547790_t0.csv,Eudermic Properties and Chemical–Physical Characterization of Honeys of Different Botanical Origin
PMC11547790,1,T a b l e   2,"Concentration (mg/mL) ±s.d. of carbohydrates determined in honey samples. Different letters indicate statistically different values (ANOVA followed by post hoc Tukey test,  n  = 6).",9,6,True,PMC11547790_t1.csv,Eudermic Properties and Chemical–Physical Characterization of Honeys of Different Botanical Origin
PMC11547790,2,T a b l e   3,"Concentration (nmol/mL) ±s.d. of free amino acids in honey samples. Different letters indicate statistically different values (ANOVA followed by Tukey post hoc test,  n  = 6). Statistics were applied to amino acids common to all the samples.",19,9,True,PMC11547790_t2.csv,Eudermic Properties and Chemical–Physical Characterization of Honeys of Different Botanical Origin
PMC11547790,3,T a b l e   4,Parameters of the UV method employed for the quantification of total flavonoids.,6,2,True,PMC11547790_t3.csv,Eudermic Properties and Chemical–Physical Characterization of Honeys of Different Botanical Origin
PMC11547790,4,T a b l e   5,"Concentration (mg/kg) ±s.d. of polyphenols (expressed as gallic acid) and total flavonoids (expressed as quercetin) in honeys. Different letters indicate statistically different values (ANOVA followed by post hoc Tukey test,  n  = 6).",9,3,True,PMC11547790_t4.csv,Eudermic Properties and Chemical–Physical Characterization of Honeys of Different Botanical Origin
PMC11547790,5,T a b l e   6,"Anti-radical activity, expressed as % inhibition compared to the control, of honeys at a concentration of 10 mg/mL. Different letters indicate statistically different values (ANOVA followed by post hoc Tukey test,  n  = 6).",9,2,True,PMC11547790_t5.csv,Eudermic Properties and Chemical–Physical Characterization of Honeys of Different Botanical Origin
PMC11547790,6,T a b l e   7,Results(%) of melissopalinological analysis of honeys.,9,5,True,PMC11547790_t6.csv,Eudermic Properties and Chemical–Physical Characterization of Honeys of Different Botanical Origin
PMC11561629,0,T a b l e   1,"Sampling Details: Honey Provenance
and Extraction Periods",13,9,True,PMC11561629_t0.csv,"Authentication
of "
PMC11561629,1,T a b l e   2,"Melissopalynological Analysis of 12
Honey Samples",13,5,True,PMC11561629_t1.csv,"Authentication
of "
PMC11561629,2,T a b l e   3,Physicochemical Parameters a b,13,8,True,PMC11561629_t2.csv,"Authentication
of "
PMC11561629,3,T a b l e   4,Oligo Element (Minerals),13,11,False,PMC11561629_t3.csv,"Authentication
of "
PMC11561629,4,T a b l e   5,Heavy Metals and Oligo Elements,13,10,False,PMC11561629_t4.csv,"Authentication
of "
PMC11561629,5,T a b l e   6,Sugar Values (g/100 g) of Honey Samples a b,13,13,True,PMC11561629_t5.csv,"Authentication
of "
PMC11561629,6,T a b l e   7,"Retention Time and Related MS Data
of Compounds Detected in the UPLC-QqQ MS Analysis",28,6,True,PMC11561629_t6.csv,"Authentication
of "
PMC11561629,7,T a b l e   8,Antioxidant Activities of  Ziziphus Lotus  Honey Samples a b c,14,5,True,PMC11561629_t7.csv,"Authentication
of "
PMC11561629,8,T a b l e   9,"Determination of the Minimum Inhibitory
Concentration and Minimum Bactericidal Concentration of Jujube Honey
against Pathogenic Bacteria (mg/mL)",13,9,True,PMC11561629_t8.csv,"Authentication
of "
PMC11561629,9,T a b l e   1 0,"Eigenvalues and Percentages of Explained
Variability",4,7,False,PMC11561629_t9.csv,"Authentication
of "
PMC11561629,10,T a b l e   1 1,Matrix of Component Coefficients,19,6,True,PMC11561629_t10.csv,"Authentication
of "
PMC11585709,0,T a b l e   1,Biofabrication details for Cu@SH nanocomposite samples.,8,8,False,PMC11585709_t0.csv,Bio-fabrication of biologically active copper nanocomposite
PMC11585709,1,T a b l e   2,"Antimicrobial activity (inhibition zone, mm) of the tested samples using the agar diffusion method.",8,5,True,PMC11585709_t1.csv,Bio-fabrication of biologically active copper nanocomposite
PMC11596660,0,T a b l e   1,Conditions of GC-MS analysis.,8,2,False,PMC11596660_t0.csv,"Biofilm Inhibition Activity of Fennel Honey, Fennel Essential Oil and Their Combination"
PMC11596660,1,T a b l e   2,Pollen spectrum of sweet fennel honey.,3,6,True,PMC11596660_t1.csv,"Biofilm Inhibition Activity of Fennel Honey, Fennel Essential Oil and Their Combination"
PMC11596660,2,T a b l e   3,"Composition of FEO, determined with GC-MS (n = 3).",17,4,True,PMC11596660_t2.csv,"Biofilm Inhibition Activity of Fennel Honey, Fennel Essential Oil and Their Combination"
PMC11596660,3,T a b l e   4,Examination of antibiotic sensitivity of test bacteria by disk diffusion.,17,4,True,PMC11596660_t3.csv,"Biofilm Inhibition Activity of Fennel Honey, Fennel Essential Oil and Their Combination"
PMC11596660,4,T a b l e   5,"The minimum inhibitory concentrations (MICs) of FH, FEO and the control antibiotic against each bacterial strain.",5,4,True,PMC11596660_t4.csv,"Biofilm Inhibition Activity of Fennel Honey, Fennel Essential Oil and Their Combination"
PMC11675739,0,T a b l e   1,"TPC, TFC, pH, EC, DPPH, ABTS, β-Carotene, and FRAP values of the analyzed honey samples.",38,9,True,PMC11675739_t0.csv,"Bioactive Compounds, Antioxidant Properties, and Antimicrobial Profiling of a Range of West Algerian Honeys: In Vitro Co"
PMC11675739,1,T a b l e   2,Correlation matrix of the studied parameters (Pearson correlation coefficients).,9,9,True,PMC11675739_t1.csv,"Bioactive Compounds, Antioxidant Properties, and Antimicrobial Profiling of a Range of West Algerian Honeys: In Vitro Co"
PMC11675739,2,T a b l e   3,Antimicrobial activity in honeys in the western region of Algeria.,41,16,True,PMC11675739_t2.csv,"Bioactive Compounds, Antioxidant Properties, and Antimicrobial Profiling of a Range of West Algerian Honeys: In Vitro Co"
PMC11675739,3,T a b l e   4,Antimicrobial activities of antibiotics against microorganisms studied.,12,3,True,PMC11675739_t3.csv,"Bioactive Compounds, Antioxidant Properties, and Antimicrobial Profiling of a Range of West Algerian Honeys: In Vitro Co"
PMC11675915,0,T a b l e   1,Cooking loss and basic chemical composition of model chicken products (average values ± standard deviation).,7,4,True,PMC11675915_t0.csv,The Effect of Honey Powder Addition on Chosen Quality Properties of Model Chicken Products
PMC11675915,1,T a b l e   2,Changes in the water activity of model chicken products during refrigerated storage (average values ± standard deviation).,4,4,True,PMC11675915_t1.csv,The Effect of Honey Powder Addition on Chosen Quality Properties of Model Chicken Products
PMC11675915,2,T a b l e   3,Changes in the shear force (N) of model chicken products during refrigerated storage (average values ± standard deviation).,4,4,False,PMC11675915_t2.csv,The Effect of Honey Powder Addition on Chosen Quality Properties of Model Chicken Products
PMC11675915,3,T a b l e   4,Changes in the color parameters of model chicken products during refrigerated storage (average values ± standard deviation).,17,4,False,PMC11675915_t3.csv,The Effect of Honey Powder Addition on Chosen Quality Properties of Model Chicken Products
PMC11675915,4,T a b l e   5,Changes in the TBARS values and oxidation induction time (OIT) of model chicken products during refrigerated storage (average values ± standard deviation).,9,4,False,PMC11675915_t4.csv,The Effect of Honey Powder Addition on Chosen Quality Properties of Model Chicken Products
PMC11675915,5,T a b l e   6,Changes in the microbiological quality (log CFU/g) of model chicken products during refrigerated storage (average values ± standard deviation).,17,4,True,PMC11675915_t5.csv,The Effect of Honey Powder Addition on Chosen Quality Properties of Model Chicken Products
PMC11682416,0,T a b l e   1,MICs of 48 essential oils with antifungal activity against stationary phase  Candida albicans  at 1% final concentration.,26,4,True,PMC11682416_t0.csv,Antifungal activity of essential oils and their potential synergistic effect with amphotericin B
PMC11682416,1,T a b l e   2,Activity of selected active essential oils effective against stationary  Candida albicans  at different concentrations.,16,10,True,PMC11682416_t1.csv,Antifungal activity of essential oils and their potential synergistic effect with amphotericin B
PMC11682416,2,T a b l e   3,The GC-MS result of the five most active essential oils.,64,7,True,PMC11682416_t2.csv,Antifungal activity of essential oils and their potential synergistic effect with amphotericin B
PMC11682447,0,T a b l e   1,Surrogate viruses used in this study 29 .,7,5,True,PMC11682447_t0.csv,"The comparison of the antioxidant, antibacterial and antiviral potential of Polish fir honeydew and Manuka honeys"
PMC11682447,1,T a b l e   2,Physicochemical parameters of tested honey samples.,24,8,True,PMC11682447_t1.csv,"The comparison of the antioxidant, antibacterial and antiviral potential of Polish fir honeydew and Manuka honeys"
PMC11682447,2,T a b l e   3,"Phenolic content, antioxidant properties and glucose oxidase activity of tested honeys.",22,4,True,PMC11682447_t2.csv,"The comparison of the antioxidant, antibacterial and antiviral potential of Polish fir honeydew and Manuka honeys"
PMC11682447,3,T a b l e   4,Minimal inhibitory concentration (MIC 90) and minimal bactericidal concentration (MBC) for tested honeydew and Manuka honeys.,23,9,True,PMC11682447_t3.csv,"The comparison of the antioxidant, antibacterial and antiviral potential of Polish fir honeydew and Manuka honeys"
PMC11682447,4,T a b l e   5,Antiviral potential of honey against four bacteriophages after 24 h of incubation.,21,5,True,PMC11682447_t4.csv,"The comparison of the antioxidant, antibacterial and antiviral potential of Polish fir honeydew and Manuka honeys"
PMC11699579,0,T a b l e   1,Proximate composition of fermented goat milk with different levels of SBH and CTFE,27,7,False,PMC11699579_t0.csv,Evaluation of Fermented Goat Milk Quality 
PMC11699579,1,T a b l e   2,"L *,  a *, and  b * value of fermented goat milk with different levels of SBH and CTFE",17,7,False,PMC11699579_t1.csv,Evaluation of Fermented Goat Milk Quality 
PMC11699800,0,T a b l e   2,"Mass and dimensions (thickness, width, and length) of cacao-based 3D printed inks containing vitamin D3, cacao, and honey varieties.",13,5,True,PMC11699800_t0.csv,3D printed cacao-based formulations as nutrient carriers for immune system enhancement
PMC11699800,1,T a b l e   1,Composition of all cacao-based formulations.,15,6,False,PMC11699800_t1.csv,3D printed cacao-based formulations as nutrient carriers for immune system enhancement
PMC11699800,2,T a b l e   3,Mechanical properties breaking force of the 3D printed Cacao printlets.,13,3,False,PMC11699800_t2.csv,3D printed cacao-based formulations as nutrient carriers for immune system enhancement
PMC11699800,3,T a b l e   4,MIC limits were determined for each of the raw honey via visual inspection of wells after 24 h of incubation.,4,3,True,PMC11699800_t3.csv,3D printed cacao-based formulations as nutrient carriers for immune system enhancement
PMC11763214,0,T a b l e   1,Characteristics of Lip-MGO-TOB liposomes.,7,2,True,PMC11763214_t0.csv,Effectiveness of a Novel Liposomal Methylglyoxal–Tobramycin Formulation in Reducing Biofilm Formation and Bacterial Adhe
PMC11763214,1,T a b l e   2,Antimicrobial susceptibility profile of the tested clinical isolates.,25,7,True,PMC11763214_t1.csv,Effectiveness of a Novel Liposomal Methylglyoxal–Tobramycin Formulation in Reducing Biofilm Formation and Bacterial Adhe
PMC11763214,2,T a b l e   3,MICs and MBCs of TOB and Lip-MGO-TOB against the tested clinical isolates.,6,5,True,PMC11763214_t2.csv,Effectiveness of a Novel Liposomal Methylglyoxal–Tobramycin Formulation in Reducing Biofilm Formation and Bacterial Adhe
PMC11763214,3,T a b l e   4,Locus numbers for each housekeeping gene and sequence types of the clinical isolates.,5,9,True,PMC11763214_t3.csv,Effectiveness of a Novel Liposomal Methylglyoxal–Tobramycin Formulation in Reducing Biofilm Formation and Bacterial Adhe
PMC11792292,0,T a b l e   1,Physiochemical characteristics of citrus honey,10,14,True,PMC11792292_t0.csv,Exploring the antibacterial and anti-biofilm activity of two Iranian medical-grade kinds of honey on multidrug-resistant
PMC11792292,1,T a b l e   2,Physiochemical characteristics of thyme honey,10,14,True,PMC11792292_t1.csv,Exploring the antibacterial and anti-biofilm activity of two Iranian medical-grade kinds of honey on multidrug-resistant
PMC11792292,2,T a b l e   3,The Melissoplynological characteristics of thyme honey,11,6,True,PMC11792292_t2.csv,Exploring the antibacterial and anti-biofilm activity of two Iranian medical-grade kinds of honey on multidrug-resistant
PMC11792292,3,T a b l e   4,The Melissoplynological characteristics of citrus honey,11,6,True,PMC11792292_t3.csv,Exploring the antibacterial and anti-biofilm activity of two Iranian medical-grade kinds of honey on multidrug-resistant
PMC11792292,4,T a b l e   5,Polyphenol components (phytochemical characteristics) and the determination of sugars of thyme and citrus honey,26,3,True,PMC11792292_t4.csv,Exploring the antibacterial and anti-biofilm activity of two Iranian medical-grade kinds of honey on multidrug-resistant
PMC11792292,5,T a b l e   6,Amino acid contents (phytochemical characteristics) of thyme and citrus honey,21,3,True,PMC11792292_t5.csv,Exploring the antibacterial and anti-biofilm activity of two Iranian medical-grade kinds of honey on multidrug-resistant
PMC11792292,6,T a b l e   7,Optical absorption values obtained after treating of three P. aeruginosa Isolates with different concentrations (v/v) of thyme and citrus honey samples in crystal violet method,10,6,True,PMC11792292_t6.csv,Exploring the antibacterial and anti-biofilm activity of two Iranian medical-grade kinds of honey on multidrug-resistant
PMC11792292,7,T a b l e   8,Biofilm inhibitory rates (%) of different final concentrations (v/v) of Thyme and Citrus honey samples against three P. aeruginosa isolates,10,5,True,PMC11792292_t7.csv,Exploring the antibacterial and anti-biofilm activity of two Iranian medical-grade kinds of honey on multidrug-resistant
PMC11796271,0,T a b l e   1,Composition of hydrogels and emulsions containing honey samples used in the study,4,3,True,PMC11796271_t0.csv,Assessment of 
PMC11796271,1,T a b l e   2,"Content of identified phenolic acids in analysed honey samples ( n  = 3). The data are expressed as mean values ± standard deviation (SD) and relative standard deviation (% RSD). One-way ANOVA followed by Tukey’s post hoc test; different letters also mean significant differences between individual honeys, α = 0.05",9,5,True,PMC11796271_t1.csv,Assessment of 
PMC11796271,2,T a b l e   3,Volatile compounds identified in the nectar honeys studied by GC-MS method,17,7,True,PMC11796271_t2.csv,Assessment of 
PMC11796271,3,T a b l e   4,"The content of phenolic acids in acceptor fluid after 3, 5 and 24 h penetration of heather honey and its hydrogel and emulsion formulations. The data are expressed as mean values ± SD and relative standard deviation (%RSD)",48,7,True,PMC11796271_t3.csv,Assessment of 
PMC11796271,4,T a b l e   5,"Biodegradation of honey-based hydrogels and emulsion formulations by bacterial cultures. The data are expressed as mean values with SD in percentage of biodegradability. Three independent experiments were performed, during each of which the collected samples were analyzed three times",17,10,True,PMC11796271_t4.csv,Assessment of 
PMC11799142,0,T a b l e   1,"Physicochemical properties, carbohydrates content, and organic acids content of different types of honey (hawthorn, alfalfa, rosehip, honeydew, manuka, polyfloral, and raspberry). Mean values and standard deviation in brackets.",29,9,True,PMC11799142_t0.csv,"Physicochemical parameters, microbiological quality, and antibacterial activity of honey from the Bucovina region of Rom"
PMC11799142,1,T a b l e   2,"Polyphenols content for different types of honey (hawthorn, alfalfa, rosehip, honeydew, manuka, polyfloral, and raspberry). Mean values and standard deviation in brackets.",14,9,True,PMC11799142_t1.csv,"Physicochemical parameters, microbiological quality, and antibacterial activity of honey from the Bucovina region of Rom"
PMC11799142,2,T a b l e   3,"Antibacterial activity (Inhibition Zone (mm ± SD) of all tested honeys at different concentrations against bacteria (H - honeydew honey, P - polyfloral; HA- hawthorn, A - alfalfa, RA - raspberry, R - rosehip, M - manuka honey).",58,10,True,PMC11799142_t2.csv,"Physicochemical parameters, microbiological quality, and antibacterial activity of honey from the Bucovina region of Rom"
PMC11799142,3,T a b l e   4,"Minimum inhibitory concentrations (MIC) and minimum bactericidal concentrations (MBC) of honey samples (H - honeydew honey, P - polyfloral; HA- hawthorn, A - alfalfa, RA - raspberry, R - rosehip, M - manuka honey).",57,9,True,PMC11799142_t3.csv,"Physicochemical parameters, microbiological quality, and antibacterial activity of honey from the Bucovina region of Rom"
PMC11799142,4,T a b l e   5,Pearson correlations for MIC (Minimum Inhibitory concentration) and MBC (Minimum Bactericidal Concentration) of honey and its physicochemical parameters and organic acids content.,7,13,True,PMC11799142_t4.csv,"Physicochemical parameters, microbiological quality, and antibacterial activity of honey from the Bucovina region of Rom"
PMC11799142,5,T a b l e   6,Pearson correlations for MIC (Minimum Inhibitory concentration) and MBC (Minimum Bactericidal Concentration) of honey and carbohydrate content.,7,11,True,PMC11799142_t5.csv,"Physicochemical parameters, microbiological quality, and antibacterial activity of honey from the Bucovina region of Rom"
PMC11799142,6,T a b l e   7,Pearson correlations for MIC (Minimum Inhibitory concentration) and MBC (Minimum Bactericidal Concentration) of honey and polyphenols content.,7,13,True,PMC11799142_t6.csv,"Physicochemical parameters, microbiological quality, and antibacterial activity of honey from the Bucovina region of Rom"
PMC11799142,7,T a b l e   8,"Pearson correlations for MIC (Minimum Inhibitory concentration) and MBC (Minimum Bactericidal Concentration) of honey and its antimicrobial action against pathogens (concentrations of 12.5%, 25%, and 50% honey).",7,10,True,PMC11799142_t7.csv,"Physicochemical parameters, microbiological quality, and antibacterial activity of honey from the Bucovina region of Rom"
PMC11799142,8,T a b l e   9,Pearson correlations between MIC (Minimum Inhibitory concentration) and MBC (Minimum Bactericidal Concentration) of honey for each pathogen.,7,9,True,PMC11799142_t8.csv,"Physicochemical parameters, microbiological quality, and antibacterial activity of honey from the Bucovina region of Rom"
PMC11851452,0,T a b l e   1,Antimicrobial Properties and Veterinary Applications of Honey.,10,7,True,PMC11851452_t0.csv,Antimicrobial Properties of Hive Products and Their Potential Applications in Human and Veterinary Medicine
PMC11851452,1,T a b l e   2,Antimicrobial Properties and Veterinary Applications of Bee Venom.,12,7,True,PMC11851452_t1.csv,Antimicrobial Properties of Hive Products and Their Potential Applications in Human and Veterinary Medicine
PMC11851452,2,T a b l e   3,Antimicrobial Properties and Veterinary Applications of Propolis.,11,7,True,PMC11851452_t2.csv,Antimicrobial Properties of Hive Products and Their Potential Applications in Human and Veterinary Medicine
PMC11851452,3,T a b l e   4,Antimicrobial Properties and Veterinary Applications of Bee Pollen.,7,7,True,PMC11851452_t3.csv,Antimicrobial Properties of Hive Products and Their Potential Applications in Human and Veterinary Medicine
PMC11851452,4,T a b l e   5,Antimicrobial Properties and Veterinary Applications of Royal Jelly.,12,7,True,PMC11851452_t4.csv,Antimicrobial Properties of Hive Products and Their Potential Applications in Human and Veterinary Medicine
PMC11851452,5,T a b l e   6,Use of Hive Products in Veterinary Medicine.,27,7,True,PMC11851452_t5.csv,Antimicrobial Properties of Hive Products and Their Potential Applications in Human and Veterinary Medicine
PMC11851655,0,T a b l e   1,Pollen spectrum of linden honey and chestnut honey.,4,6,True,PMC11851655_t0.csv,Synergistic Antibiofilm Effects of Chestnut and Linden Honey with Lavender Essential Oil Against Multidrug-Resistant Oti
PMC11851655,1,T a b l e   2,Sensory characteristics and physicochemical parameters of honey samples. Data are presented as means ± standard deviation (n = 3).,3,5,True,PMC11851655_t1.csv,Synergistic Antibiofilm Effects of Chestnut and Linden Honey with Lavender Essential Oil Against Multidrug-Resistant Oti
PMC11851655,2,T a b l e   3,Antibiotic sensitivity of test bacteria according to the disk diffusion assay.,14,6,True,PMC11851655_t2.csv,Synergistic Antibiofilm Effects of Chestnut and Linden Honey with Lavender Essential Oil Against Multidrug-Resistant Oti
PMC11851655,3,T a b l e   4,"The minimum inhibitory concentrations (MICs) of linden and chestnut honey, lavender essential oil, and the antibiotic controls (amikacin for  H. influenzae  and  H. parainfluenzae ; imipenem for  M. catarrhalis  and  S. pneumoniae ; gentamicin for  P. aeruginosa ) against the investigated bacterial strains.",6,6,True,PMC11851655_t3.csv,Synergistic Antibiofilm Effects of Chestnut and Linden Honey with Lavender Essential Oil Against Multidrug-Resistant Oti
PMC11851655,4,T a b l e   5,Combination MIC values of test samples (µg/mL).,9,3,True,PMC11851655_t4.csv,Synergistic Antibiofilm Effects of Chestnut and Linden Honey with Lavender Essential Oil Against Multidrug-Resistant Oti
PMC11851655,5,T a b l e   6,FICI values and combination effects of test samples.,9,4,True,PMC11851655_t5.csv,Synergistic Antibiofilm Effects of Chestnut and Linden Honey with Lavender Essential Oil Against Multidrug-Resistant Oti
PMC11851655,6,T a b l e   7,"Effect of chestnut honey, lavender essential oil, and their combination on the release of DNA in Gram-negative ( P. aeruginosa ) and Gram-positive ( S. pneumoniae ) bacteria.",11,4,True,PMC11851655_t6.csv,Synergistic Antibiofilm Effects of Chestnut and Linden Honey with Lavender Essential Oil Against Multidrug-Resistant Oti
PMC11851655,7,T a b l e   8,"Kinetics of 260 nm absorbing material released from Gram-negative ( P. aeruginosa ) and Gram-positive ( S. pneumoniae ) bacteria treated with chestnut honey, lavender essential oil, and their combination.",17,4,True,PMC11851655_t7.csv,Synergistic Antibiofilm Effects of Chestnut and Linden Honey with Lavender Essential Oil Against Multidrug-Resistant Oti
PMC11858134,0,T a b l e   1,"The most common phenolic acids in the acacia honey samples are presented in bold. Values are the mean ± SD based on three replicates. Different letters in a column are significantly different at  p  < 0.05. s = small extension = half-super (part of the hive), * = repeated sample triplicate.",24,25,True,PMC11858134_t0.csv,"Influence of Season, Hive Position, Extraction Method and Storage Temperature on Polyphenols and Antioxidant Activity of"
PMC11858134,1,T a b l e   2,"The most common flavonoids in the acacia honey samples are presented in bold. Values are the mean ± SD based on three replicates. Different letters in a column are significantly different at  p  < 0.05. s = small extension = half-super (part of the hive), * = repeated sample triplicate.",24,29,True,PMC11858134_t1.csv,"Influence of Season, Hive Position, Extraction Method and Storage Temperature on Polyphenols and Antioxidant Activity of"
PMC11858134,2,T a b l e   3,The most common phenolic acids in the chestnut honey samples are presented in bold. Values are the mean ± SD based on three replicates. Different letters in a column are significantly different at  p  < 0.05. s = small extension = half-super (part of the hive).,23,21,True,PMC11858134_t2.csv,"Influence of Season, Hive Position, Extraction Method and Storage Temperature on Polyphenols and Antioxidant Activity of"
PMC11858134,3,T a b l e   4,The most common flavonoids in the chestnut honey samples are presented in bold. Values are the mean ± SD based on three replicates. Different letters in a column are significantly different at  p  < 0.05. s = small extension = half-super (part of the hive).,23,33,True,PMC11858134_t3.csv,"Influence of Season, Hive Position, Extraction Method and Storage Temperature on Polyphenols and Antioxidant Activity of"
PMC11858134,4,T a b l e   5,"Total phenolic content determined by the Folin–Ciocalteu method and antioxidant activity determined with the FRAP method of the Croatian acacia honey stored at room temperature (A1–A7 and A8–A11) after collection in 2013 and 2015 and at the low temperature of 4° C (A1f–A7f) after collection in 2013 and of the chestnut honey (C1–C17) samples collected in 2013, 2014 and 2015. Values are the mean ± S",42,9,True,PMC11858134_t4.csv,"Influence of Season, Hive Position, Extraction Method and Storage Temperature on Polyphenols and Antioxidant Activity of"
PMC11858134,5,T a b l e   6,The minimum inhibitory concentration (MIC) of the acacia and chestnut honey samples against pathogenic Gram positive and Gram-negative bacteria.,16,11,True,PMC11858134_t5.csv,"Influence of Season, Hive Position, Extraction Method and Storage Temperature on Polyphenols and Antioxidant Activity of"
PMC11858503,0,T a b l e   1,Effect of starter mix culture and addition of honey on physicochemical properties of sausages.,9,4,True,PMC11858503_t0.csv,Probiotics and Honey: Boosting Functional Properties in Dry Fermented Sausages
PMC11858503,1,T a b l e   2,Effect of different concentrations of honey on the color parameters of sausage.,7,7,True,PMC11858503_t1.csv,Probiotics and Honey: Boosting Functional Properties in Dry Fermented Sausages
PMC11858503,2,T a b l e   3,Texture profile of the tested sausages.,10,4,True,PMC11858503_t2.csv,Probiotics and Honey: Boosting Functional Properties in Dry Fermented Sausages
PMC11858692,0,T a b l e   3,Summary of key outcomes per study. S = significant effect in favor of honey; NS = no significant difference; + = positive effect reported without significance mentioned (no control group).,11,5,True,PMC11858692_t0.csv,The Efficacy of Honey for the Treatment of Perineal Wounds Following Vaginal Birth: A Narrative Review
PMC11858692,1,T a b l e   1,"REEDA scoring system. Total score of 0 = healed; 1–5 = moderately healed; 6–10 = mildly healed; 11–15 = not healed. S = significant improvement in at least one interval, NS = non-significant effect.",5,6,False,PMC11858692_t1.csv,The Efficacy of Honey for the Treatment of Perineal Wounds Following Vaginal Birth: A Narrative Review
PMC11858692,2,T a b l e   2,Overview of study characteristics and findings.,11,8,True,PMC11858692_t2.csv,The Efficacy of Honey for the Treatment of Perineal Wounds Following Vaginal Birth: A Narrative Review
PMC11876691,0,T a b l e   1,The Formulation of different creams based on Manuka and citrus honey emulsions.,9,4,True,PMC11876691_t0.csv,"Formulation and evaluation of therapeutic antimicrobial citrus and Manuka honey creams with aloe vera, mint essential oi"
PMC11876691,1,T a b l e   2,"The most abundant compounds in citrus honey identifed using GC-MS with their retention times, molecular weights, molecular formulas, and intensities.",5,5,True,PMC11876691_t1.csv,"Formulation and evaluation of therapeutic antimicrobial citrus and Manuka honey creams with aloe vera, mint essential oi"
PMC11939154,0,T a b l e   1,Types of honey with their geographic origins and major uses.,15,6,True,PMC11939154_t0.csv,Honey as a Natural Antimicrobial
PMC11939154,1,T a b l e   2,Major biochemical compounds in honey and their associated health benefits.,14,5,True,PMC11939154_t1.csv,Honey as a Natural Antimicrobial
PMC11939154,2,T a b l e   3,Antioxidants in honey and their sources.,10,5,True,PMC11939154_t2.csv,Honey as a Natural Antimicrobial
PMC11939154,3,T a b l e   4,Mechanisms by which honey inhibits microbial growth and survival.,11,5,True,PMC11939154_t3.csv,Honey as a Natural Antimicrobial
PMC11941359,0,T a b l e   1,Details of stingless bee honey samples.,16,5,True,PMC11941359_t0.csv,"Physicochemical Characteristics, Antioxidant Capacity, and Antimicrobial Activity of Stingless Bee Honey from Malaysia: "
PMC11941359,1,T a b l e   2,Physicochemical characteristics of three Malaysian stingless bee honey.,23,4,True,PMC11941359_t1.csv,"Physicochemical Characteristics, Antioxidant Capacity, and Antimicrobial Activity of Stingless Bee Honey from Malaysia: "
PMC11941359,2,T a b l e   3,Correlation coefficients between physicochemical parameters.,9,8,True,PMC11941359_t2.csv,"Physicochemical Characteristics, Antioxidant Capacity, and Antimicrobial Activity of Stingless Bee Honey from Malaysia: "
PMC11941359,3,T a b l e   4,Antioxidant activity of honey samples.,7,5,True,PMC11941359_t3.csv,"Physicochemical Characteristics, Antioxidant Capacity, and Antimicrobial Activity of Stingless Bee Honey from Malaysia: "
PMC11941359,4,T a b l e   5,Inhibition zone diameters of honey samples against microorganisms using the agar diffusion method.,37,3,True,PMC11941359_t4.csv,"Physicochemical Characteristics, Antioxidant Capacity, and Antimicrobial Activity of Stingless Bee Honey from Malaysia: "
PMC11941359,5,T a b l e   6,The MBC values of honey samples against bacteria.,32,3,True,PMC11941359_t5.csv,"Physicochemical Characteristics, Antioxidant Capacity, and Antimicrobial Activity of Stingless Bee Honey from Malaysia: "
PMC11941359,6,T a b l e   7,Correlation between antimicrobial activities and antioxidant activities.,7,3,True,PMC11941359_t6.csv,"Physicochemical Characteristics, Antioxidant Capacity, and Antimicrobial Activity of Stingless Bee Honey from Malaysia: "
PMC11941359,7,T a b l e   8,Correlation between bioactivities and physicochemical parameters.,7,8,True,PMC11941359_t7.csv,"Physicochemical Characteristics, Antioxidant Capacity, and Antimicrobial Activity of Stingless Bee Honey from Malaysia: "
PMC11941713,0,T a b l e   1,"Total phenolic and flavonoid content, pH, and peroxide concentration of MNP honey samples and Manuka honey.",9,11,True,PMC11941713_t0.csv,Exploring the Nutritional Value and Health Benefits of Honey from the Portuguese Protected Area of Montesinho Natural Pa
PMC11941713,1,T a b l e   2,Identification and quantification of phenolic compounds in different multifloral honey samples from MNP and Manuka honey analyzed by HPLC-DAD (results expressed in mg/100 g).,73,11,True,PMC11941713_t1.csv,Exploring the Nutritional Value and Health Benefits of Honey from the Portuguese Protected Area of Montesinho Natural Pa
PMC11941713,2,T a b l e   3,Amino acids in different multifloral honey samples from MNP and Manuka honey analyzed by HPLC-FLD (results expressed in mg amino acid/100 g honey).,57,11,True,PMC11941713_t2.csv,Exploring the Nutritional Value and Health Benefits of Honey from the Portuguese Protected Area of Montesinho Natural Pa
PMC11941713,3,T a b l e   4,In vitro antioxidant activity and enzyme inhibition activity of MNP honey samples and Manuka honey.,20,11,True,PMC11941713_t3.csv,Exploring the Nutritional Value and Health Benefits of Honey from the Portuguese Protected Area of Montesinho Natural Pa
PMC11941748,0,T a b l e   1,Antimicrobial activity (MIC and CBM) from eight Brazilian organic honey samples against  P. gingivalis  W83.,4,2,True,PMC11941748_t0.csv,Brazilian Organic Honeydew Reduces In Vitro and In Vivo Periodontal Disease-Related Subgingival Biofilm 
PMC11941748,1,T a b l e   2,Phytochemical profile by LC-ESI-IT-MS/MS of organic honey- type 7.,8,5,True,PMC11941748_t1.csv,Brazilian Organic Honeydew Reduces In Vitro and In Vivo Periodontal Disease-Related Subgingival Biofilm 
PMC11966148,0,T a b l e   1,Minimal inhibitory concentration (MIC) of the different toothpaste formulations against selected oral bacteria,7,5,True,PMC11966148_t0.csv,In-Vitro Effect of Manuka Honey / Propolis Toothpastes on Bacteria and Biofilm Associated with Caries and Gingivitis
PMC11989857,0,T a b l e   1,"Reported concentrations of hydrogen peroxide in environmental water, beverages and food.",54,4,True,PMC11989857_t0.csv,Hydrogen Peroxide: A Ubiquitous Component of Beverages and Food
PMC11989857,1,,,11,2,True,PMC11989857_t1.csv,Hydrogen Peroxide: A Ubiquitous Component of Beverages and Food
PMC12023948,0,T a b l e   1,"Broth dilution results showing the susceptibility of microorganisms to various honey samples. Results were analysed using Analysis of Covariance (ANCOVA). The values represent Least Squares Means (LSMeans), which are the adjusted means of the optical density (OD) for each honey concentration (25, 12.5, 6.25 and 3.13%  w / v ), after accounting for the covariate (time). Fisher’s Least Significant D",46,10,True,PMC12023948_t0.csv,"Antibacterial Properties, Arabinogalactan Proteins, and Bioactivities of New Zealand Honey"
PMC12023948,1,T a b l e   2,Radial gel diffusion results showing the mean amount of arabinogalactan proteins (AGPs) present in different honey samples. Superscripts that have different letters indicate that the means are significantly different at the 5% level based on Fisher’s LSD.,10,2,True,PMC12023948_t1.csv,"Antibacterial Properties, Arabinogalactan Proteins, and Bioactivities of New Zealand Honey"
PMC12023948,2,T a b l e   3,"Antioxidant activities, as well as total phenolic and flavonoid contents, in honey (means ± standard error).",11,6,True,PMC12023948_t2.csv,"Antibacterial Properties, Arabinogalactan Proteins, and Bioactivities of New Zealand Honey"
PMC12023948,3,T a b l e   4,Results for vitamin C analysis in honey using HPLC (means ± standard error).,11,4,True,PMC12023948_t3.csv,"Antibacterial Properties, Arabinogalactan Proteins, and Bioactivities of New Zealand Honey"
PMC12023948,4,T a b l e   5,Polyphenols in New Zealand honey samples. Mean concentrations are expressed in μg/mL. Superscripts that have different letters indicate that the means are significantly different at the 5% level based on Fisher’s LSD.,11,14,True,PMC12023948_t4.csv,"Antibacterial Properties, Arabinogalactan Proteins, and Bioactivities of New Zealand Honey"
PMC12030384,0,T a b l e   1,In vitro activity of two manuka honey samples with different unique manuka factors (5+ and 15+) against the yeast form of three  Sporothrix  species of clinical interest.,5,3,True,PMC12030384_t0.csv,In Vitro Evidence for the Efficacy of Manuka Honey and Its Components Against the Major Human Pathogenic 
PMC12030384,1,T a b l e   2,In vitro activity of the manuka honey (unique manuka factor 15+) against the two morphotypes of three  Sporothrix  species of clinical interest.,6,5,True,PMC12030384_t1.csv,In Vitro Evidence for the Efficacy of Manuka Honey and Its Components Against the Major Human Pathogenic 
PMC12030384,2,T a b l e   3,Minimal inhibitory concentration (MIC) and non-wild type phenotypes of 11  Sporothrix brasiliensis  strains evaluated in this study.,13,7,True,PMC12030384_t2.csv,In Vitro Evidence for the Efficacy of Manuka Honey and Its Components Against the Major Human Pathogenic 
PMC12092607,0,T a b l e   1,"Antimicrobial activity of positive and negative controls, EEP, honey, and EEP-Honey mixture against MDR uropathogens.",7,10,True,PMC12092607_t0.csv,Chemical composition of Egyptian propolis and studying its antimicrobial activity and synergistic action with honey agai
PMC12092607,1,T a b l e   2,Effect of different solvent systems on the antimicrobial activity of EEP against MDR uropathogens.,7,5,True,PMC12092607_t1.csv,Chemical composition of Egyptian propolis and studying its antimicrobial activity and synergistic action with honey agai
PMC12092607,2,T a b l e   3,Antimicrobial activity of the fractions produced from VLC of ethyl acetate EEP fraction against MDR uropathogens.,10,6,True,PMC12092607_t2.csv,Chemical composition of Egyptian propolis and studying its antimicrobial activity and synergistic action with honey agai
PMC12092607,3,T a b l e   4,Results of GC/MS analysis of the most active fraction of propolis.,92,5,True,PMC12092607_t3.csv,Chemical composition of Egyptian propolis and studying its antimicrobial activity and synergistic action with honey agai
PMC12092607,4,T a b l e   5,Results of HPLC analysis of fraction 5.,16,5,True,PMC12092607_t4.csv,Chemical composition of Egyptian propolis and studying its antimicrobial activity and synergistic action with honey agai
PMC12107304,0,,"Table 1 . MIC of the Mixture of N.
sativa Extract and Honey in Different Concentrations Against S. mutans",6,3,True,PMC12107304_t0.csv,"In Vitro Synergistic Antibacterial Effects of Extract and Honey
Derived from Nigella Sativa on Streptococcus Mutans
"
PMC12107304,1,,"Table 2 . Diameter of S. Mutans Growth
Inhibition Zones Caused by Different Concentrations of Honey and N. Sativa
Extract Mixture",10,2,True,PMC12107304_t1.csv,"In Vitro Synergistic Antibacterial Effects of Extract and Honey
Derived from Nigella Sativa on Streptococcus Mutans
"
PMC12110744,0,T a b l e   1,Physicochemical characteristics of linden honeydew honey (LHH) sample.,5,3,True,PMC12110744_t0.csv,Integrated Chemical and Biological Evaluation of Linden Honeydew Honey from Bosnia and Herzegovina: Composition and Cell
PMC12110744,1,T a b l e   2,Linden honeydew honey (LHH) volatile compounds analysed via GC-MS.,33,3,True,PMC12110744_t1.csv,Integrated Chemical and Biological Evaluation of Linden Honeydew Honey from Bosnia and Herzegovina: Composition and Cell
PMC12110744,2,T a b l e   3,"Spectrophotometric determination of total phenolic content (TPC), total flavonoid content (TFC), and antioxidant activity (DPPH) in linden honeydew honey (LHH) sample.",5,2,True,PMC12110744_t2.csv,Integrated Chemical and Biological Evaluation of Linden Honeydew Honey from Bosnia and Herzegovina: Composition and Cell
PMC12110744,3,T a b l e   4,Minimum inhibitory concentrations (MICs  1 ) and minimum bactericidal concentrations (MBCs  2 ) of linden honeydew honey (LHH) sample and antibiotic controls (Vancomycin and Meropenem) against selected bacterial strains.,12,7,True,PMC12110744_t3.csv,Integrated Chemical and Biological Evaluation of Linden Honeydew Honey from Bosnia and Herzegovina: Composition and Cell
PMC12111890,0,T a b l e   1,Toxicity of SPI to  Apis cerana cerana  Fabricius.,2,7,False,PMC12111890_t0.csv,Effect of Spinetoram Stress on Midgut Detoxification Enzyme and Gene Expression of 
PMC12111890,1,T a b l e   2,"A summary of transcriptome data indicating the quantity of reads, sequence quality, and the mapping rate.",10,12,False,PMC12111890_t1.csv,Effect of Spinetoram Stress on Midgut Detoxification Enzyme and Gene Expression of 
PMC12111890,2,T a b l e   3,Number of DEGs identified in three comparison groups.,4,4,False,PMC12111890_t2.csv,Effect of Spinetoram Stress on Midgut Detoxification Enzyme and Gene Expression of 
PMC12175512,0,T A B L E   1,"All antimicrobial, physical, and chemical data for Australian stingless bee honey samples",57,15,True,PMC12175512_t0.csv,Strong antimicrobial activity and unique physicochemical characteristics in honey from Australian stingless bees 
PMC12189776,0,T a b l e   1,DPPH radical scavenging activity in the honey samples (% inhibition).,8,5,True,PMC12189776_t0.csv,"Integrated Assessment of Antibacterial Activity, Polyphenol Composition, Molecular Docking, and ADME Properties of Roman"
PMC12189776,1,T a b l e   2,The individual profile of polyphenols detected using the LC-MS method.,14,5,True,PMC12189776_t1.csv,"Integrated Assessment of Antibacterial Activity, Polyphenol Composition, Molecular Docking, and ADME Properties of Roman"
PMC12189776,2,T a b l e   3,MIC values (%) for OHD and FHD on selected Gram-positive and Gram-negative strains.,3,11,True,PMC12189776_t2.csv,"Integrated Assessment of Antibacterial Activity, Polyphenol Composition, Molecular Docking, and ADME Properties of Roman"
PMC12189776,3,T a b l e   4,Molecular docking score between the ten identified compounds and seven bacterial target proteins.,71,5,True,PMC12189776_t3.csv,"Integrated Assessment of Antibacterial Activity, Polyphenol Composition, Molecular Docking, and ADME Properties of Roman"
PMC12189776,4,T a b l e   5,ADMET Predictors of Pharmacokinetic parameters for the six best docked compounds.,43,8,True,PMC12189776_t4.csv,"Integrated Assessment of Antibacterial Activity, Polyphenol Composition, Molecular Docking, and ADME Properties of Roman"
PMC12189821,0,T a b l e   1,LC-MS data on metabolites identified in Prokupac grape pomace extract.,45,9,True,PMC12189821_t0.csv,Chemical Composition and Antioxidant Activity of Prokupac Grape Pomace Extract: Implications for Redox Modulation in Hon
PMC12193722,0,T a b l e   1,Sample composition and labels.,6,7,True,PMC12193722_t0.csv,Biomaterials Based on Bee Products and Their Effectiveness in Soft Tissue Regeneration
PMC12193722,1,T a b l e   2,Principal data from the thermal analysis of both samples.,3,7,False,PMC12193722_t1.csv,Biomaterials Based on Bee Products and Their Effectiveness in Soft Tissue Regeneration
PMC12240352,0,T a b l e   1,Botanical origin of the honey samples.,53,32,True,PMC12240352_t0.csv,"Multidimensional analysis of honey from Eastern Anatolia (Kars): Pollen spectrum, physicochemical properties, and antimi"
PMC12240352,1,T a b l e   2,"Antibacterial activity (inhibition zone diameters in mm) of honey samples against tested bacterial strains at 25%, 50%, and 75% concentrations.",32,19,True,PMC12240352_t1.csv,"Multidimensional analysis of honey from Eastern Anatolia (Kars): Pollen spectrum, physicochemical properties, and antimi"
PMC12240352,2,T a b l e   3,"Calculated correlations. S: samples, D:diastase, P: proline, I:insoluble matter, M:moisture, F:free acidity, E:electrical conductivity, P:pH, H:HMF.",15,21,True,PMC12240352_t2.csv,"Multidimensional analysis of honey from Eastern Anatolia (Kars): Pollen spectrum, physicochemical properties, and antimi"
PMC12249035,0,T a b l e   1,Physicochemical parameters of SH samples.,8,8,True,PMC12249035_t0.csv,"Physicochemical Properties, Antioxidant and Antibacterial Activities and Anti-Hepatocarcinogenic Effect and Potential Me"
PMC12249035,1,T a b l e   2,The unique components determined in methanol extract of SH by non-targeted metabolomics.,4,14,True,PMC12249035_t1.csv,"Physicochemical Properties, Antioxidant and Antibacterial Activities and Anti-Hepatocarcinogenic Effect and Potential Me"
PMC12249035,2,T a b l e   3,"Phenolics, phenolic acids and flavonoids determined in methanol extract of SH by non-targeted metabolomics (phenols: No 1–22, phenolic acids: No 23–27, flavonoids: No 28–52).",54,14,True,PMC12249035_t2.csv,"Physicochemical Properties, Antioxidant and Antibacterial Activities and Anti-Hepatocarcinogenic Effect and Potential Me"
PMC12249035,3,T a b l e   4,"The correlations among TPC, TFC, DPPH, ABTS, and FRAP.",6,6,True,PMC12249035_t3.csv,"Physicochemical Properties, Antioxidant and Antibacterial Activities and Anti-Hepatocarcinogenic Effect and Potential Me"
PMC12249035,4,T a b l e   5,Antibacterial activity of SH samples against four foodborne pathogens.,10,9,True,PMC12249035_t4.csv,"Physicochemical Properties, Antioxidant and Antibacterial Activities and Anti-Hepatocarcinogenic Effect and Potential Me"
PMC12294384,0,T a b l e   1,Composition of preliminary blank films prepared from 1 to 2%  w / v  composite aqueous gels.,9,5,False,PMC12294384_t0.csv,Composite HPMC-Gelatin Films Loaded with Cameroonian and Manuka Honeys Show Antibacterial and Functional Wound Dressing 
PMC12294384,1,T a b l e   2,Composition of the honey loaded composite HPMC and gelatin film dressings containing different amounts of honey.,13,6,True,PMC12294384_t1.csv,Composite HPMC-Gelatin Films Loaded with Cameroonian and Manuka Honeys Show Antibacterial and Functional Wound Dressing 
PMC12294384,2,T a b l e   3,Equilibrium water content (EWC) and water vapor transmission rate (WVTR) for the different honey–loaded films compared to the optimum blank films. Significant difference at *  p  < 0.05; **  p  < 0.01; ns (nonsignificant) (compared to BLA2).,14,3,True,PMC12294384_t2.csv,Composite HPMC-Gelatin Films Loaded with Cameroonian and Manuka Honeys Show Antibacterial and Functional Wound Dressing 
PMC12294384,3,T a b l e   4,"ZOI of final films for  E. coli ,  S. aureus , and  P. aeruginosa.  (mean ± SD).",15,4,False,PMC12294384_t3.csv,Composite HPMC-Gelatin Films Loaded with Cameroonian and Manuka Honeys Show Antibacterial and Functional Wound Dressing 
PMC12295747,0,T a b l e   1,Principal data from the thermal analysis of samples with and without AgNPs.,11,7,False,PMC12295747_t0.csv,"Antimicrobial Composite Films Based on Alginate–Chitosan with Honey, Propolis, Royal Jelly and Green-Synthesized Silver "
PMC12295747,1,T a b l e   2,Samples composition and labels.,6,8,True,PMC12295747_t1.csv,"Antimicrobial Composite Films Based on Alginate–Chitosan with Honey, Propolis, Royal Jelly and Green-Synthesized Silver "
PMC12298140,0,T a b l e   1,Colony-forming unit (CFU) counts for  L. monocytogenes  and  C. perfringens  following treatment with bee product samples.,13,5,True,PMC12298140_t0.csv,Natural Honey-Propolis Combinations with Health-Promoting Potential: Antibacterial Activity Against Foodborne Pathogens
PMC12298140,1,T a b l e   2,Sample concentrations (mg/mL) that decreased bacterial growth by 99.9% (bactericidal effect).,3,6,True,PMC12298140_t1.csv,Natural Honey-Propolis Combinations with Health-Promoting Potential: Antibacterial Activity Against Foodborne Pathogens
PMC12298140,2,T a b l e   3,"Phenolic compounds present in propolis, detected using LC-MS-Q/TOF.",10,5,True,PMC12298140_t2.csv,Natural Honey-Propolis Combinations with Health-Promoting Potential: Antibacterial Activity Against Foodborne Pathogens
PMC12298140,3,T a b l e   4,"Content of bioactive compounds in chestnut honey, propolis, and chestnut honey + 10% propolis (mg/mL), quantified by UPLC-PDA.",10,4,True,PMC12298140_t3.csv,Natural Honey-Propolis Combinations with Health-Promoting Potential: Antibacterial Activity Against Foodborne Pathogens
PMC12298140,4,T a b l e   5,Honey and propolis samples.,4,5,True,PMC12298140_t4.csv,Natural Honey-Propolis Combinations with Health-Promoting Potential: Antibacterial Activity Against Foodborne Pathogens
PMC12298140,5,,,15,2,True,PMC12298140_t5.csv,Natural Honey-Propolis Combinations with Health-Promoting Potential: Antibacterial Activity Against Foodborne Pathogens
PMC12299362,0,T a b l e   1,Physicochemical parameters in honey samples of  M. interrupta  and  M. seminigra .,9,3,True,PMC12299362_t0.csv,"Nutritional Composition, Volatile Profiles, and Biological Evaluation of Honeys from "
PMC12299362,1,T a b l e   2,Radical scavenging activity of  M. seminigra  and  M. interrupta .,4,5,True,PMC12299362_t1.csv,"Nutritional Composition, Volatile Profiles, and Biological Evaluation of Honeys from "
PMC12299362,2,T a b l e   3,Antimicrobial activity of  M. seminigra  and  M. interrupta .,3,14,True,PMC12299362_t2.csv,"Nutritional Composition, Volatile Profiles, and Biological Evaluation of Honeys from "
PMC12299362,3,T a b l e   4,Volatile organic compounds identified in honey and flower samples.,93,12,True,PMC12299362_t3.csv,"Nutritional Composition, Volatile Profiles, and Biological Evaluation of Honeys from "
PMC12299362,4,T a b l e   5,Identification of deposits corresponding to plant species collected in Iranduba—AM.,6,5,False,PMC12299362_t4.csv,"Nutritional Composition, Volatile Profiles, and Biological Evaluation of Honeys from "
PMC12299362,5,,,30,2,True,PMC12299362_t5.csv,"Nutritional Composition, Volatile Profiles, and Biological Evaluation of Honeys from "
PMC12311394,0,T A B L E   1,"Correlation analysis among FGE, FGV, FGH, AGE60, and RAW on inhibition zone (IZ) of  
E. coli, A. niger
 , and  P. guilliermondii .",17,16,True,PMC12311394_t0.csv,"The Antimicrobial and Antioxidant Properties of Raw, Aged, and Fermented Garlic: Influence of Processing Methods"
PMC12311394,1,T A B L E   2,"Correlation analysis among FGE, FGV, FGH, AGE60, and RAW extracts on DPPH, FRAP, and TPC values.",17,16,True,PMC12311394_t1.csv,"The Antimicrobial and Antioxidant Properties of Raw, Aged, and Fermented Garlic: Influence of Processing Methods"
PMC12325679,0,T a b l e   1,Recovery rate of CIP in honey.,6,5,True,PMC12325679_t0.csv,Synthesis and properties of carbon quantum dots as an antimicrobial agent and detection of ciprofloxacin
PMC12379519,0,T a b l e   1,Antibacterial properties of ‘lactobacilli’  against  selected test bacteria,20,7,True,PMC12379519_t0.csv,Probiotic potential of ‘lactobacilli’ isolated from traditionally fermented Ethiopian honey wine (
PMC12379519,1,T a b l e   2,Survival of  ’ lactobacilli’ at different pH and bile concentrations,20,7,True,PMC12379519_t1.csv,Probiotic potential of ‘lactobacilli’ isolated from traditionally fermented Ethiopian honey wine (
PMC12379519,2,T a b l e   3,"Cell surface hydrophobicity, DPPH radical scavenging, and cholesterol assimilation activities of  Lactobacillus  spp",19,5,True,PMC12379519_t2.csv,Probiotic potential of ‘lactobacilli’ isolated from traditionally fermented Ethiopian honey wine (
PMC12379519,3,T a b l e   4,Antibiotic susceptibility profile of the  Lactobacillus  spp,20,12,True,PMC12379519_t3.csv,Probiotic potential of ‘lactobacilli’ isolated from traditionally fermented Ethiopian honey wine (
PMC12379519,4,T a b l e   5,Identified ‘lactobacilli’ using MALDI-TOF MS analysis,19,4,False,PMC12379519_t4.csv,Probiotic potential of ‘lactobacilli’ isolated from traditionally fermented Ethiopian honey wine (
PMC12383161,0,T a b l e   1,Summary of the main constituents of honey and their functions.,12,4,True,PMC12383161_t0.csv,"Antioxidant Capacity and Therapeutic Applications of Honey: Health Benefits, Antimicrobial Activity and Food Processing "
PMC12383161,1,T a b l e   2,Summary of therapeutic properties of honey.,22,6,True,PMC12383161_t1.csv,"Antioxidant Capacity and Therapeutic Applications of Honey: Health Benefits, Antimicrobial Activity and Food Processing "
PMC12383161,2,T a b l e   3,Comparative antioxidant activity of different types of honey and methods used for evaluation.,10,5,True,PMC12383161_t2.csv,"Antioxidant Capacity and Therapeutic Applications of Honey: Health Benefits, Antimicrobial Activity and Food Processing "
PMC12431070,0,T a b l e   1,Composition of the formulated chitosan–collagen–honey sponges.,6,4,True,PMC12431070_t0.csv,"Bioengineered Chitosan–Collagen–Honey Sponges: Physicochemical, Antibacterial, and In Vitro Healing Properties for Enhan"
PMC12431070,1,T a b l e   2,Chromatic parameter quantification of chitosan–collagen–honey sponges.,6,5,True,PMC12431070_t1.csv,"Bioengineered Chitosan–Collagen–Honey Sponges: Physicochemical, Antibacterial, and In Vitro Healing Properties for Enhan"
PMC12431070,2,T a b l e   3,Porosity degree and barrier properties of chitosan–collagen–honey sponges.,6,4,True,PMC12431070_t2.csv,"Bioengineered Chitosan–Collagen–Honey Sponges: Physicochemical, Antibacterial, and In Vitro Healing Properties for Enhan"
PMC12431070,3,T a b l e   4,Mechanical properties of chitosan–collagen–honey sponges.,6,5,True,PMC12431070_t3.csv,"Bioengineered Chitosan–Collagen–Honey Sponges: Physicochemical, Antibacterial, and In Vitro Healing Properties for Enhan"
PMC12432216,0,T a b l e   1,Analyzing the phenolic and flavonoid components in the ethanol extract of  A. mellifera  beeswax using high performance liquid chromatography.,14,3,True,PMC12432216_t0.csv,Exploring the potential of hydro alcoholic crude extract of beeswax as antibacterial antifungal antiviral antiinflammato
PMC12432216,1,T a b l e   2,Antimicrobial activities of  A. mellifera  beeswax against different pathogenic microorganisms.,10,3,True,PMC12432216_t1.csv,Exploring the potential of hydro alcoholic crude extract of beeswax as antibacterial antifungal antiviral antiinflammato
PMC12434934,0,T a b l e   1,Descriptive Summary of Included Studies,7,8,True,PMC12434934_t0.csv,The Elimination Effect of Medical-Grade Honey on 
PMC12434934,1,T a b l e   2,Quality Assessment for Included Studies Using QUIN Tool,13,9,True,PMC12434934_t1.csv,The Elimination Effect of Medical-Grade Honey on 
PMC12466729,0,T a b l e   1,"Average of inhibition zones, MICs, and MBCs of tested products against the CCUG 56172 strain.",10,4,True,PMC12466729_t0.csv,Honey Compounds Exhibit Antibacterial Effects Against 
PMC12466729,1,T a b l e   2,Different values of the physicochemical analyzed items of honey samples and royal jelly.,9,7,True,PMC12466729_t1.csv,Honey Compounds Exhibit Antibacterial Effects Against 
PMC12466729,2,T a b l e   3,"Magnesium, potassium, and zinc content in honey and royal jelly samples.",9,7,True,PMC12466729_t2.csv,Honey Compounds Exhibit Antibacterial Effects Against 
PMC12466729,3,T a b l e   4,"Hydrogen peroxide, antioxidant activity, vitamin C content, and color of tested products.",9,8,True,PMC12466729_t3.csv,Honey Compounds Exhibit Antibacterial Effects Against 
PMC12466729,4,T a b l e   5,Pearson correlation between MIC and measured bioactive compounds in honeys/RJ samples.,2,8,True,PMC12466729_t4.csv,Honey Compounds Exhibit Antibacterial Effects Against 
PMC12466729,5,T a b l e   6,"Tested samples, their botanical and geographical origins as well as their harvest seasons.",9,5,True,PMC12466729_t5.csv,Honey Compounds Exhibit Antibacterial Effects Against 
PMC12466729,6,T a b l e   7,Color designations of honey.,8,3,True,PMC12466729_t6.csv,Honey Compounds Exhibit Antibacterial Effects Against 
PMC12466729,7,,,36,2,True,PMC12466729_t7.csv,Honey Compounds Exhibit Antibacterial Effects Against 
PMC12488946,0,T a b l e   1,Comparison of the antibacterial activity of the green-synthesized H-Ag nps.using the aqueous honey solution with biosynthesized ag nps.,10,5,True,PMC12488946_t0.csv,Exploring the novel paper wasp (
PMC12507334,0,T a b l e   1,Honey dewatering and total energy consumption for each test.,4,4,True,PMC12507334_t0.csv,Enhancing antioxidant activity and quality of 
PMC12507334,1,T a b l e   2,Physicochemical parameters of 0 H and 96 H TCH.,12,4,True,PMC12507334_t1.csv,Enhancing antioxidant activity and quality of 
PMC12507334,2,T a b l e   3,"Correlation matrix between TPC, TFC, and antioxidant capacity in TCH ( n  = 5).",6,6,True,PMC12507334_t2.csv,Enhancing antioxidant activity and quality of 
PMC12507962,0,T a b l e   1,Water content and selected sugars in honey from different regions of the world,13,7,True,PMC12507962_t0.csv,From hive to laboratory – biotechnological potential of microorganisms from honey
PMC12507962,1,T a b l e   2,Species of bacteria isolated from honey in different regions of the world,22,4,True,PMC12507962_t1.csv,From hive to laboratory – biotechnological potential of microorganisms from honey
PMC12507962,2,T a b l e   3,Species of fungi isolated from honey in different regions of the world,44,4,True,PMC12507962_t2.csv,From hive to laboratory – biotechnological potential of microorganisms from honey
PMC12507962,3,T a b l e   4,Microorganisms isolated from honey and their biotechnological potential,12,4,True,PMC12507962_t3.csv,From hive to laboratory – biotechnological potential of microorganisms from honey
PMC12532491,0,T a b l e   1,Antibacterial activity of honey at different concentrations against pathogenic bacteria.,7,6,True,PMC12532491_t0.csv,In Vitro Antibacterial Activity of Raw Honey From 
PMC12557328,0,T a b l e   1,"Chitosan, PVA, aloe vera gel, honey, and citric acid in different proportions by volume",9,7,True,PMC12557328_t0.csv,Citric acid cross-linked honey and aloe vera gel loaded chitosan hydrogels for wound dressing applications
PMC12557328,1,T a b l e   2,Physiochemical parameters of hydrogels,9,5,True,PMC12557328_t1.csv,Citric acid cross-linked honey and aloe vera gel loaded chitosan hydrogels for wound dressing applications
PMC12564397,0,T a b l e   1,Antibacterial effects of bee products against acne-related bacteria.,10,4,True,PMC12564397_t0.csv,Bee Product-Based Antimicrobial Film-Forming Gels Targeting 
PMC12564397,1,T a b l e   2,Characteristics of film-forming gels.,17,5,True,PMC12564397_t1.csv,Bee Product-Based Antimicrobial Film-Forming Gels Targeting 
PMC12564397,2,T a b l e   3,Characteristics of film-forming gels containing a combination of PVA and Carbopol ®  940 and their corresponding films.,6,7,True,PMC12564397_t2.csv,Bee Product-Based Antimicrobial Film-Forming Gels Targeting 
PMC12564397,3,T a b l e   4,"Characteristics of film-forming gels containing a combination of PVA and Carbopol ®  940, with PEG 400 or glycerin as plasticizers, and their corresponding films.",9,9,True,PMC12564397_t3.csv,Bee Product-Based Antimicrobial Film-Forming Gels Targeting 
PMC12564397,4,T a b l e   5,Characteristics of film-forming gels containing bee products.,6,4,True,PMC12564397_t4.csv,Bee Product-Based Antimicrobial Film-Forming Gels Targeting 
PMC12564397,5,T a b l e   6,Antibacterial activity of film-forming gel formulations containing bee products.,7,4,True,PMC12564397_t5.csv,Bee Product-Based Antimicrobial Film-Forming Gels Targeting 
PMC12564397,6,,,11,2,False,PMC12564397_t6.csv,Bee Product-Based Antimicrobial Film-Forming Gels Targeting 
PMC12588269,0,T a b l e   1,Important features of honey bee gut microbes and their activity against  Paenibacillus larvae  and  Melissococcus plutonius .,25,4,True,PMC12588269_t0.csv,Probiotics and postbiotics: a promising prophylactic measure for American foulbrood and European foulbrood diseases of h
PMC12588269,1,T a b l e   2,Postbiotic metabolites produced by probiotic bacteria demonstrating inhibitory effects against  Paenibacillus larvae  and  Melissococcus plutonius .,23,5,True,PMC12588269_t1.csv,Probiotics and postbiotics: a promising prophylactic measure for American foulbrood and European foulbrood diseases of h
PMC12607591,0,T a b l e   1,Palynological analysis of the analyzed linden honey samples.,4,9,True,PMC12607591_t0.csv,Antimicrobial and Biofilm Inhibiting Potential of Two Romanian Linden Honeys
PMC12607591,1,T a b l e   2,"Physico-chemical properties and mineral content of linden honey from the hilly area of Banat: water content (WC) (%), impurities (IC) (%), ash (AC) (g/100 g), acidity (A) (VNaOH) (mL), pH, reducing sugars (RS) (%), DPPH (%), and phenolic compounds (TPC) (mg/kg).",11,9,True,PMC12607591_t1.csv,Antimicrobial and Biofilm Inhibiting Potential of Two Romanian Linden Honeys
PMC12607591,2,T a b l e   3,"Results of PC 1  and PC 2  principal components and corresponding vectors for honey physicochemical properties: water content (WC) (%), impurities (IC) (%), ash (AC) (g/100 g), acidity (A) (VNaOH) (mL), pH, reducing sugars (RS) (%), DPPH (%), and phenolic compounds (TPC) (mg/kg).",13,5,True,PMC12607591_t2.csv,Antimicrobial and Biofilm Inhibiting Potential of Two Romanian Linden Honeys
PMC12607591,3,T a b l e   4,"Results of the principal components PC 1  and PC 2  and the corresponding vectors for the mineral composition of the analyzed linden honey. (Copper (Cu), Nickel (Ni), Chromium (Cr), Lead (Pb), Zinc (Zn), Iron (Fe), Manganese (Mn), Calcium (Ca), Magnesium (Mg), Potassium (K), and Copper (Cu)).",16,5,True,PMC12607591_t3.csv,Antimicrobial and Biofilm Inhibiting Potential of Two Romanian Linden Honeys
PMC12607591,4,,,17,2,True,PMC12607591_t4.csv,Antimicrobial and Biofilm Inhibiting Potential of Two Romanian Linden Honeys
PMC12607774,0,T a b l e   1,"Bee-derived products: main bioactive compounds, biological activities, and evidence in aquaculture.",16,6,True,PMC12607774_t0.csv,"Bee-Derived Products in Aquaculture Nutrition: A Comprehensive Review of Impacts on Fish Performance, Health, and Produc"
PMC12607774,1,T a b l e   2,Main experimental evidence on bee pollen supplementation in fish species.,13,6,True,PMC12607774_t1.csv,"Bee-Derived Products in Aquaculture Nutrition: A Comprehensive Review of Impacts on Fish Performance, Health, and Produc"
PMC12607774,2,T a b l e   3,Main experimental evidence on propolis supplementation in fish species.,16,6,True,PMC12607774_t2.csv,"Bee-Derived Products in Aquaculture Nutrition: A Comprehensive Review of Impacts on Fish Performance, Health, and Produc"
PMC12608498,0,T a b l e   1,Botanical origin—percentage index of apicultural species presents in avocado honey ( Persea americana  Mill.).,7,3,True,PMC12608498_t0.csv,"Compound Annotation by UHPLC-MS/MS, Quantification of Phenolic Compounds and Antimicrobial Activity of Monofloral Avocad"
PMC12608498,1,T a b l e   2,Compounds annotated by UHPLC-ESI-MS/MS in avocado honey and compared with literature data.,11,8,True,PMC12608498_t1.csv,"Compound Annotation by UHPLC-MS/MS, Quantification of Phenolic Compounds and Antimicrobial Activity of Monofloral Avocad"
PMC12608498,2,T a b l e   3,Results of minimum inhibitory concentration/minimum bactericidal concentration (MIC/MBC).,11,5,True,PMC12608498_t2.csv,"Compound Annotation by UHPLC-MS/MS, Quantification of Phenolic Compounds and Antimicrobial Activity of Monofloral Avocad"
PMC12608498,3,,,42,2,True,PMC12608498_t3.csv,"Compound Annotation by UHPLC-MS/MS, Quantification of Phenolic Compounds and Antimicrobial Activity of Monofloral Avocad"
PMC12623280,0,T a b l e   1,Treatment methods of human viruses,19,4,False,PMC12623280_t0.csv,Bee products as alternatives in the treatment of viral infections
PMC12623280,1,T a b l e   2,Summary of antiviral activity of bee products,87,8,True,PMC12623280_t1.csv,Bee products as alternatives in the treatment of viral infections
PMC12686235,0,T a b l e   1,The effect of some cultural and nutritional parameters on the molecular weight of the precipitated polysaccharide as well as  Bacillus subtilis  EGY1 glucansucrase productivity,18,9,True,PMC12686235_t0.csv,
PMC12686235,1,T a b l e   2,Prebiotic activity,6,4,True,PMC12686235_t1.csv,
PMC12686235,2,T a b l e   3,MIC values,6,3,True,PMC12686235_t2.csv,
PMC12686235,3,T a b l e   4,Fibrinolytic and anticoagulant activities,7,3,True,PMC12686235_t3.csv,
PMC12686235,4,T a b l e   5,Plackett–Burman design,9,9,True,PMC12686235_t4.csv,
PMC12686235,5,T a b l e   6,Box-Behnken design,17,5,True,PMC12686235_t5.csv,
PMC12686235,6,T a b l e   7,BB design for optimizing the immobilizers construction,18,5,True,PMC12686235_t6.csv,
PMC12686235,7,T a b l e   8,Thermo-kinetic parameters,6,7,False,PMC12686235_t7.csv,
PMC12692610,0,T a b l e   1,Appearance and optical properties of native and octenyl-succinylated maize starch-based films with HBE.,14,8,False,PMC12692610_t0.csv,Impact of Octenyl Succinylation and Bee Products on Maize Starch Films and Apple Storage Quality
PMC12692610,1,T a b l e   2,The results of thickness and water barrier properties of native and esterified (OSA) maize starch-based films with or without honey-bee extract.,14,6,True,PMC12692610_t1.csv,Impact of Octenyl Succinylation and Bee Products on Maize Starch Films and Apple Storage Quality
PMC12692610,2,T a b l e   3,Mechanical and thermal properties of native and OSA maize starch films without and HBE.,14,7,False,PMC12692610_t2.csv,Impact of Octenyl Succinylation and Bee Products on Maize Starch Films and Apple Storage Quality
PMC12692610,3,T a b l e   4,"Total phenolic content, antioxidant activity, and phenolic profile of native and octenyl-succinylated maize starch-based films with HBE.",15,4,True,PMC12692610_t3.csv,Impact of Octenyl Succinylation and Bee Products on Maize Starch Films and Apple Storage Quality
PMC12692610,4,T a b l e   5,Effects of HBE incorporation on the inhibition zone of native and octenyl-succinylated maize starch-based films against Gram-positive and Gram-negative bacteria.,14,13,True,PMC12692610_t4.csv,Impact of Octenyl Succinylation and Bee Products on Maize Starch Films and Apple Storage Quality
PMC12692610,5,T a b l e   6,Quality parameters of apple slices before and after 7-day storage in films based on native and octenyl-succinylated maize starch-based films with HBE.,7,5,True,PMC12692610_t5.csv,Impact of Octenyl Succinylation and Bee Products on Maize Starch Films and Apple Storage Quality
PMC12730059,0,T a b l e   1,"Minimum inhibitory concentration (MIC, mg/mL) and minimum bactericidal concentration (MBC, mg/mL) of  Protegol .",18,3,True,PMC12730059_t0.csv,"Exploring the Antibacterial, Anti-Inflammatory, and Antioxidant Properties of the Natural Food Supplement “"
PMC12751296,0,T a b l e   1,"Physicochemical parameters of four types of honey collected from the apiary of AAU, Jorhat, Assam.",16,6,True,PMC12751296_t0.csv,Comparative nutritional and antioxidant profiling of Assam honeys: unveiling the untapped bioactivity of stingless bee h
PMC12751296,1,T a b l e   2,"Total phenol, flavonoid and antioxidant properties of four types of honey collected from the apiary of AAU, Jorhat, Assam.",6,5,True,PMC12751296_t1.csv,Comparative nutritional and antioxidant profiling of Assam honeys: unveiling the untapped bioactivity of stingless bee h
PMC12751895,0,T a b l e   1,Primer sequences of target genes,6,3,False,PMC12751895_t0.csv,Combined effects of honey and silver nanoparticles on wound healing in human dermal fibroblast cells
PMC12751895,1,T a b l e   2,Biochemical analysis of honey samples,4,4,True,PMC12751895_t1.csv,Combined effects of honey and silver nanoparticles on wound healing in human dermal fibroblast cells
PMC12751895,2,T a b l e   3,MIC and MBC of honeys and AgNPs against tested bacteria,7,7,True,PMC12751895_t2.csv,Combined effects of honey and silver nanoparticles on wound healing in human dermal fibroblast cells
PMC12751895,3,T a b l e   4,FIC value for the combination of honey with AgNPs,6,4,True,PMC12751895_t3.csv,Combined effects of honey and silver nanoparticles on wound healing in human dermal fibroblast cells
PMC12786090,0,T a b l e   1,Botanical and geographical origins of the honey samples.,4,7,True,PMC12786090_t0.csv,"Evaluation of the Antioxidant, Antibacterial Activity and Volatile Components of Three Distinctive "
PMC12786090,1,T a b l e   2,EC 50  values for the scavenging of DPPH free radicals in three types of honey.,4,3,True,PMC12786090_t1.csv,"Evaluation of the Antioxidant, Antibacterial Activity and Volatile Components of Three Distinctive "
PMC12786090,2,T a b l e   3,EC 50  values for the scavenging of ABTS free radicals in three types of honey.,4,3,True,PMC12786090_t2.csv,"Evaluation of the Antioxidant, Antibacterial Activity and Volatile Components of Three Distinctive "
PMC12786090,3,T a b l e   4,Diameter of the bacteriostatic zone of honey samples against microorganisms.,11,3,True,PMC12786090_t3.csv,"Evaluation of the Antioxidant, Antibacterial Activity and Volatile Components of Three Distinctive "
PMC12786090,4,T a b l e   5,"Core chemical families, unique volatile compounds and potential marker substances in three types of honey.",4,4,True,PMC12786090_t4.csv,"Evaluation of the Antioxidant, Antibacterial Activity and Volatile Components of Three Distinctive "
PMC12786090,5,,,4,2,True,PMC12786090_t5.csv,"Evaluation of the Antioxidant, Antibacterial Activity and Volatile Components of Three Distinctive "
PMC12821595,0,T a b l e   1,Average chemical composition of honey per 100 g.,11,6,True,PMC12821595_t0.csv,Medicinal Honeys from Oceania: An Updated Review on Their Bioactive Constituents and Health Applications
PMC12821595,1,T a b l e   2,Exemplificative data showing the antibacterial activity of Manuka honey.,11,4,True,PMC12821595_t1.csv,Medicinal Honeys from Oceania: An Updated Review on Their Bioactive Constituents and Health Applications
PMC12821595,2,T a b l e   3,Exemplificative data showing the antibacterial activity of Jarrah honey.,13,4,True,PMC12821595_t2.csv,Medicinal Honeys from Oceania: An Updated Review on Their Bioactive Constituents and Health Applications
PMC12821595,3,T a b l e   4,Exemplificative data showing the antibacterial activity of Agastache honey.,8,4,True,PMC12821595_t3.csv,Medicinal Honeys from Oceania: An Updated Review on Their Bioactive Constituents and Health Applications
PMC12843669,0,T a b l e   1,"Cosmetic products tested and their respective cosmetic preservatives. For each cosmetic product, three different lots were selected.",4,1,True,PMC12843669_t0.csv,"Quantitative Assessment of Total Aerobic Viable Counts in Apitoxin-, Royal-Jelly-, Propolis-, Honey-, and Bee-Pollen-Bas"
PMC12843669,1,T a b l e   2,"The linearity data obtained for the calibration curves constructed for  S. aureus ,  E. coli ,  P. aeruginosa ,  C. albicans , and  A. brasiliensis  of each bee-made product.",16,6,True,PMC12843669_t1.csv,"Quantitative Assessment of Total Aerobic Viable Counts in Apitoxin-, Royal-Jelly-, Propolis-, Honey-, and Bee-Pollen-Bas"
PMC12843669,2,T a b l e   3,Accuracy. The goodness-of-fit test (Pearson’s) and correlation coefficients obtained for all bee-derived products.,16,5,True,PMC12843669_t2.csv,"Quantitative Assessment of Total Aerobic Viable Counts in Apitoxin-, Royal-Jelly-, Propolis-, Honey-, and Bee-Pollen-Bas"
PMC12843669,3,T a b l e   4,Limit of detection (LOD) and quantification (LOQ) for the RSM and the AGBS at the lowest microbial threshold before total decay in response (SD: standard deviation).,17,8,True,PMC12843669_t3.csv,"Quantitative Assessment of Total Aerobic Viable Counts in Apitoxin-, Royal-Jelly-, Propolis-, Honey-, and Bee-Pollen-Bas"
PMC12843669,4,T a b l e   5,Precision of alternative and traditional methods for each bee-made product.,16,8,True,PMC12843669_t4.csv,"Quantitative Assessment of Total Aerobic Viable Counts in Apitoxin-, Royal-Jelly-, Propolis-, Honey-, and Bee-Pollen-Bas"
PMC12843780,0,T a b l e   1,"Experimental assays for biophysical studying human erythrocytes and rat liver mitochondria in the presence of sub-lytic, pre-pore concentrations of bee venom melittin from  Apis mellifera . IM, intact mitochondria; NIM, non-intact mitochondria.",6,11,True,PMC12843780_t0.csv,On the Effect of Melittin on Surface Properties of Erythrocyte and Mitochondrial Membranes
PMC12861962,0,T a b l e   1,The morphological characteristic of the seven honeys bacterial isolates.,8,5,True,PMC12861962_t0.csv,"Potential antibacterial, antioxidant and anticancer activities of Nigerian mountain honey in relation to its bacterial f"
PMC12861962,1,T a b l e   2,Lists selected identified microorganisms with identity percentages.,8,6,True,PMC12861962_t1.csv,"Potential antibacterial, antioxidant and anticancer activities of Nigerian mountain honey in relation to its bacterial f"
PMC12861962,2,T a b l e   3,The qualitative production of catalase by the seven honey bacterial isolates.,9,2,True,PMC12861962_t2.csv,"Potential antibacterial, antioxidant and anticancer activities of Nigerian mountain honey in relation to its bacterial f"
PMC12861962,3,T a b l e   4,The antimicrobial activity of the mountain honey and its isolates against different pathogenic microbes.,8,9,True,PMC12861962_t3.csv,"Potential antibacterial, antioxidant and anticancer activities of Nigerian mountain honey in relation to its bacterial f"
PMC12861962,4,T a b l e   5,The cytotoxicity of different levans types.,10,2,True,PMC12861962_t4.csv,"Potential antibacterial, antioxidant and anticancer activities of Nigerian mountain honey in relation to its bacterial f"
PMC12865730,0,T A B L E   1,"Health effects of bee products: In vitro, animal and human studies.",29,6,True,PMC12865730_t0.csv,Health Effects of Bee Products: A Comprehensive Review
PMC12868793,0,T a b l e   1,"LD 50  contact and oral of PTS and PTSO for short-lived spring honeybees, expressed in µg of test substance per bee, and 95% confidence intervals (CI) for each experimental group.",5,4,True,PMC12868793_t0.csv,Assessing the safety of two organosulfur compounds derived from onion in western honey bee (
PMC12868793,1,T a b l e   2,Relative Median Potency (RMP) analysis. RMP values represent the direct ratio of LD50 estimates between experimental groups. A RMP greater than 1 indicates that the first group has a higher LD50 (lower toxicity) than the second group. Statistical significance was assessed using 95% confidence intervals (CI). An interval including the value of 1 indicates no significant differences.,5,5,False,PMC12868793_t1.csv,Assessing the safety of two organosulfur compounds derived from onion in western honey bee (
PMC12868793,2,T a b l e   3,"Concentrations of test substances evaluated, and controls used in the limit test for the determination of acute contact toxicity and acute oral toxicity.",13,3,True,PMC12868793_t2.csv,Assessing the safety of two organosulfur compounds derived from onion in western honey bee (
PMC12891082,0,T a b l e   1,Minimum inhibitory concentrations of Biocidin ®  against several microbial species.,7,3,True,PMC12891082_t0.csv,Activity of Biocidin
PMC12929673,0,T a b l e   1,Details of antimicrobial activity and chemical properties measured for honey samples in this study.,60,5,True,PMC12929673_t0.csv,Diverse Forage Enhances the Antimicrobial Potency of Australian Honey
PMC12963514,0,T A B L E   1,"Visual MIC, spectrophotometric MIC 95  and MBC (% w/v) of manuka honey for eight bacterial strains isolated from infected corneal ulcerations in horses and two reference bacterial strains.",11,4,True,PMC12963514_t0.csv,"In Vitro Activity of Manuka Honey, Either Alone or in Combination With Topical Antibiotics, Against Bacteria Commonly Fo"
PMC12963514,1,T A B L E   2,"Number of observations per bacterial species group and number, percentage,  p ‐value and conclusion of additive, reduced and indifferent effect of 5% manuka honey combined with different antibiotics using disk diffusion test.",22,8,True,PMC12963514_t1.csv,"In Vitro Activity of Manuka Honey, Either Alone or in Combination With Topical Antibiotics, Against Bacteria Commonly Fo"
PMC12963514,2,T A B L E   3,"Number of observations per bacterial species group and number, percentage,  p ‐value and conclusion of additive, reduced and indifferent effect of 5% manuka honey combined with different antibiotics using E‐test.",16,8,True,PMC12963514_t2.csv,"In Vitro Activity of Manuka Honey, Either Alone or in Combination With Topical Antibiotics, Against Bacteria Commonly Fo"
PMC12966754,0,T a b l e   1,"Biochemical, physicochemical, and antibacterial characteristics of honey samples (n = 99).",100,6,True,PMC12966754_t0.csv,Divergent polyphenolic modulation of glucose oxidase activity across honey types: Implications for medical-grade honey s
PMC12992230,0,T a b l e   1,Starting average concentrations of MPO in PMA-stimulated neutrophil culture supernatant (pg/mL).,11,2,True,PMC12992230_t0.csv,"Manuka honey and its component, methyl syringate, shift neutrophil release profiles from pro-inflammatory while preservi"
PMC12992230,1,T a b l e   2,Starting average concentrations of MMP-9 in PMA-stimulated neutrophil culture supernatant (pg/mL).,11,2,True,PMC12992230_t1.csv,"Manuka honey and its component, methyl syringate, shift neutrophil release profiles from pro-inflammatory while preservi"
PMC12992230,2,T a b l e   3,Starting average concentrations of IL-8 in PMA-stimulated neutrophil culture supernatant (pg/mL).,11,2,True,PMC12992230_t2.csv,"Manuka honey and its component, methyl syringate, shift neutrophil release profiles from pro-inflammatory while preservi"
PMC12992230,3,T a b l e   4,Starting average concentrations of HGF in PMA-stimulated neutrophil culture supernatant (pg/mL).,11,2,True,PMC12992230_t3.csv,"Manuka honey and its component, methyl syringate, shift neutrophil release profiles from pro-inflammatory while preservi"
PMC12992230,4,T a b l e   5,Starting average concentrations of VEGF-A in PMA-stimulated neutrophil culture supernatant (pg/mL).,11,2,True,PMC12992230_t4.csv,"Manuka honey and its component, methyl syringate, shift neutrophil release profiles from pro-inflammatory while preservi"
PMC12994052,0,T a b l e   1,Formulations and sources of culture media.,8,3,True,PMC12994052_t0.csv,Characterization of microbial community and yeast functional traits in 
PMC12994052,1,T a b l e   2,Tolerance of four yeast strains to ethanol.,7,6,False,PMC12994052_t1.csv,Characterization of microbial community and yeast functional traits in 
PMC12994052,2,T a b l e   3,Tolerance of four yeast strains to pH.,7,5,True,PMC12994052_t2.csv,Characterization of microbial community and yeast functional traits in 
PMC12994052,3,T a b l e   4,Tolerance of four yeast strains to glucose.,7,5,True,PMC12994052_t3.csv,Characterization of microbial community and yeast functional traits in 
PMC12994052,4,T a b l e   5,Tolerance of four yeast strains to SO 2 .,7,6,True,PMC12994052_t4.csv,Characterization of microbial community and yeast functional traits in 
PMC12994052,5,T a b l e   6,Sugar fermentation capacity of four yeast strains.,6,4,True,PMC12994052_t5.csv,Characterization of microbial community and yeast functional traits in 
PMC13028829,0,T a b l e   1,"Retention time, relative standard deviation in retention time (RSD %), R 2 , LOD, and LOQ of the organic acids.",4,6,False,PMC13028829_t0.csv,Probiotic Assessment of Lactic Acid Bacteria Strains and Consortia for Enhancing Honey Bee Health and Nutrition
PMC13035723,0,T a b l e   1,Median minimal inhibitory concentrations (MICs) of 14 antibiotic agents for three  Klebsiella oxytoca  and six  Klebsiella pneumoniae  isolates compared to type strain  Klebsiella pneumoniae ssp. pneumoniae  DSM 30104.,16,4,True,PMC13035723_t0.csv,
PMC13035723,1,T a b l e   2,Median minimal inhibitory concentrations (MICs) of 14 antibiotic agents for six  Streptococcus uberis  isolates compared to type strain  Streptococcus uberis  DSM 20569.,16,3,True,PMC13035723_t1.csv,
PMC13035723,2,T a b l e   3,Median minimal inhibitory concentrations (MICs) of four potential antimicrobial substances for three  Klebsiella oxytoca  and six  Klebsiella pneumoniae  isolates compared to type strain  Klebsiella pneumoniae ssp. pneumoniae  DSM 30104.,6,4,True,PMC13035723_t2.csv,
PMC13035723,3,T a b l e   4,Median minimal inhibitory concentrations (MICs) of four potential antimicrobial substances for six  Streptococcus uberis  isolates compared to type strain  Streptococcus uberis  DSM 20569.,6,3,True,PMC13035723_t3.csv,
PMC13035723,4,T a b l e   5,Minimal bactericidal concentrations (MBCs) of three potential antimicrobial substances for one  Klebsiella oxytoca  and one  Klebsiella pneumoniae  isolate and reduction of bacterial concentration compared to positive control.,6,5,True,PMC13035723_t4.csv,
PMC13035723,5,T a b l e   6,Minimal bactericidal concentrations (MBCs) of three potential antimicrobial substances for one  Streptococcus uberis  isolate and reduction of bacterial concentration compared to positive control.,6,3,True,PMC13035723_t5.csv,
PMC13035723,6,T a b l e   7,Results of time-kill assay of three potential antimicrobial substances for one  Klebsiella oxytoca  and one  Klebsiella pneumoniae  isolate and reduction of bacterial concentration compared to positive control.,9,6,True,PMC13035723_t6.csv,
PMC13035723,7,T a b l e   8,Results of time-kill assay of three potential antimicrobial substances for one  S. uberis  isolate and reduction of bacterial concentration compared to positive control.,11,6,True,PMC13035723_t7.csv,
PMC13068764,0,T a b l e   1,"MIC (% (v/v)) and MBC/MFC (% (v/v)) values of honey against  S. epidermidis ,  S. aureus , MRSA,  C. acnes  and  C. albicans",6,4,True,PMC13068764_t0.csv,Evaluation of the Antimicrobial Potential of Malaysian Kelulut Honeydew Honey Against Acne Pathogens
PMC13068764,1,T a b l e   2,Known bioactive compounds of Kelulut dew honey with their known and uncharacterized (N/A) antimicrobial properties,15,8,True,PMC13068764_t1.csv,Evaluation of the Antimicrobial Potential of Malaysian Kelulut Honeydew Honey Against Acne Pathogens
PMC13072155,0,T a b l e   1,MICs (µg/mL) determination and antibiotic resistance profile of antibiotics for six strains isolated from exudative skin lesions in dogs.,20,7,True,PMC13072155_t0.csv,Chilean Honey as Alternative Antibacterial: In Vitro Activity Against Multidrug-Resistant Canine Bacterial Pathogens
PMC13072155,1,T a b l e   2,Minimum inhibitory concentration (MIC) of Chilean honey extracts against multidrug-resistant (MDR) canine bacterial isolates.,9,5,True,PMC13072155_t1.csv,Chilean Honey as Alternative Antibacterial: In Vitro Activity Against Multidrug-Resistant Canine Bacterial Pathogens
PMC13072155,2,T a b l e   3,Pairwise comparisons of antimicrobial activity among honey types obtained using Dunn’s test with Bonferroni correction.,7,2,True,PMC13072155_t2.csv,Chilean Honey as Alternative Antibacterial: In Vitro Activity Against Multidrug-Resistant Canine Bacterial Pathogens
PMC13072155,3,T a b l e   4,Dose-dependent inhibition of bacterial growth by increasing honey concentrations (%  w / v ).,11,3,True,PMC13072155_t3.csv,Chilean Honey as Alternative Antibacterial: In Vitro Activity Against Multidrug-Resistant Canine Bacterial Pathogens
PMC13072155,4,T a b l e   5,"Phenolic content, flavonoids, and antioxidant capacity (FRAP) of Chilean honey samples across apiaries and seasons.",8,4,True,PMC13072155_t4.csv,Chilean Honey as Alternative Antibacterial: In Vitro Activity Against Multidrug-Resistant Canine Bacterial Pathogens
PMC13072155,5,,,37,2,True,PMC13072155_t5.csv,Chilean Honey as Alternative Antibacterial: In Vitro Activity Against Multidrug-Resistant Canine Bacterial Pathogens
PMC13073754,0,T a b l e   1,Summary of the anticancer properties of Syringic Acid.,9,3,True,PMC13073754_t0.csv,Recent Progress on Polyphenols of Malaysian Honey and Their Molecular Mechanism Pathways in Cancer—A Comprehensive Revie
PMC13073754,1,T a b l e   2,Summary of anticancer activity of quercetin.,9,3,True,PMC13073754_t1.csv,Recent Progress on Polyphenols of Malaysian Honey and Their Molecular Mechanism Pathways in Cancer—A Comprehensive Revie
PMC13073754,2,T a b l e   3,Summary of the anticancer properties of acacetin and its mechanisms.,9,3,True,PMC13073754_t2.csv,Recent Progress on Polyphenols of Malaysian Honey and Their Molecular Mechanism Pathways in Cancer—A Comprehensive Revie
PMC13073754,3,T a b l e   4,Summary of Pinocembrin and its anticancer activities.,7,3,True,PMC13073754_t3.csv,Recent Progress on Polyphenols of Malaysian Honey and Their Molecular Mechanism Pathways in Cancer—A Comprehensive Revie
PMC13073754,4,T a b l e   5,Anticancer mechanism and pathway of pinobanksin and propolis.,6,3,True,PMC13073754_t4.csv,Recent Progress on Polyphenols of Malaysian Honey and Their Molecular Mechanism Pathways in Cancer—A Comprehensive Revie
PMC13073754,5,,,55,3,True,PMC13073754_t5.csv,Recent Progress on Polyphenols of Malaysian Honey and Their Molecular Mechanism Pathways in Cancer—A Comprehensive Revie
PMC13073754,6,,,35,5,True,PMC13073754_t6.csv,Recent Progress on Polyphenols of Malaysian Honey and Their Molecular Mechanism Pathways in Cancer—A Comprehensive Revie
PMC13079122,0,T a b l e   1,Characteristics of the most effective EOs against the foulbrood bacteria.,9,3,True,PMC13079122_t0.csv,Effects of essential oils on foulbrood bacteria and honey bee workers (
PMC13079122,1,T a b l e   2,Mean values of inhibition halo diameters of EOs against  P. larvae  and  M. plutonius .,15,4,True,PMC13079122_t1.csv,Effects of essential oils on foulbrood bacteria and honey bee workers (
PMC13083383,0,T a b l e   1,"Genome annotation of lactic acid bacteria isolated from stingless bee honey ( Tetragonula biroi ,  Tetragonula sarawakensis ,  Heterotrigona itama , and  Lepidoptera terminata )",10,6,True,PMC13083383_t0.csv,"Genomic, metabolomic, and functional properties of probiotic lactic acid bacteria isolated from Indonesian stingless bee"
PMC13083383,1,T a b l e   2,Biosynthetic gene cluster (BGC) mining using antiSMASH version 7 and BAGEL4 of lactic acid bacteria genome isolated from Indonesian stingless bee honey,17,5,True,PMC13083383_t1.csv,"Genomic, metabolomic, and functional properties of probiotic lactic acid bacteria isolated from Indonesian stingless bee"
PMC13083383,2,T a b l e   3,"Probiotic properties and cell-free supernatant activity on antioxidant, antibacterial and antidiabetic in vitro assay of lactic acid bacteria isolated from Indonesian stingless bee honey",23,6,True,PMC13083383_t2.csv,"Genomic, metabolomic, and functional properties of probiotic lactic acid bacteria isolated from Indonesian stingless bee"
PMC13083383,3,T a b l e   4,The top ten metabolites produced by lactic acid bacteria isolated from Indonesian stingless bee honey. The LC-HRMS instrument was used to analyze the metabolomic profiling,12,13,True,PMC13083383_t3.csv,"Genomic, metabolomic, and functional properties of probiotic lactic acid bacteria isolated from Indonesian stingless bee"
PMC13088292,0,T A B L E   1,Recent studies demonstrate the ability of honey to be a natural therapeutic agent.,108,4,True,PMC13088292_t0.csv,Honey as a Natural Flavorful Product: A Comprehensive Review of Its Potential Biological Activities and Recent Studies
PMC13098678,0,T a b l e   1,Composition and calculated analysis of experimental basal diet during starter and grower stages.,21,4,True,PMC13098678_t0.csv,"Effect of supplementing honey via drinking water on growth performance, carcass traits, and blood biochemical parameters"
PMC13098678,1,T a b l e   2,The chemical characteristics of the honey.,12,2,True,PMC13098678_t1.csv,"Effect of supplementing honey via drinking water on growth performance, carcass traits, and blood biochemical parameters"
PMC13098678,2,T a b l e   3,Macro- and trace elements of the honey.,10,2,True,PMC13098678_t2.csv,"Effect of supplementing honey via drinking water on growth performance, carcass traits, and blood biochemical parameters"
PMC13098678,3,T a b l e   4,Effect of honey supplementation in drinking water on weekly body weight and weight gain of broiler chickens.,12,15,True,PMC13098678_t3.csv,"Effect of supplementing honey via drinking water on growth performance, carcass traits, and blood biochemical parameters"
PMC13098678,4,T a b l e   5,"Effect of honey supplementation in drinking water on the feed intake, feed conversion ratio, and water intake of broiler chicks.",12,16,True,PMC13098678_t4.csv,"Effect of supplementing honey via drinking water on growth performance, carcass traits, and blood biochemical parameters"
PMC13098678,5,T a b l e   6,Effect of honey supplementation in drinking water on the relative weight of the carcass and organs of broiler chickens at 35 d of age.,11,9,True,PMC13098678_t5.csv,"Effect of supplementing honey via drinking water on growth performance, carcass traits, and blood biochemical parameters"
PMC13098678,6,T a b l e   7,Effect of honey supplementation in drinking water on hematological parameters of broiler chickens at 35 d of age.,11,12,True,PMC13098678_t6.csv,"Effect of supplementing honey via drinking water on growth performance, carcass traits, and blood biochemical parameters"
PMC13098678,7,T a b l e   8,Effect of honey supplementation in drinking water on blood constituents and hemagglutination inhibition (HI) of broiler chickens at 35 d of age.,11,12,True,PMC13098678_t7.csv,"Effect of supplementing honey via drinking water on growth performance, carcass traits, and blood biochemical parameters"
PMC13163150,0,T A B L E   1,Summary of Manuka honey's key mechanisms mapped to wound healing phases.,6,4,True,PMC13163150_t0.csv,Clinical and Postoperative Applications of Manuka Honey in Wound Healing: An Evidence‐Based Review
PMC13163150,1,T A B L E   2,Summary of randomised controlled trials (RCTs) evaluating Manuka honey in wound healing across various indications.,10,7,True,PMC13163150_t1.csv,Clinical and Postoperative Applications of Manuka Honey in Wound Healing: An Evidence‐Based Review
PMC13163150,2,T A B L E   3,"FDA‐cleared Manuka honey wound dressings: formulations, indications and supporting levels of evidence.",6,5,True,PMC13163150_t2.csv,Clinical and Postoperative Applications of Manuka Honey in Wound Healing: An Evidence‐Based Review
PMC13165146,0,T a b l e   1,"Confirmation of the chemical markers in samples of greenish-brown propolis extract (GBPUP) from União dos Palmares, Alagoas, Brazil during a seasonality study using LC–ESI–ORBITRAP–FTMS data and MZmine software.",22,7,True,PMC13165146_t0.csv,"Seasonal Variation of a New Brazilian Greenish-Brown Propolis Type: Chemical Composition and Antioxidant, Antimicrobial,"
PMC13165146,1,T a b l e   2,Minimum inhibitory concentrations (MICs) of the greenish-brown propolis extract (GBPUP) in the broth microdilution assay.,7,13,True,PMC13165146_t1.csv,"Seasonal Variation of a New Brazilian Greenish-Brown Propolis Type: Chemical Composition and Antioxidant, Antimicrobial,"
PMC13170404,0,T a b l e   1,In vitro studies evaluating the effects of honey on enamel mineralization and demineralization MGO: methylglyoxal; MH: Manuka honey,4,3,True,PMC13170404_t0.csv,The Role of Honey in Dental Caries Prevention: A Narrative Review
PMC13170404,1,T a b l e   2,In vitro and clinical studies evaluating the antibacterial effects of honey on oral pathogens CFU: colony-forming unit; CHX: chlorhexidine; HEc-EVs: honey-derived exosome-like extracellular vesicles; MH: Manuka honey; NPA: non-peroxide activity; OH: oral hygiene; RH: raw honey,13,4,True,PMC13170404_t1.csv,The Role of Honey in Dental Caries Prevention: A Narrative Review
PMC13188358,0,T a b l e   1,Honey samples used in study,7,5,True,PMC13188358_t0.csv,"Honey as a multifunctional natural product with health-promoting potential: comparative insights into antioxidant, antim"
PMC13188358,1,T a b l e   2,"The acidity, pH values, percentage of dry matter and percentage of ash content in honey samples",7,5,True,PMC13188358_t1.csv,"Honey as a multifunctional natural product with health-promoting potential: comparative insights into antioxidant, antim"
PMC13188358,2,T a b l e   3,Sugar content values of honey samples,7,5,True,PMC13188358_t2.csv,"Honey as a multifunctional natural product with health-promoting potential: comparative insights into antioxidant, antim"
PMC13188358,3,T a b l e   4,Total phenolic content (TPC) of honey samples,7,2,True,PMC13188358_t3.csv,"Honey as a multifunctional natural product with health-promoting potential: comparative insights into antioxidant, antim"
PMC13188358,4,T a b l e   5,"DPPH, ABTS and TRP values of the analyzed honey samples",7,4,True,PMC13188358_t4.csv,"Honey as a multifunctional natural product with health-promoting potential: comparative insights into antioxidant, antim"
PMC13188358,5,T a b l e   6,Evaluation of the antigenotoxic potential of different concentrations of honey samples,22,8,True,PMC13188358_t5.csv,"Honey as a multifunctional natural product with health-promoting potential: comparative insights into antioxidant, antim"
PMC13188358,6,T a b l e   7,Minimal inhibitory concentration (MIC) and minimal microbicide concentration (MMC) of honey samples against different microbial strains,13,8,True,PMC13188358_t6.csv,"Honey as a multifunctional natural product with health-promoting potential: comparative insights into antioxidant, antim"
PMC13220480,0,T a b l e   1,"HPLC analysis results of Turkish EEP, Egyptian honey, and Egyptian royal jelly",20,8,True,PMC13220480_t0.csv,Antimicrobial potential of different bee product-loaded carboxymethyl chitosan nanoparticles against multidrug-resistant
PMC13220480,1,T a b l e   2,"Antimicrobial activity of positive controls, EEP, CMC NPs, and CMC-P NPs at 10 mg/mL on MDR gram-negative, gram-positive bacteria, and yeast clinical isolates",46,7,True,PMC13220480_t1.csv,Antimicrobial potential of different bee product-loaded carboxymethyl chitosan nanoparticles against multidrug-resistant
PMC13220480,2,T a b l e   3,"MIC and MBC determinations of EEP, CMC NPs, and CMC-P NPs on the most MDR clinical microbial isolates",21,7,True,PMC13220480_t2.csv,Antimicrobial potential of different bee product-loaded carboxymethyl chitosan nanoparticles against multidrug-resistant
PMC13220480,3,T a b l e   4,"Antimicrobial activity of positive controls, honey, CMC NPs, CMC-H NPs at 10 mg/mL on MDR gram-negative, gram-positive bacteria, and yeast clinical isolates",46,7,True,PMC13220480_t3.csv,Antimicrobial potential of different bee product-loaded carboxymethyl chitosan nanoparticles against multidrug-resistant
PMC13220480,4,T a b l e   5,"MIC and MBC determinations of Honey, CMC NPs, and CMC-H NPs on the most MDR clinical microbial isolates",21,7,True,PMC13220480_t4.csv,Antimicrobial potential of different bee product-loaded carboxymethyl chitosan nanoparticles against multidrug-resistant
PMC13220480,5,T a b l e   6,"Antimicrobial activity of royal jelly, CMC NPs, and CMC-RJ NPs at 10 mg/mL on MDR gram-negative, gram-positive bacteria, and yeast clinical isolates",46,7,True,PMC13220480_t5.csv,Antimicrobial potential of different bee product-loaded carboxymethyl chitosan nanoparticles against multidrug-resistant
PMC13220480,6,T a b l e   7,"MIC and MBC determinations of royal jelly, CMC NPs, and CMC-RJ NPs on the most MDR clinical microbial isolates",21,7,True,PMC13220480_t6.csv,Antimicrobial potential of different bee product-loaded carboxymethyl chitosan nanoparticles against multidrug-resistant
PMC13220480,7,T a b l e   8,Effect of CMC-based nano-formulations on RPE1 cell viability (%),8,5,True,PMC13220480_t7.csv,Antimicrobial potential of different bee product-loaded carboxymethyl chitosan nanoparticles against multidrug-resistant
PMC13257883,0,T a b l e   1,"The antioxidant activity and total polyphenol content (TPC) of medical-grade honeys (MGH) based on manuka honey (MH), chestnut honey (ChH), and multifloral honey (MFH). Artificial honey (AH) served as a negative control. Data represent the mean with standard deviation from three independent experiments. Different letters indicate significant differences between the tested MGHs; α = 0.05.",7,6,True,PMC13257883_t0.csv,Botanical Origin-Dependent Phytochemical Profiles and Pharmaceutical Properties of Medical-Grade Honeys: Transdermal Del
PMC13257883,1,T a b l e   2,"The composition of selected polyphenols of medical-grade honeys (MGHs) based on manuka honey (MH), chestnut honey (ChH), and multifloral honey (MFH). Data represent the mean with standard deviation from three independent experiments. Statistical analyses were performed using a one-way ANOVA using Tukey’s test. Different letters indicate significant differences in the content of individual polyphen",14,4,True,PMC13257883_t1.csv,Botanical Origin-Dependent Phytochemical Profiles and Pharmaceutical Properties of Medical-Grade Honeys: Transdermal Del
PMC13257883,2,T a b l e   3,"Permeation of selected polyphenols from medical-grade honeys (MGHs) based on manuka honey (MH), chestnut honey (ChH), and multifloral honey (MFH) after 3, 5, 8, and 24 h of incubation. Data represent the mean with standard deviation from three independent experiments. Statistical analyses were performed using a one-way ANOVA using Tukey’s test.",17,13,True,PMC13257883_t2.csv,Botanical Origin-Dependent Phytochemical Profiles and Pharmaceutical Properties of Medical-Grade Honeys: Transdermal Del
PMC13257883,3,T a b l e   4,"Accumulation in the skin of selected polyphenols after application of medical-grade honeys (MGHs) based on manuka honey (MH), chestnut honey (ChH), and multifloral honey (MFH) after 24 h of incubation. The analysis was performed on skin extraction fluid collected after completion of the 24-h skin examination. Data represent the mean with standard deviation from three independent experiments. Stati",5,13,True,PMC13257883_t3.csv,Botanical Origin-Dependent Phytochemical Profiles and Pharmaceutical Properties of Medical-Grade Honeys: Transdermal Del
PMC13279511,0,T a b l e   1,List of primers used in RT-qPCR for immune-related genes,14,4,True,PMC13279511_t0.csv,Immune response in honey bees (
PMC13297896,0,T a b l e   1,Palynological analysis of the analyzed Acacia and polyfloral honey samples.,8,9,True,PMC13297896_t0.csv,Antimicrobial and Antibiofilm Activity of Acacia and Polyfloral Honey: Physicochemical Characterization and Correlation 
PMC13297896,1,T a b l e   2,Biofilm inhibition capacity of Acacia honey and polyfloral honey.,26,7,True,PMC13297896_t1.csv,Antimicrobial and Antibiofilm Activity of Acacia and Polyfloral Honey: Physicochemical Characterization and Correlation 
PMC13297896,2,T a b l e   3,Bactericidal activity of Acacia honey and polyfloral honey.,26,7,True,PMC13297896_t2.csv,Antimicrobial and Antibiofilm Activity of Acacia and Polyfloral Honey: Physicochemical Characterization and Correlation 
PMC13297896,3,T a b l e   4,Spearman’s correlation between honey concentration and its antibacterial activity (pooled data 2021–2022).,17,5,True,PMC13297896_t3.csv,Antimicrobial and Antibiofilm Activity of Acacia and Polyfloral Honey: Physicochemical Characterization and Correlation 
PMC13297896,4,T a b l e   5,Linear regressions for the antibacterial activity of Acacia and polyfloral honey (pooled data 2021–2022).,28,4,True,PMC13297896_t4.csv,Antimicrobial and Antibiofilm Activity of Acacia and Polyfloral Honey: Physicochemical Characterization and Correlation 
PMC13297896,5,T a b l e   6,Physicochemical properties of different honey types.,20,5,True,PMC13297896_t5.csv,Antimicrobial and Antibiofilm Activity of Acacia and Polyfloral Honey: Physicochemical Characterization and Correlation 
PMC13297896,6,T a b l e   7,Physicochemical properties of different honey types (pooled data 2021–2022).,20,4,True,PMC13297896_t6.csv,Antimicrobial and Antibiofilm Activity of Acacia and Polyfloral Honey: Physicochemical Characterization and Correlation 
PMC13297896,7,,,7,2,True,PMC13297896_t7.csv,Antimicrobial and Antibiofilm Activity of Acacia and Polyfloral Honey: Physicochemical Characterization and Correlation 
PMC13315830,0,T a b l e   1,"The minimum inhibitory concentrations in % v/v of southern African honey samples against three clinical  H. pylori  strains and the mean across all three strains, represented at mean ± standard deviation.",83,4,True,PMC13315830_t0.csv,South African Honey: Anti‐
PMC13315830,1,T a b l e   2,"The minimum inhibitory concentrations in  μ g/mL of antibiotics against three clinical  H. pylori  strains, represented at mean ± standard deviation.",7,4,True,PMC13315830_t1.csv,South African Honey: Anti‐
PMC13315830,2,T a b l e   3,The minimum inhibitory concentrations in % v/v of honey combined with one of three  Lactobacillus / Lacticaseibacillus  species against three  H. pylori  strains.,86,10,True,PMC13315830_t2.csv,South African Honey: Anti‐
PMC13315830,3,T a b l e   4,The hydrogen peroxide (H 2 O 2 ) content in mg/mL/h of selected honey samples.,27,2,True,PMC13315830_t3.csv,South African Honey: Anti‐
PMC13347724,0,T a b l e   1 A,Physicochemical properties of Turkish honey samples,6,6,True,PMC13347724_t0.csv,In Vitro Antimicrobial Activity of Five Turkish Honey Types Against Otitis Externa Pathogens: A Comparative Study
PMC13347724,1,T a b l e   1 B,Biochemical composition of Turkish honey samples,6,6,True,PMC13347724_t1.csv,In Vitro Antimicrobial Activity of Five Turkish Honey Types Against Otitis Externa Pathogens: A Comparative Study
PMC13347724,2,T a b l e   2,Minimum Inhibitory Concentrations (MICs) of Turkish honey types against otitis externa pathogens,9,6,True,PMC13347724_t2.csv,In Vitro Antimicrobial Activity of Five Turkish Honey Types Against Otitis Externa Pathogens: A Comparative Study
PMC13347724,3,T a b l e   3,Antimicrobial spectrum analysis of Turkish honey types,6,5,True,PMC13347724_t3.csv,In Vitro Antimicrobial Activity of Five Turkish Honey Types Against Otitis Externa Pathogens: A Comparative Study
PMC13350941,0,T a b l e   1,"The primer sequences of  gtfB ,  gtfC  and  gtfD  genes.",9,2,False,PMC13350941_t0.csv,Natural compounds for preventing dental caries by evaluating antibacterial and biofilm disrupting effects on 
PMC13350941,1,T a b l e   2,"The diameter of growth inhibition zone of honey, aqueous extracts of Miswak tree and sumac fruit, royal jelly, lactogum, and SDF against  S. mutans .",8,5,True,PMC13350941_t1.csv,Natural compounds for preventing dental caries by evaluating antibacterial and biofilm disrupting effects on 
PMC13350941,2,T a b l e   3,"The minimum inhibition concentrations (MICs) of honey, aqueous extracts of Miswak tree and sumac fruit, royal jelly, lactogum, and SDF against  S. mutans .",9,6,True,PMC13350941_t2.csv,Natural compounds for preventing dental caries by evaluating antibacterial and biofilm disrupting effects on 
PMC13350941,3,T a b l e   4,"The anti-biofilm and metabolic activities of honey, aqueous extracts of Miswak tree and sumac fruit, royal jelly, lactogum, and SDF against  S. mutans .",19,5,True,PMC13350941_t3.csv,Natural compounds for preventing dental caries by evaluating antibacterial and biofilm disrupting effects on 
PMC13350941,4,T a b l e   5,"The hydrophobicity level and aggregation of  S. mutans  under honey, aqueous extracts of Miswak tree and sumac fruit, royal jelly, lactogum, and SDF treatments.",18,5,True,PMC13350941_t4.csv,Natural compounds for preventing dental caries by evaluating antibacterial and biofilm disrupting effects on 
PMC13361349,0,T a b l e   1,"Color parameters (L,  a , b*, Chroma, Hue angle, Browning Index) of different honey samples with one-way ANOVA results.",10,7,True,PMC13361349_t0.csv,"Nutritional Composition, Glycemic Index, Antioxidant and Anti-Inflammatory Activities of Five Monofloral Honeys from Qas"
PMC13361349,1,T a b l e   2,"Moisture (%), total carbohydrates (g/100 g), ash (g/100 g), pH and Total acidity (meq kg −1 ) of different honey samples with one-way ANOVA results.",10,6,True,PMC13361349_t1.csv,"Nutritional Composition, Glycemic Index, Antioxidant and Anti-Inflammatory Activities of Five Monofloral Honeys from Qas"
PMC13361349,2,T a b l e   3,"Sucrose, glucose, and fructose contents (g/100 g) of different honey samples with one-way ANOVA results.",10,4,True,PMC13361349_t2.csv,"Nutritional Composition, Glycemic Index, Antioxidant and Anti-Inflammatory Activities of Five Monofloral Honeys from Qas"
PMC13361349,3,T a b l e   4,"Mineral element composition (Cu, Fe, Mn, Zn, Ca, Na, K, Mg, P) of different honey samples.",10,10,True,PMC13361349_t3.csv,"Nutritional Composition, Glycemic Index, Antioxidant and Anti-Inflammatory Activities of Five Monofloral Honeys from Qas"
PMC13361349,4,T a b l e   5,"Vitamin C, B1, B2, B3 and B6 contents (µg/g) of different honey samples with one-way ANOVA results.",10,6,True,PMC13361349_t4.csv,"Nutritional Composition, Glycemic Index, Antioxidant and Anti-Inflammatory Activities of Five Monofloral Honeys from Qas"
PMC13361349,5,T a b l e   6,Diastase activity (unit) and HMF content (mg/100 g) of different honey samples with one-way ANOVA results.,10,3,True,PMC13361349_t5.csv,"Nutritional Composition, Glycemic Index, Antioxidant and Anti-Inflammatory Activities of Five Monofloral Honeys from Qas"
PMC13361349,6,T a b l e   7,Total phenolic (mg GAE/kg) and total flavonoid (mg QE/kg) contents of different honey samples with one-way ANOVA results.,10,3,True,PMC13361349_t6.csv,"Nutritional Composition, Glycemic Index, Antioxidant and Anti-Inflammatory Activities of Five Monofloral Honeys from Qas"
PMC13361349,7,T a b l e   8,Total antioxidant activity (% inhibition at 100 mg/mL) of different honey samples using DPPH radical scavenging assay with one-way ANOVA results.,10,3,True,PMC13361349_t7.csv,"Nutritional Composition, Glycemic Index, Antioxidant and Anti-Inflammatory Activities of Five Monofloral Honeys from Qas"
PMC13361349,8,T a b l e   9,ABTS radical scavenging activity (% inhibition) at different concentrations of different honey samples and IC 50  values of ascorbic acid standard.,12,7,True,PMC13361349_t8.csv,"Nutritional Composition, Glycemic Index, Antioxidant and Anti-Inflammatory Activities of Five Monofloral Honeys from Qas"
PMC13361349,9,T a b l e   1 0,Anti-inflammatory activity (%) and in vitro glycemic index of different honey samples with one-way ANOVA results.,10,3,True,PMC13361349_t9.csv,"Nutritional Composition, Glycemic Index, Antioxidant and Anti-Inflammatory Activities of Five Monofloral Honeys from Qas"
PMC13361349,10,T a b l e   1 1,Pearson correlation coefficients (r) among chemical components and biological activities.,15,4,True,PMC13361349_t10.csv,"Nutritional Composition, Glycemic Index, Antioxidant and Anti-Inflammatory Activities of Five Monofloral Honeys from Qas"
PMC13379289,0,T a b l e   1,Physicochemical and palynological parameters of the honey samples studied,3,3,True,PMC13379289_t0.csv,Egyptian fennel honey as a potential sustainable and economical alternative to manuka honey: a multi-parameter comparati
PMC13379289,1,T a b l e   2,"Physicochemical characteristics and antioxidant-related properties of Egyptian fennel honey and certified Manuka honey (mean ± SD,  n  = 3)",11,4,True,PMC13379289_t1.csv,Egyptian fennel honey as a potential sustainable and economical alternative to manuka honey: a multi-parameter comparati
PMC13379289,2,T a b l e   3,Identified compounds in manuka and fennel honey by LC-MS,24,9,True,PMC13379289_t2.csv,Egyptian fennel honey as a potential sustainable and economical alternative to manuka honey: a multi-parameter comparati
PMC13379289,3,T a b l e   4,Minimum inhibitory concentration (MIC) of Manuka and Egyptian fennel honey against selected bacterial strains,4,3,True,PMC13379289_t3.csv,Egyptian fennel honey as a potential sustainable and economical alternative to manuka honey: a multi-parameter comparati
PMC13416295,0,T a b l e   1,Antimicrobial susceptibility profiles of multidrug-resistant (MDR) bacterial isolates used in the antibacterial evaluation of propolis extracts.,15,8,True,PMC13416295_t0.csv,"Antibacterial, Phytochemical, and Antioxidant Properties of Propolis Extracts Obtained Using Different Solvents Against "
PMC13416295,1,T a b l e   2,"Minimum inhibitory concentration (MIC, mg/mL) of propolis extracts against MDR bacterial isolates.",8,5,True,PMC13416295_t1.csv,"Antibacterial, Phytochemical, and Antioxidant Properties of Propolis Extracts Obtained Using Different Solvents Against "
PMC13416295,2,T a b l e   3,"Minimum bactericidal concentration (MBC, mg/mL) of propolis extracts against MDR bacterial isolates.",8,5,True,PMC13416295_t2.csv,"Antibacterial, Phytochemical, and Antioxidant Properties of Propolis Extracts Obtained Using Different Solvents Against "
PMC13416295,3,T a b l e   4,MBC/MIC ratio of propolis extracts obtained using different solvents against MDR bacterial isolates.,7,5,True,PMC13416295_t3.csv,"Antibacterial, Phytochemical, and Antioxidant Properties of Propolis Extracts Obtained Using Different Solvents Against "
PMC13416295,4,T a b l e   5,Selection of sub-inhibitory concentrations (sub-MIC) used for the biofilm inhibition assay based on planktonic bacterial growth.,21,6,True,PMC13416295_t4.csv,"Antibacterial, Phytochemical, and Antioxidant Properties of Propolis Extracts Obtained Using Different Solvents Against "
PMC13416295,5,T a b l e   6,Biofilm inhibition (%) of propolis extracts evaluated at the selected sub-inhibitory concentrations (sub-MIC) against MDR bacterial isolates.,6,5,True,PMC13416295_t5.csv,"Antibacterial, Phytochemical, and Antioxidant Properties of Propolis Extracts Obtained Using Different Solvents Against "
PMC13416295,6,T a b l e   7,Pairwise comparisons of antibacterial activity among propolis extracts obtained using Dunn’s test with Bonferroni correction.,7,2,True,PMC13416295_t6.csv,"Antibacterial, Phytochemical, and Antioxidant Properties of Propolis Extracts Obtained Using Different Solvents Against "
PMC13416295,7,T a b l e   8,Dose-dependent inhibition of bacterial growth by increasing propolis extract concentrations (µg/mL).,11,3,True,PMC13416295_t7.csv,"Antibacterial, Phytochemical, and Antioxidant Properties of Propolis Extracts Obtained Using Different Solvents Against "
PMC13416295,8,T a b l e   9,Phytochemical composition and antioxidant activity of propolis extracts obtained using different extraction solvents.,7,7,True,PMC13416295_t8.csv,"Antibacterial, Phytochemical, and Antioxidant Properties of Propolis Extracts Obtained Using Different Solvents Against "
PMC13445924,0,T a b l e   1,Detected phenolic compounds and their corresponding levels in Manuka honey extract,8,3,True,PMC13445924_t0.csv,Manuka honey as a multifunctional therapeutic against 
PMC13445924,1,T a b l e   2,Determined flavonoids and their concentrations in Manuka honey extract,8,3,True,PMC13445924_t1.csv,Manuka honey as a multifunctional therapeutic against 
PMC13445924,2,T a b l e   3,"Testing anti- H. pylori , MIC, and MBC for Manuka honey (MH) compared to standard drugs (SD) ( n  = 3 independent replicates for in vitro data; Data are presented as means ± SEM)",3,5,True,PMC13445924_t2.csv,Manuka honey as a multifunctional therapeutic against 
PMC13445924,3,T a b l e   4,Time-kill kinetics of Manuka honey (MH) compared to standard drugs (SD) against  H. pylori  ATCC 43504. Data are presented as mean Log₁₀ CFU/mL ± SEM ( n  = 3 independent experiments). Bactericidal activity is defined as a ≥ 3 Log₁₀ reduction from the initial inoculum (Time 0 = 6.00 ± 0.00 Log₁₀ CFU/mL). Values with the same superscript letter within the same row indicate no significant difference,8,3,True,PMC13445924_t3.csv,Manuka honey as a multifunctional therapeutic against 
PMC13445924,4,T a b l e   5,CFU count for  H. pylori  in different tested groups ( n  = 10 rats per group for in vivo data; Data are represented as means ± SEM; different letter above numbers in the same raw refers to significant difference where a: b  P  ≤ 0.05; a: c  P  ≤ 0.01; b:c  P  ≤ 0.05),7,6,False,PMC13445924_t4.csv,Manuka honey as a multifunctional therapeutic against 
PMC13458788,0,T a b l e   1,"Primer sequences used for RT-qPCR analysis of pbp5, srtA, gyrB, and 16 S rRNA.",9,6,False,PMC13458788_t0.csv,"Honey-biosynthesized silver nanoparticles against vancomycin-resistant enterococci: integrated antibacterial, antibiofil"
PMC13458788,1,T a b l e   2,Nanoparticle characterization and stability outcomes before and after 30 days.,8,3,True,PMC13458788_t1.csv,"Honey-biosynthesized silver nanoparticles against vancomycin-resistant enterococci: integrated antibacterial, antibiofil"
PMC13458788,2,T a b l e   3,"Comparative FTIR spectral features observed in the superimposed spectra of pure honey, the 20% (v/v) diluted honey solution used for synthesis, AgNO₃, and honey-biosynthesized AgNPs.",6,3,True,PMC13458788_t2.csv,"Honey-biosynthesized silver nanoparticles against vancomycin-resistant enterococci: integrated antibacterial, antibiofil"
PMC13458788,3,T a b l e   4,Antibacterial activity of honey-biosynthesized AgNPs against different enterococcus strains.,12,5,True,PMC13458788_t3.csv,"Honey-biosynthesized silver nanoparticles against vancomycin-resistant enterococci: integrated antibacterial, antibiofil"
PMC13458788,4,T a b l e   5,Time-kill kinetics of honey-biosynthesized AgNPs against different  Enterococcus  strains.,6,7,True,PMC13458788_t4.csv,"Honey-biosynthesized silver nanoparticles against vancomycin-resistant enterococci: integrated antibacterial, antibiofil"
PMC13458788,5,T a b l e   6,Anti-biofilm activity of honey-biosynthesized AgNPs against vancomycin-resistant  Enterococcus  isolates.,5,4,True,PMC13458788_t5.csv,"Honey-biosynthesized silver nanoparticles against vancomycin-resistant enterococci: integrated antibacterial, antibiofil"
PMC13458788,6,T a b l e   7,Comparative molecular docking results of the ligand against Sortase A (PDB: 2KID) and penicillin-binding protein (PDB: 1MWS).,10,7,False,PMC13458788_t6.csv,"Honey-biosynthesized silver nanoparticles against vancomycin-resistant enterococci: integrated antibacterial, antibiofil"
PMC13458788,7,T a b l e   8,RT-qPCR expression profile of pbp5 and srtA following AgNP exposure.,8,4,True,PMC13458788_t7.csv,"Honey-biosynthesized silver nanoparticles against vancomycin-resistant enterococci: integrated antibacterial, antibiofil"
PMC13458788,8,T a b l e   9,PBP5 binding and Sortase A activity following AgNP exposure.,8,4,True,PMC13458788_t8.csv,"Honey-biosynthesized silver nanoparticles against vancomycin-resistant enterococci: integrated antibacterial, antibiofil"
PMC13458788,9,T a b l e   1 0,Cytotoxicity and hemocompatibility profile of honey-biosynthesized AgNPs in human cell-line and erythrocyte models.,7,6,True,PMC13458788_t9.csv,"Honey-biosynthesized silver nanoparticles against vancomycin-resistant enterococci: integrated antibacterial, antibiofil"
PMC13460517,0,T a b l e   1 .,"MICs (% w/v) of Mānuka honey and MGO-matched control solutions against respiratory pathogens MICs were determined by broth microdilution against MSSA, MRSA,  K. pneumoniae  and  P. aeruginosa . MGO concentrations for each UMF grade were previously quantified by HPLC. Values represent the lowest concentration resulting in ≥95% inhibition of bacterial growth relative to the untreated control.",22,6,True,PMC13460517_t0.csv,Unique Mānuka Factor (UMF)-dependent antimicrobial activity of Mānuka honey against respiratory pathogens cannot be expl
PMC13512192,0,T a b l e   1,Microorganisms used for the evaluation of the antimicrobial activity of the matrices.,11,3,True,PMC13512192_t0.csv,Mixed Fermentation Using 
PMC13512192,1,T a b l e   2,Composition of the culture media used for systems with different nutrient availabilities.,10,4,False,PMC13512192_t1.csv,Mixed Fermentation Using 
PMC13512192,2,T a b l e   3,"Reducing sugar, organic acid, and volatile compound profiles of the analyzed products.",19,8,True,PMC13512192_t2.csv,Mixed Fermentation Using 
PMC13514261,0,T a b l e   1,"Biological activities of  A. dorsata  honey from the fifteen treatment groups. RT-0.5, RT-1, and RT-2 (room temperature for 0.5, 1, and 2 h); 55C-0.5, 55C-1, and 55C-2 (55 °C for 0.5, 1, and 2 h); 65C-0.5, 65C-1, and 65C-2 (65 °C for 0.5, 1, and 2 h); 75C-0.5, 75C-1, and 75C-2 (75 °C for 0.5, 1, and 2 h); 85C-0.5, 85C-1, and 85C-2 (85 °C for 0.5, 1, and 2 h). The means ± S.E. with different letter",16,6,True,PMC13514261_t0.csv,"The Effect of Temperature Variations on the 5-Hydroxymethylfurfural Content, Antioxidant and Antimicrobial Properties of"
PMC13514261,1,T a b l e   2,"Antibacterial activities of  A. dorsata  honey from the fifteen treatment groups. RT-0.5, RT-1, and RT-2 (room temperature for 0.5, 1, and 2 h); 55C-0.5, 55C-1, and 55C-2 (55 °C for 0.5, 1, and 2 h); 65C-0.5, 65C-1, and 65C-2 (65 °C for 0.5, 1, and 2 h); 75C-0.5, 75C-1, and 75C-2 (75 °C for 0.5, 1, and 2 h); 85C-0.5, 85C-1, and 85C-2 (85 °C for 0.5, 1, and 2 h). The means ± S.E. with different let",19,7,True,PMC13514261_t1.csv,"The Effect of Temperature Variations on the 5-Hydroxymethylfurfural Content, Antioxidant and Antimicrobial Properties of"
PMC13522720,0,T A B L E   1,Botanical‐geographical origins and harvesting periods of the studied honey samples.,6,7,True,PMC13522720_t0.csv,Phytochemical Profiling and Antibacterial Activity of Moroccan Monofloral Honeys Against Multidrug‐Resistant Uropathogen
PMC13522720,1,T A B L E   2,Concentrations (μg/mg) of phenolic compounds in honey samples.,13,6,True,PMC13522720_t1.csv,Phytochemical Profiling and Antibacterial Activity of Moroccan Monofloral Honeys Against Multidrug‐Resistant Uropathogen
PMC13522720,2,T A B L E   3,Total phenolic and flavonoid contents in the studied honey samples.,4,7,True,PMC13522720_t2.csv,Phytochemical Profiling and Antibacterial Activity of Moroccan Monofloral Honeys Against Multidrug‐Resistant Uropathogen
PMC13522720,3,T A B L E   4,Antibiotic susceptibility patterns of the tested bacterial strains.,15,5,True,PMC13522720_t3.csv,Phytochemical Profiling and Antibacterial Activity of Moroccan Monofloral Honeys Against Multidrug‐Resistant Uropathogen
PMC13522720,4,T A B L E   5,"AutoDock Vina predicted binding energies (kcal/mol) of ligands M1–M11 and the reference compound Ciprofloxacin against three molecular targets (1KZN, 1SHV, and 3ZG5).",13,4,False,PMC13522720_t4.csv,Phytochemical Profiling and Antibacterial Activity of Moroccan Monofloral Honeys Against Multidrug‐Resistant Uropathogen
PMC13522720,5,T A B L E   6,Key ADME and drug‐likeness parameters for M1‐M11 versus ciprofloxacin (M 12 ).,15,13,False,PMC13522720_t5.csv,Phytochemical Profiling and Antibacterial Activity of Moroccan Monofloral Honeys Against Multidrug‐Resistant Uropathogen
PMC13522720,6,T A B L E   7,ProTox‐III prediction of acute toxicity (GHS class and oral LD 50 ) and toxicity endpoint assessment for ligands M1–M11 and ciprofloxacin (M12).,13,13,False,PMC13522720_t6.csv,Phytochemical Profiling and Antibacterial Activity of Moroccan Monofloral Honeys Against Multidrug‐Resistant Uropathogen
PMC13565909,0,T a b l e   1,Retention times and analytical performance parameters of the HPLC-DAD method for the investigated phenolic compounds.,13,8,True,PMC13565909_t0.csv,"Comparative Analysis of Phenolic Acid Profiles, Antioxidant Capacity, and Antimicrobial Activity of Honeys from Differen"
PMC13565909,1,T a b l e   2,The HPLC-DAD results of phenolic constituents concentration (µg/g honey) in the alcoholic extract of honey samples (expressed as a mean ± standard deviation;  n  = 3).,13,9,True,PMC13565909_t1.csv,"Comparative Analysis of Phenolic Acid Profiles, Antioxidant Capacity, and Antimicrobial Activity of Honeys from Differen"
PMC13565909,2,T a b l e   3,The statistically significant differences between phenolic acid contents detected in tested honey varieties.,67,20,True,PMC13565909_t2.csv,"Comparative Analysis of Phenolic Acid Profiles, Antioxidant Capacity, and Antimicrobial Activity of Honeys from Differen"
PMC13565909,3,T a b l e   4,The antioxidant activity of the honey extracts determined by the DPPH assay.,13,3,True,PMC13565909_t3.csv,"Comparative Analysis of Phenolic Acid Profiles, Antioxidant Capacity, and Antimicrobial Activity of Honeys from Differen"
PMC13565909,4,T a b l e   5,The antioxidant activity of the honey extracts determined by the ABTS assay.,13,3,True,PMC13565909_t4.csv,"Comparative Analysis of Phenolic Acid Profiles, Antioxidant Capacity, and Antimicrobial Activity of Honeys from Differen"
PMC13565909,5,T a b l e   6,The significant differences between antioxidant activities (%) of different honey varieties determined by DPPH and ABTS assays.,25,12,True,PMC13565909_t5.csv,"Comparative Analysis of Phenolic Acid Profiles, Antioxidant Capacity, and Antimicrobial Activity of Honeys from Differen"
PMC13565909,6,T a b l e   7,"The differences between antimicrobial activities (GIZD, mm) of different honey varieties.",60,29,True,PMC13565909_t6.csv,"Comparative Analysis of Phenolic Acid Profiles, Antioxidant Capacity, and Antimicrobial Activity of Honeys from Differen"
PMC13565909,7,T a b l e   8,Pearson correlation between antioxidant activity and phenolic constituents quantified in honey varieties.,21,10,True,PMC13565909_t7.csv,"Comparative Analysis of Phenolic Acid Profiles, Antioxidant Capacity, and Antimicrobial Activity of Honeys from Differen"
PMC13565909,8,T a b l e   9,Pearson correlation between antimicrobial activity (expressed as MIC) and phenolic constituents quantified in honey varieties.,19,6,True,PMC13565909_t8.csv,"Comparative Analysis of Phenolic Acid Profiles, Antioxidant Capacity, and Antimicrobial Activity of Honeys from Differen"
PMC13565909,9,T a b l e   1 0,Pearson correlation between phenolic constituents and the inhibitory activity of microbial adherence to an inert substrate of all honey samples P1–12.,19,6,True,PMC13565909_t9.csv,"Comparative Analysis of Phenolic Acid Profiles, Antioxidant Capacity, and Antimicrobial Activity of Honeys from Differen"
PMC13565909,10,T a b l e   1 1,"Pearson Correlation between reducing sugars, HMF, diastase activity, and antimicrobial activity of all honey samples P1-12.",13,8,True,PMC13565909_t10.csv,"Comparative Analysis of Phenolic Acid Profiles, Antioxidant Capacity, and Antimicrobial Activity of Honeys from Differen"
PMC13565909,11,T a b l e   1 2,Samples of honey used and plant source according to geographical origin.,13,3,True,PMC13565909_t11.csv,"Comparative Analysis of Phenolic Acid Profiles, Antioxidant Capacity, and Antimicrobial Activity of Honeys from Differen"
PMC2478674,0,T a b l e   1,Minimum inhibitory concentrations (%) of different honeys towards standard strains of oral micro-organisms,11,7,True,PMC2478674_t0.csv,Antimicrobial activity of two South African honeys produced from indigenous 
PMC2478674,1,T a b l e   2,pH of the different honey solutions at each dilution,7,8,True,PMC2478674_t1.csv,Antimicrobial activity of two South African honeys produced from indigenous 
PMC2753561,0,T a b l e   1,MIC values (%) determined by visual inspection and spectrophotometric measurement,17,6,True,PMC2753561_t0.csv,The antibacterial properties of Malaysian tualang honey against wound and enteric microorganisms in comparison to manuka
PMC2753561,1,T a b l e   2,MBC values (%) of tualang honey and manuka honey,17,4,True,PMC2753561_t1.csv,The antibacterial properties of Malaysian tualang honey against wound and enteric microorganisms in comparison to manuka
PMC2942791,0,T a b l e   1,Mean Zones of Inhibition (diameter mm including well (8.2 mm)),10,9,True,PMC2942791_t0.csv,Comparison of the antimicrobial activity of Ulmo honey from Chile and Manuka honey against methicillin-resistant Staphyl
PMC2942791,1,T a b l e   2,"Minimum inhibitory concentration (MIC) and minimum bactericidal concentration (MBC) of Ulmo, manuka and laboratory synthesised honey necessary to inhibit 100% of the microbial growth  in vitro  expressed in % v/v solution (n = 3).",10,6,True,PMC2942791_t1.csv,Comparison of the antimicrobial activity of Ulmo honey from Chile and Manuka honey against methicillin-resistant Staphyl
PMC3042689,0,T a b l e   1,List of microorganisms used with their pathogenicity and Gram reaction.,9,6,True,PMC3042689_t0.csv,Antibacterial Efficacy of Raw and Processed Honey
PMC3042689,1,T a b l e   2,Antimicrobial susceptibility of raw honey.,12,6,True,PMC3042689_t1.csv,Antibacterial Efficacy of Raw and Processed Honey
PMC3042689,2,T a b l e   3,Antimicrobial susceptibility of processed honey.,11,6,True,PMC3042689_t2.csv,Antibacterial Efficacy of Raw and Processed Honey
PMC3042689,3,T a b l e   4,Minimum inhibitory concentration (MIC) and minimum bactericidal concentration (MBC) of raw honey methanol extract.,4,7,True,PMC3042689_t3.csv,Antibacterial Efficacy of Raw and Processed Honey
PMC3042689,4,T a b l e   5,Minimum inhibitory concentration (MIC) and minimum bactericidal concentration (MBC) of processed honey methanol extract.,4,7,True,PMC3042689_t4.csv,Antibacterial Efficacy of Raw and Processed Honey
PMC3065476,0,T a b l e   1,"Total antibacterial activity of honey samples from floral sources
with a sample size ≥3, ranked by median activity.",43,5,True,PMC3065476_t0.csv,"The Antibacterial Activity of Honey Derived from Australian
Flora"
PMC3065476,1,T a b l e   2,Honey samples exhibiting non-peroxide antibacterial activity.,13,4,True,PMC3065476_t1.csv,"The Antibacterial Activity of Honey Derived from Australian
Flora"
PMC3065476,2,T a b l e   3,"Non-peroxide antibacterial activity and region of origin of honey
derived from single  Leptospermum  species.",17,5,True,PMC3065476_t2.csv,"The Antibacterial Activity of Honey Derived from Australian
Flora"
PMC3065476,3,T a b l e   4,"Change in antibacterial activity of honey samples following
storage.",22,8,True,PMC3065476_t3.csv,"The Antibacterial Activity of Honey Derived from Australian
Flora"
PMC3201021,0,T a b l e   1,Hydrogen peroxide concentrations in different honeys. Relationship between antibacterial activities of honey and hydrogen peroxide concentrations .,13,5,True,PMC3201021_t0.csv,Re-Examining the Role of Hydrogen Peroxide in Bacteriostatic and Bactericidal Activities of Honey
PMC3273858,0,T a b l e   1,List of honeys .,14,5,True,PMC3273858_t0.csv,Mechanism of Honey Bacteriostatic Action Against MRSA and VRE Involves Hydroxyl Radicals Generated from Honey’s Hydrogen
PMC3273858,1,T a b l e   2,Susceptibility of clinical isolates to antibiotics .,7,21,True,PMC3273858_t1.csv,Mechanism of Honey Bacteriostatic Action Against MRSA and VRE Involves Hydroxyl Radicals Generated from Honey’s Hydrogen
PMC3273858,2,T a b l e   3,Identification of clinical isolates and confirmation of antibiotic resistance .,8,7,True,PMC3273858_t2.csv,Mechanism of Honey Bacteriostatic Action Against MRSA and VRE Involves Hydroxyl Radicals Generated from Honey’s Hydrogen
PMC3273858,3,,Conversion of honey dilutions to honey concentrations (% v/v):,2,7,True,PMC3273858_t3.csv,Mechanism of Honey Bacteriostatic Action Against MRSA and VRE Involves Hydroxyl Radicals Generated from Honey’s Hydrogen
PMC3385198,0,T a b l e   1,Time kill assay of honey against the wound isolates of  Pseudomonas aeruginosa,0,0,True,,Honey as an Antimicrobial Agent Against 
PMC3385198,1,T a b l e   2,Antibacterial effect of 50% honey on  P. aeruginosa  wound isolates,0,0,True,,Honey as an Antimicrobial Agent Against 
PMC3389331,0,T a b l e   1,List of honeys .,9,4,True,PMC3389331_t0.csv,"Powerful bacterial killing by buckwheat honeys is concentration-dependent, involves complete DNA degradation and require"
PMC3389331,1,T a b l e   2,Comparison of bactericidal activity of honeys and bacterial susceptibility .,10,9,True,PMC3389331_t1.csv,"Powerful bacterial killing by buckwheat honeys is concentration-dependent, involves complete DNA degradation and require"
PMC3406342,0,T a b l e   1,"Antibacterial activity, antifungal activity, and hydrogen peroxide concentrations of honey samples before and after heat and filtering processes .",21,11,True,PMC3406342_t0.csv,The effect of standard heat and filtration processing procedures on antimicrobial activity and hydrogen peroxide levels 
PMC3572166,0,T a b l e   1,"Floral source, MGO and H 2 O 2  Levels of Honeys.",12,6,True,PMC3572166_t0.csv,"The Effect of New Zealand Kanuka, Manuka and Clover Honeys on Bacterial Growth Dynamics and Cellular Morphology Varies A"
PMC3572166,1,T a b l e   2,Cell morphology changes with high-MGO honey and high-hydrogen peroxide honey treatment a .,6,13,True,PMC3572166_t1.csv,"The Effect of New Zealand Kanuka, Manuka and Clover Honeys on Bacterial Growth Dynamics and Cellular Morphology Varies A"
PMC3572166,2,T a b l e   3,Summary of growth and morphological effects of honeys and control treatments on all organisms.,6,9,True,PMC3572166_t2.csv,"The Effect of New Zealand Kanuka, Manuka and Clover Honeys on Bacterial Growth Dynamics and Cellular Morphology Varies A"
PMC3585195,0,T a b l e   1,Interaction of Medihoney and rifampicin against  S. aureus  by checkerboard microdilution assay.,12,9,True,PMC3585195_t0.csv,Synergism between Medihoney and Rifampicin against Methicillin-Resistant 
PMC3585195,1,T a b l e   2,Effect of sub-inhibitory concentration of honey on the growth of  S. aureus  NCTC8325 on agar plates.,5,3,True,PMC3585195_t1.csv,Synergism between Medihoney and Rifampicin against Methicillin-Resistant 
PMC3585195,2,T a b l e   3,Interaction of methylglyoxal and rifampicin against  S. aureus  by checkerboard microdilution assays.,8,10,True,PMC3585195_t2.csv,Synergism between Medihoney and Rifampicin against Methicillin-Resistant 
PMC3669629,0,T a b l e   1,Minimum inhibitory concentrations and minimum bactericidal concentrations of Manuka honey for different  C .  difficile  strains,4,5,True,PMC3669629_t0.csv,Antibacterial effect of Manuka honey on 
PMC3669629,1,T a b l e   2,Sensitivity of  C .  difficile  strains to Manuka honey by agar diffusion,14,5,True,PMC3669629_t1.csv,Antibacterial effect of Manuka honey on 
PMC3716576,0,T a b l e   1,Minimum Inhibitory Concentration (MIC) & Minimum Bactericidal Concentration (MBC) of Malaysian honey,14,9,True,PMC3716576_t0.csv,Antibacterial activity of selected Malaysian honey
PMC3716576,1,T a b l e   2,Agar well diffusion assay for antibacterial activities of Malaysian honey against tested bacteria,9,9,True,PMC3716576_t1.csv,Antibacterial activity of selected Malaysian honey
PMC3716576,2,T a b l e   3,"Well diffusion assays of catalase test against  S. aureus  (ATCC 25923). The diameter of clear zones obtained in mm (±s.d.), n = 6",5,5,True,PMC3716576_t2.csv,Antibacterial activity of selected Malaysian honey
PMC3817311,0,T a b l e   1,"Mean inhibition and standard deviation of stingless bees and  
 Apis mellifera  
 honeys on  
 Staphylococcus aureus  
 (ATCC 25923),  
 Staphylococcus aureus  
 (MRSA),  
 Klebsiella pneumoniae  
 (R),  
 Escherichia coli  
 (ATCC 25922) and  
 Escherichia coli  
 (R) at 50% (v/v) concentration",10,7,True,PMC3817311_t0.csv,Antibacterial effects of 
PMC3817311,1,T a b l e   2,"Results of one way ANOVA from the inhibitions of the three types of honeys on  
 Staphylococcus aureus  
 (ATCC 25923),  
 Staphylococcus aureus  
 (MRSA),  
 Klebsiella pneumoniae  
 (R),  
 Escherichia coli  
 (ATCC 25922) and  
 Escherichia coli  
 (R) showing mean difference for 50% solutions (v/v)",10,7,True,PMC3817311_t1.csv,Antibacterial effects of 
PMC3817311,2,T a b l e   3,"Minimum inhibitory concentration (MIC) values of stingless honey, Apis mellifera white honey and Apis mellifera yellow honey against drug susceptible ( 
 Staphylococcus aureus  
 (ATCC 25923) and  
 Escherichia coli  
 (ATCC 25922)) and resistant clinical isolate ( 
 Staphylococcus aureus  
 (MRSA),  
 Klebsiella pneumoniae  
 (R), and  
 Escherichia coli  
 (R)) at 50% (v/v) concentration",9,4,True,PMC3817311_t2.csv,Antibacterial effects of 
PMC3817311,3,T a b l e   4,"Antibacterial effect (susceptible, intermediate and resistant) of Tetracycline (30 μg), Kanamycine (30 μg), Erythromycin, Methicillin (5 μg), Ampicillin (10 μg), Amoxicilline (25 μg), Penicillin (10 μg) and Vancomycine (30 μg) antibiotic discs on drug susceptible ( 
 Escherichia coli  
 (ATCC 25922)  &  
 Staphylococcus aureus  
 (ATCC 25923) and resistant clinical isolate ( 
 Staphylococcus aureu",9,6,True,PMC3817311_t3.csv,Antibacterial effects of 
PMC3977104,0,T a b l e   1,"Results of one-way ANOVA and descriptive statistics of the inhibitions of honeys, ginger extracts, and honey-ginger extracts mixtures on the test bacteria isolates.",43,7,True,PMC3977104_t0.csv,Synergetic Antimicrobial Effects of Mixtures of Ethiopian Honeys and Ginger Powder Extracts on Standard and Resistant Cl
PMC3977104,1,T a b l e   2,Results of Tukey's Honestly Significant Difference (HSD) test of honey-ginger extract mixtures on the test bacteria isolates.,21,6,True,PMC3977104_t1.csv,Synergetic Antimicrobial Effects of Mixtures of Ethiopian Honeys and Ginger Powder Extracts on Standard and Resistant Cl
PMC3977104,2,T a b l e   3,"Minimum inhibitory concentration (MIC) of honey, ginger extracts, and honey-ginger extract mixtures on susceptible and resistant isolates of the test bacteria species.",7,8,True,PMC3977104_t2.csv,Synergetic Antimicrobial Effects of Mixtures of Ethiopian Honeys and Ginger Powder Extracts on Standard and Resistant Cl
PMC3987683,0,T a b l e   1,"Minimal inhibitory concentrations (MIC) of honeys, their potential antimicrobial components and propolis against four  
 Porphyromonas gingivalis  
 strains",7,6,True,PMC3987683_t0.csv,Honey – a potential agent against 
PMC4023514,0,T a b l e   1,"Sensitivity of progenitor strains  
 P. aeruginosa  
 ATCC 9027 and clinical isolate 867 and their recovered isolates (from honey treated biofilm) to manuka honey treatment using the microbroth dilution method",5,3,True,PMC4023514_t0.csv,Manuka honey treatment of biofilms of 
PMC4023514,1,T a b l e   2,"Sensitivity of progenitor strains  
 P. aeruginosa  
 ATCC 9027 and clinical isolate 867 and their recovered isolates (from honey treated biofilm) to rifampicin and imipenem treatment using the microbroth dilution method",6,5,True,PMC4023514_t1.csv,Manuka honey treatment of biofilms of 
PMC4023514,2,T a b l e   3,"Increase in biofilm biomass of progenitor strains  
 P. aeruginosa  
 ATCC 9027 and clinical isolate 867 and their recovered isolates (from honey treated biofilm) using the crystal violet method",6,3,True,PMC4023514_t2.csv,Manuka honey treatment of biofilms of 
PMC4023514,3,T a b l e   4,"Sensitivity of biofilms of progenitor strains  
 P. aeruginosa  
 ATCC 9027 and clinical isolate 867 and their recovered isolates (from honey treated biofilm) to manuka honey treatment using the crystal violet method",5,3,True,PMC4023514_t3.csv,Manuka honey treatment of biofilms of 
PMC4029012,0,T a b l e   1,Bacterial strains used in this study .,10,3,True,PMC4029012_t0.csv,Effect of methylglyoxal on multidrug-resistant 
PMC4029012,1,T a b l e   2,Susceptibility of MDRP strains to antimicrobial compounds .,43,5,True,PMC4029012_t1.csv,Effect of methylglyoxal on multidrug-resistant 
PMC4029012,2,T a b l e   3,Susceptibility of drug efflux mutants to antimicrobial compounds .,10,5,True,PMC4029012_t2.csv,Effect of methylglyoxal on multidrug-resistant 
PMC4156419,0,T a b l e   1,Susceptibility of  E. coli  to honeys.,3,4,True,PMC4156419_t0.csv,"Antibacterial Compounds of Canadian Honeys Target Bacterial Cell Wall Inducing Phenotype Changes, Growth Inhibition and "
PMC4156419,1,T a b l e   2,Condition for ampicillin quantification in unspiked and spiked honeys using LC-ESI-MS.,6,3,True,PMC4156419_t1.csv,"Antibacterial Compounds of Canadian Honeys Target Bacterial Cell Wall Inducing Phenotype Changes, Growth Inhibition and "
PMC4206207,0,T a b l e   1,The effect of a variety of antibiotics on bacterial growth at three different phases of  Escherichia coli  and  Staphylococcus aureus,14,4,True,PMC4206207_t0.csv,Evaluation of bactericidal activity of Hannon honey on slowly growing bacteria in the chemostat
PMC4206207,1,T a b l e   2,The effect of nonautoclaved honey on mid log and late log phase growth of  Escherichia coli,10,5,True,PMC4206207_t1.csv,Evaluation of bactericidal activity of Hannon honey on slowly growing bacteria in the chemostat
PMC4355501,0,T a b l e   1,"Details of Pakistani unifloral honeys screened for antibacterial activity (n = 100) against MDR- 
 Salmonella typhi 
 (UHS = 16)",20,5,True,PMC4355501_t0.csv,Evaluation of the antibacterial activity of selected Pakistani honeys against multi-drug resistant 
PMC4355501,1,T a b l e   2,District (n = 21) wise distribution of Pakistani unifloral honey used in this study,22,3,True,PMC4355501_t1.csv,Evaluation of the antibacterial activity of selected Pakistani honeys against multi-drug resistant 
PMC4355501,2,T a b l e   3,"Zone of inhibition (mm) of phenol in triplicate against MDR- 
 Salmonella typhi 
 (UHS-16) by the agar well diffusion assay",7,3,True,PMC4355501_t2.csv,Evaluation of the antibacterial activity of selected Pakistani honeys against multi-drug resistant 
PMC4355501,3,T a b l e   4,"Phenol equivalence of Pakistani honeys at 50 %  (w/v) dilution against MDR- 
 Salmonella typhi 
 expressed in Inhibine Antibacterial Units (IBU)",23,5,True,PMC4355501_t3.csv,Evaluation of the antibacterial activity of selected Pakistani honeys against multi-drug resistant 
PMC4355501,4,T a b l e   5,"Mean and standard deviation of the antibacterial activity of different honey groups according to floral source (expressed as phenol equivalence % (w/v) against MDR- 
 Salmonella typhi 
 (UHS-16) and 90 %  Confidence Intervals for the means",14,4,True,PMC4355501_t4.csv,Evaluation of the antibacterial activity of selected Pakistani honeys against multi-drug resistant 
PMC4382210,0,T a b l e   1,Honey used and their botanical origin based on pollen analysis.,5,5,True,PMC4382210_t0.csv,"Honey Glycoproteins Containing Antimicrobial Peptides, Jelleins of the Major Royal Jelly Protein 1, Are Responsible for "
PMC4382210,1,T a b l e   2,ESI-Q-TOF-MS/MS chromatographic conditions.,5,3,True,PMC4382210_t1.csv,"Honey Glycoproteins Containing Antimicrobial Peptides, Jelleins of the Major Royal Jelly Protein 1, Are Responsible for "
PMC4382210,2,T a b l e   3,MIC and MBC values of glycoproteins.,5,3,True,PMC4382210_t2.csv,"Honey Glycoproteins Containing Antimicrobial Peptides, Jelleins of the Major Royal Jelly Protein 1, Are Responsible for "
PMC4382210,3,T a b l e   4,Summary of ESI-Q-TOF- MS/MS statistical data for 61 kDa glycoproteins G208 and G210.,3,9,False,PMC4382210_t3.csv,"Honey Glycoproteins Containing Antimicrobial Peptides, Jelleins of the Major Royal Jelly Protein 1, Are Responsible for "
PMC4382210,4,T a b l e   5,Summary of ESI-Q-TOF- MS/MS statistical data for 29kDa glycoproteins G177 and G208: Supporting Peptides.,5,9,False,PMC4382210_t4.csv,"Honey Glycoproteins Containing Antimicrobial Peptides, Jelleins of the Major Royal Jelly Protein 1, Are Responsible for "
PMC4382210,5,T a b l e   6,Summary of MALDI-TOF-MS statistical data for 58.5 kDa glycoproteins G207.,2,6,False,PMC4382210_t5.csv,"Honey Glycoproteins Containing Antimicrobial Peptides, Jelleins of the Major Royal Jelly Protein 1, Are Responsible for "
PMC4398880,0,T a b l e   1,Minimum inhibitory concentrations of manuka honey (% w/v) against clinical strains of  Burkholderia  and  Pseudomonas aeruginosa  were determined by the microbroth dilution method,13,6,True,PMC4398880_t0.csv,A demonstration of the susceptibility of clinical isolates obtained from cystic fibrosis patients to manuka honey
PMC4398880,1,T a b l e   2,Susceptibility and FIC values of two clinical cystic fibrosis isolates of  P. aeruginosa  isolates tested with manuka honey and either tobramycin or colistin,10,6,True,PMC4398880_t1.csv,A demonstration of the susceptibility of clinical isolates obtained from cystic fibrosis patients to manuka honey
PMC4398880,2,T a b l e   3,Susceptibility and FIC values of two clinical  B. cepacia  isolates to manuka honey and either tobramycin or colistin,10,6,True,PMC4398880_t2.csv,A demonstration of the susceptibility of clinical isolates obtained from cystic fibrosis patients to manuka honey
PMC4417269,0,T a b l e   1,pH and viscosity values of honey,18,4,True,PMC4417269_t0.csv,"Activities of different types of Thai honey on pathogenic bacteria causing skin diseases, tyrosinase enzyme and generati"
PMC4417269,1,T a b l e   2,Effect of honey on growth of pathogenic bacteria causing skin disease by agar well diffusion method,23,7,True,PMC4417269_t1.csv,"Activities of different types of Thai honey on pathogenic bacteria causing skin diseases, tyrosinase enzyme and generati"
PMC4417269,2,T a b l e   3,Minimum inhibitory concentration (MIC) and minimum bactericidal concentration (MBC) values of honey against pathogenic bacteria causing skin disease,21,12,True,PMC4417269_t2.csv,"Activities of different types of Thai honey on pathogenic bacteria causing skin diseases, tyrosinase enzyme and generati"
PMC4417269,3,T a b l e   4,The phenolic and flavonoid contents and antioxidant activities of honey by DPPH and FRAP assays,18,6,True,PMC4417269_t3.csv,"Activities of different types of Thai honey on pathogenic bacteria causing skin diseases, tyrosinase enzyme and generati"
PMC4417269,4,T a b l e   5,Anti-tyrosinase activity of honey from different types of pollen,18,4,True,PMC4417269_t4.csv,"Activities of different types of Thai honey on pathogenic bacteria causing skin diseases, tyrosinase enzyme and generati"
PMC4499756,0,T a b l e   1,Summary of MASCOT search results.,6,7,False,PMC4499756_t0.csv,"MRJP1-containing glycoproteins isolated from honey, a novel antibacterial drug candidate with broad spectrum activity ag"
PMC4499756,1,T a b l e   2,Antibiogram of clinical isolates used in this study.,49,18,True,PMC4499756_t1.csv,"MRJP1-containing glycoproteins isolated from honey, a novel antibacterial drug candidate with broad spectrum activity ag"
PMC4499756,2,T a b l e   3,Minimum inhibitory concentrations (MIC).,18,3,True,PMC4499756_t2.csv,"MRJP1-containing glycoproteins isolated from honey, a novel antibacterial drug candidate with broad spectrum activity ag"
PMC4537880,0,T a b l e   1,Effect of honey on both Imipenem resistant and sensitive  Pseudomonas aeruginosa  in broth.,18,4,True,PMC4537880_t0.csv,Antimicrobial activities of Saudi honey against 
PMC4537880,1,T a b l e   2,Effect of honey on both imipenem resistant and sensitive  Pseudomonas  in agar.,18,4,True,PMC4537880_t1.csv,Antimicrobial activities of Saudi honey against 
PMC4537880,2,T a b l e   3,Bacteriostatic and bactericidal effect of honey on Imipenem resistant and sensitive  Pseudomonas aeruginosa.,4,4,True,PMC4537880_t2.csv,Antimicrobial activities of Saudi honey against 
PMC4537880,3,T a b l e   4,Effect of 10% of honey on Imipenem resistant  Pseudomonas aeruginosa.,9,4,True,PMC4537880_t3.csv,Antimicrobial activities of Saudi honey against 
PMC4635208,0,,,10,5,True,PMC4635208_t0.csv,Modeling the synergistic antibacterial effects of honey characteristics of different botanical origins from the Sahara D
PMC4635208,1,,,10,5,True,PMC4635208_t1.csv,Modeling the synergistic antibacterial effects of honey characteristics of different botanical origins from the Sahara D
PMC4635208,2,T a b l e   2,Generalized linear mixed model (GLMM) testing the effects of physicochemical parameters of Saharan honeys from different botanical origins on pathogenic bacteria (Akaike information criterion = 2071.5) .,41,8,True,PMC4635208_t2.csv,Modeling the synergistic antibacterial effects of honey characteristics of different botanical origins from the Sahara D
PMC4635208,3,T a b l e   3,Modeling the effects of physicochemical parameters of honeys with different floral origins and tested bacterial strains on the antimicrobial activity of honeys collected from the Sahara desert of Algeria .,13,6,True,PMC4635208_t3.csv,Modeling the synergistic antibacterial effects of honey characteristics of different botanical origins from the Sahara D
PMC4751499,0,T a b l e   1,Diameters of the inhibition zones (mm) generated by SB and SP honey samples against Gram-positive and Gram-negative bacteria in an AWD assay.,18,3,True,PMC4751499_t0.csv,Antibacterial synergic effect of honey from two stingless bees: 
PMC4751499,1,T a b l e   2,MIC values of SB and SP honey samples used individually or in combination against Gram-positive and Gram-negative bacteria and the FIC values calculated to determine the type of honey-honey interaction.,19,5,True,PMC4751499_t1.csv,Antibacterial synergic effect of honey from two stingless bees: 
PMC4751499,2,T a b l e   3,MIC values of SB and SP honey samples with or without catalase against Gram-positive and Gram-negative bacteria.,18,7,True,PMC4751499_t2.csv,Antibacterial synergic effect of honey from two stingless bees: 
PMC4783026,0,T a b l e   1,Primers used for the quantitative real-time PCR analysis in this study.,11,6,False,PMC4783026_t0.csv,Effects of Selected Egyptian Honeys on the Cellular Ultrastructure and the Gene Expression Profile of 
PMC4783026,1,T a b l e   2,Acidity of the tested honeys (expressed as the mean of triplicate samples ± standard deviation).,4,5,True,PMC4783026_t1.csv,Effects of Selected Egyptian Honeys on the Cellular Ultrastructure and the Gene Expression Profile of 
PMC4783026,2,T a b l e   3,"Susceptibility of  E .  coli  ATCC 8739 to the tested honeys. MICs of citrus, clover, marjoram, and artificial honey on  E .  coli  ATCC 8739 were assessed by the broth microdilution assay in the presence and absence of catalase enzyme (at a final concentration of 1% w/v), and the values were expressed as % (w/v) of undiluted honey.",6,3,True,PMC4783026_t2.csv,Effects of Selected Egyptian Honeys on the Cellular Ultrastructure and the Gene Expression Profile of 
PMC4919268,0,T a b l e   1,"MIC% (v/v) of various honey samples against multidrug resistant bacterial isolates in Ayder Referral Hospital, January–May 2015",44,11,True,PMC4919268_t0.csv,Evaluation of antibacterial activity of honey against multidrug resistant bacteria in Ayder Referral and Teaching Hospit
PMC4919268,1,T a b l e   2,"MBC% (v/v) of honey against multidrug resistant bacteria in Ayder Referral Hospital, January–May 2015",44,8,True,PMC4919268_t1.csv,Evaluation of antibacterial activity of honey against multidrug resistant bacteria in Ayder Referral and Teaching Hospit
PMC4919268,2,T a b l e   3,"The mean MIC and MBC of various honey samples against control bacterial isolates in Ayder Referral Hospital, January–May 2015 (% (v/v))",9,13,True,PMC4919268_t2.csv,Evaluation of antibacterial activity of honey against multidrug resistant bacteria in Ayder Referral and Teaching Hospit
PMC5115846,0,T a b l e   1,"Methylglyoxal, dihydroxyacetone and 5-hydroxymethylfurufal concentrations for  Leptospermum  honeys.",8,10,True,PMC5115846_t0.csv,"Rapid and Reliable HPLC Method for the Simultaneous Determination of Dihydroxyacetone, Methylglyoxal and 5-Hydroxymethyl"
PMC5115846,1,T a b l e   2,Comparison between theoretical concentration of commercial methylglyoxal solutions and the results of quantitation method using the anisole technique.,4,3,True,PMC5115846_t1.csv,"Rapid and Reliable HPLC Method for the Simultaneous Determination of Dihydroxyacetone, Methylglyoxal and 5-Hydroxymethyl"
PMC5193333,0,T a b l e   1,Methylglyoxal (MGO) and dihydroxyacetone (DHA) levels in Australian  Leptospermum  honey samples.,17,7,True,PMC5193333_t0.csv,The Antibacterial Activity of Australian 
PMC5193333,1,T a b l e   2,Hydroxymethylfurfural (HMF) concentrations in Australian  Leptospermum  honey collected between 1998 and 2007.,9,4,True,PMC5193333_t1.csv,The Antibacterial Activity of Australian 
PMC5193333,2,T a b l e   3,Non-peroxide antibacterial activity of Australian  Leptospermum  honeys.,16,4,True,PMC5193333_t2.csv,The Antibacterial Activity of Australian 
PMC5287163,0,T a b l e   1,Characterization of LAB that showed high antifungal activity against  Candida  species,0,0,True,,Antifungal Activity of Lactic Acid Bacteria Strains Isolated from Natural Honey against Pathogenic 
PMC5287163,1,T a b l e   2,Similarity index of LAB isolated from honey samples as determined by API 50CHL and 16S rDNA,0,0,True,,Antifungal Activity of Lactic Acid Bacteria Strains Isolated from Natural Honey against Pathogenic 
PMC5287163,2,T a b l e   3,Susceptibility of  Candida  spp. to antifungal drugs measured by diameter of inhibition (mm) zone around the discs a,0,0,True,,Antifungal Activity of Lactic Acid Bacteria Strains Isolated from Natural Honey against Pathogenic 
PMC5287163,3,T a b l e   4,Growth inhibition zone of  Candida  species by LAB isolated from honey by dual agar overlay method after 24 hr incubation at 30℃ a,0,0,True,,Antifungal Activity of Lactic Acid Bacteria Strains Isolated from Natural Honey against Pathogenic 
PMC5287163,4,T a b l e   5,Inhibition zone of  Candida  species by CFS using agar well diffusion method after 24-hr incubation at 37℃ a,0,0,True,,Antifungal Activity of Lactic Acid Bacteria Strains Isolated from Natural Honey against Pathogenic 
PMC5302252,0,T a b l e   1,Most common compounds identified in manuka honey.,16,4,True,PMC5302252_t0.csv,The Composition and Biological Activity of Honey: A Focus on Manuka Honey
PMC5302252,1,T a b l e   2,List of microorganisms that have been found to be sensitive to manuka honeys [ 49 ].,17,2,True,PMC5302252_t1.csv,The Composition and Biological Activity of Honey: A Focus on Manuka Honey
PMC5326189,0,T a b l e   1,Antibiogram characteristics of pathogens,15,3,False,PMC5326189_t0.csv,Effect of United States buckwheat honey on antibiotic-resistant hospital acquired pathogens
PMC5487425,0,T a b l e   1,Reported effects for major compounds from different honeybee products.,76,4,True,PMC5487425_t0.csv,Therapeutic Properties of Bioactive Compounds from Different Honeybee Products
PMC5489923,0,T a b l e   1,Characterization of cinnamon bark extract.,6,2,False,PMC5489923_t0.csv,"Antibacterial Activity of Ethanolic Extract of Cinnamon Bark, Honey, and Their Combination Effects against Acne-Causing "
PMC5489923,1,T a b l e   2,Phytochemical screening of crude drug and extract of cinnamon bark.,7,3,True,PMC5489923_t1.csv,"Antibacterial Activity of Ethanolic Extract of Cinnamon Bark, Honey, and Their Combination Effects against Acne-Causing "
PMC5489923,2,T a b l e   3,"Antibacterial screening of the ethanolic extract of cinnamon bark, honey, and tetracycline HCl.",4,4,True,PMC5489923_t2.csv,"Antibacterial Activity of Ethanolic Extract of Cinnamon Bark, Honey, and Their Combination Effects against Acne-Causing "
PMC5489923,3,T a b l e   4,"Result of MIC and MBC of cinnamon bark extract, honey, and tetracycline HCl.",4,7,True,PMC5489923_t3.csv,"Antibacterial Activity of Ethanolic Extract of Cinnamon Bark, Honey, and Their Combination Effects against Acne-Causing "
PMC5489923,4,T a b l e   5,The result of the fractional inhibitory concentration index (FICI) between cinnamon bark extract and honey against tested bacteria.,6,7,True,PMC5489923_t4.csv,"Antibacterial Activity of Ethanolic Extract of Cinnamon Bark, Honey, and Their Combination Effects against Acne-Causing "
PMC5538150,0,T a b l e   1,Anti- H. pylori  activity of solvent extracts and fractions of acacia honey,0,0,True,,Isolation of Abscisic Acid from Korean Acacia Honey with Anti-
PMC5538150,1,T a b l e   2,MIC and MBC of abscisic acid against  H. pylori,0,0,True,,Isolation of Abscisic Acid from Korean Acacia Honey with Anti-
PMC5562472,0,T a b l e   1,"Physicochemical parameters of honey samples used (average ± standard deviation,  n  = 3).",6,4,True,PMC5562472_t0.csv,Antimicrobial effect of different types of honey on 
PMC5562472,1,T a b l e   2,Effect of different concentrations of honey on both methicillin sensitive and resistant  Staphylococcus aureus  using broth dilution method.,20,4,True,PMC5562472_t1.csv,Antimicrobial effect of different types of honey on 
PMC5562472,2,T a b l e   3,Effect of different concentrations of honey on both methicillin sensitive and resistant  Staphylococcus aureus  using the agar dilution method.,20,4,True,PMC5562472_t2.csv,Antimicrobial effect of different types of honey on 
PMC5562472,3,T a b l e   4,Comparison effect of honey on methicillin sensitive and resistant  Staphylococcus aureus.,3,5,True,PMC5562472_t3.csv,Antimicrobial effect of different types of honey on 
PMC5562472,4,T a b l e   5,Bacteriostatic/bactericidal effects of honey on methicillin sensitive and resistant  Staphylococcus aureus .,5,4,True,PMC5562472_t4.csv,Antimicrobial effect of different types of honey on 
PMC5578320,0,T a b l e   1,MGO concentration in either the coating solutions ( C s ) or resulting coated nonwoven fabrics ( C f ).,5,3,True,PMC5578320_t0.csv,Antibacterial Properties of Nonwoven Wound Dressings Coated with Manuka Honey or Methylglyoxal
PMC5578320,1,T a b l e   2,Average reduction in colony forming units (CFU) for  S. aureus.  Negative values indicate bacteria growth.,7,4,True,PMC5578320_t1.csv,Antibacterial Properties of Nonwoven Wound Dressings Coated with Manuka Honey or Methylglyoxal
PMC5578320,2,T a b l e   3,Average reduction in colony forming units (CFU) for  K. pneumoniae . Negative values indicate bacteria growth.,7,4,True,PMC5578320_t2.csv,Antibacterial Properties of Nonwoven Wound Dressings Coated with Manuka Honey or Methylglyoxal
PMC5578320,3,T a b l e   4,Effect of MGO concentration on the growth of  E. coli  when applied as a physical coating onto nonwoven samples.,11,7,True,PMC5578320_t3.csv,Antibacterial Properties of Nonwoven Wound Dressings Coated with Manuka Honey or Methylglyoxal
PMC5578320,4,T a b l e   5,Effect of MGO concentration on the growth of  S. aureus  when applied as a physical coating onto nonwoven samples.,11,7,True,PMC5578320_t4.csv,Antibacterial Properties of Nonwoven Wound Dressings Coated with Manuka Honey or Methylglyoxal
PMC5578320,5,T a b l e   6,Minimum inhibitory concentration (MIC) and minimum bactericidal concentration (MBC) (mg L −1 ) of MGO in liquid form against three common wound pathogens. VRE: vancomycin-resistant  Enterococcus faecalis .,10,5,True,PMC5578320_t5.csv,Antibacterial Properties of Nonwoven Wound Dressings Coated with Manuka Honey or Methylglyoxal
PMC5578320,6,T a b l e   7,Stipulated criteria for defining the effect of an antibacterial treatment.,7,4,True,PMC5578320_t6.csv,Antibacterial Properties of Nonwoven Wound Dressings Coated with Manuka Honey or Methylglyoxal
PMC5721633,0,T a b l e   1,"Relative AUC for  S. aureus  ATCC 6838, MIC and MBC for  S. aureus  ATCC 6838,  S. epidermidis  14990, and  P. aeruginosa  ATCC 27853 of cyclodextrin-complexed MGO Manuka Honey, uncomplexed Manuka honey and cyclodextrin. Relative AUC data are presented as mean±SD. Asterisks denote statistically significant differences (p<0.05).",11,6,True,PMC5721633_t0.csv,Preclinical development of MGO Manuka Honey microemulsion for blepharitis management
PMC5721633,1,T a b l e   2,In vivo  tear film parameters and ocular surface characteristics during the 5-week trial period of the eyes of rabbits instilled with undiluted MHME (1:10) or saline control. Data are presented as median (range) or mean±SD. Asterisks denote statistically significant differences (p<0.05).,77,10,True,PMC5721633_t1.csv,Preclinical development of MGO Manuka Honey microemulsion for blepharitis management
PMC5721633,2,T a b l e   3,In vivo  ocular surface characteristics during the 10 min period following instillation of undiluted MHME (1:10) or saline control to rabbit eyes. Data are presented as median (range). Asterisks denote statistically significant differences (p<0.05).,29,5,False,PMC5721633_t2.csv,Preclinical development of MGO Manuka Honey microemulsion for blepharitis management
PMC6027671,0,T a b l e   1,Susceptibility of urinary infection strains to prescribed antibiotics.,15,14,True,PMC6027671_t0.csv,Honey Bee as Alternative Medicine to Treat Eleven Multidrug-Resistant Bacteria Causing Urinary Tract Infection during Pr
PMC6027671,1,T a b l e   2,"Taste, pH and color intensity of honey samples.",7,5,True,PMC6027671_t1.csv,Honey Bee as Alternative Medicine to Treat Eleven Multidrug-Resistant Bacteria Causing Urinary Tract Infection during Pr
PMC6027671,2,T a b l e   3,Mean diameter (mm) of inhibition by honey samples against uropathogenic strains.,13,7,True,PMC6027671_t2.csv,Honey Bee as Alternative Medicine to Treat Eleven Multidrug-Resistant Bacteria Causing Urinary Tract Infection during Pr
PMC6027671,3,T a b l e   4,Minimum inhibitory concentration (MIC) and minimum bactericidal concentration (MBC) values of honey samples against uropathogen strains (%  w/v ).,13,13,True,PMC6027671_t3.csv,Honey Bee as Alternative Medicine to Treat Eleven Multidrug-Resistant Bacteria Causing Urinary Tract Infection during Pr
PMC6029468,0,T a b l e   1,Honey samples included in the study. The Danish samples were obtained by two local beekeepers from the Zealand Region. The Activon Manuka is a medical grade honey and was obtained from Advancis Medical. The raw Manuka was obtained from a local beekeeper in New Zealand.,15,2,True,PMC6029468_t0.csv,The Antibacterial Effect
PMC6029468,1,T a b l e   2,Mean zones of inhibition (mm) before (-) and after (+) treatment with the proteolytic enzyme proteinase-K on the 14 different honey samples.,20,15,True,PMC6029468_t1.csv,The Antibacterial Effect
PMC6029468,2,T a b l e   3,Mean zones of inhibition (mm) before (-) and after (+) treatment with the enzyme catalase on the 14 different honey samples.,20,15,True,PMC6029468_t2.csv,The Antibacterial Effect
PMC6034044,0,,Table 1:  Comparison of mean zone of inhibition for S.  mutans  between Dabur (25%) and manuka (25%) honey,3,14,True,PMC6034044_t0.csv,Manuka Honey: A Potent Cariostatic Agent— An 
PMC6034044,1,,Table 2:  Comparison of mean zone of inhibition for S.  mutans  between Dabur (100%) and manuka (100%) honey,3,14,True,PMC6034044_t1.csv,Manuka Honey: A Potent Cariostatic Agent— An 
PMC6034044,2,,Table 3:  Comparison of mean zone of inhibition for  Lactobacillus  between Dabur (25%) and manuka (25%) honey,3,14,True,PMC6034044_t2.csv,Manuka Honey: A Potent Cariostatic Agent— An 
PMC6034044,3,,Table 4:  Comparison of mean zone of inhibition for  Lactobacillus  between Dabur (100%) and manuka (100%) honey,3,14,True,PMC6034044_t3.csv,Manuka Honey: A Potent Cariostatic Agent— An 
PMC6034044,4,,Table 5:  Comparison of mean zone of inhibition for  S. mutans  between Dabur (25%) and Dabur (100%) honey,3,14,True,PMC6034044_t4.csv,Manuka Honey: A Potent Cariostatic Agent— An 
PMC6034044,5,,Table 6:  Comparison of mean zone of inhibition for  Lactobacillus  between Dabur (25%) and Dabur (100%) honey,3,14,True,PMC6034044_t5.csv,Manuka Honey: A Potent Cariostatic Agent— An 
PMC6034044,6,,Table 7:  Comparison of mean zone of inhibition for S.  mutans  between manuka (25%) and manuka (100%) honey,3,14,True,PMC6034044_t6.csv,Manuka Honey: A Potent Cariostatic Agent— An 
PMC6034044,7,,Table 8:  Comparison of mean zone of inhibition for  Lactobacillus  between manuka (25%) and manuka (100%) honey,3,16,True,PMC6034044_t7.csv,Manuka Honey: A Potent Cariostatic Agent— An 
PMC6034916,0,T a b l e   I,"Botanical source, geographical location, harvest date and TPC of the honey types.",23,5,True,PMC6034916_t0.csv,Antibacterial and antioxidant activity of different types of honey derived from Mount Olympus in Greece
PMC6034916,1,T a b l e   I I,Antibacterial activity of honeys against  Staphylococcus aureus  in comparison to Manuka honey in agar well diffusion and MIC assays.,23,7,True,PMC6034916_t1.csv,Antibacterial and antioxidant activity of different types of honey derived from Mount Olympus in Greece
PMC6034916,2,T a b l e   I I I,Antibacterial activity of honeys against  Pseudomonas aeruginosa  in comparison to Manuka honey in agar well diffusion and MIC assays.,23,7,True,PMC6034916_t2.csv,Antibacterial and antioxidant activity of different types of honey derived from Mount Olympus in Greece
PMC6034916,3,T a b l e   I V,"Correlation coefficient (r) values estimated from correlation analysis between values of DPPH, ABTS, TPC and well diffusion assays in  S. aureus  and  P. aeruginosa  of honey samples.",5,6,True,PMC6034916_t3.csv,Antibacterial and antioxidant activity of different types of honey derived from Mount Olympus in Greece
PMC6034916,4,T a b l e   V,Antioxidant capacity and TPC of the honey powders.,5,3,True,PMC6034916_t4.csv,Antibacterial and antioxidant activity of different types of honey derived from Mount Olympus in Greece
PMC6053432,0,T a b l e   1,pH and calcium concentration in the substances used in the experiment.,11,4,True,PMC6053432_t0.csv,Impact of honey on dental erosion and adhesion of early bacterial colonizers
PMC6053432,1,T a b l e   2,"Minimum inhibitory concentration (MIC) values for the different honeys, their components and propolis against selected oral species.",7,7,True,PMC6053432_t1.csv,Impact of honey on dental erosion and adhesion of early bacterial colonizers
PMC6252015,0,T a b l e   1,Description of Honey samples (n = 11) obtained from different regions of Saudi Arabia.,12,3,True,PMC6252015_t0.csv,Floral markers and biological activity of Saudi honey
PMC6252015,1,T a b l e   2,"Non-phenolic floral markers, total phenolic content (TPC), antioxidant activity (AA) and antibacterial activity (determined as zone of inhibition) of Saudi honey obtained from different botanical sources.",13,8,True,PMC6252015_t1.csv,Floral markers and biological activity of Saudi honey
PMC6268398,0,T a b l e   1,Values of physicochemical properties of the different varieties of honey.,6,7,True,PMC6268398_t0.csv,Antibacterial and Antioxidant Potency of Floral Honeys from Different Botanical and Geographical Origins
PMC6268398,1,T a b l e   2,Phenol content (mg gallic acid/kg) and FRAP values of tested honeys.,8,3,True,PMC6268398_t1.csv,Antibacterial and Antioxidant Potency of Floral Honeys from Different Botanical and Geographical Origins
PMC6268398,2,T a b l e   3,The antibacterial potency of honeys against the tested strains.,6,5,True,PMC6268398_t2.csv,Antibacterial and Antioxidant Potency of Floral Honeys from Different Botanical and Geographical Origins
PMC6269728,0,T a b l e   1,"Effect of the bacteria species, presence of catalase, and their interaction on the Minimum Inhibitory Concentration (MIC).",10,3,True,PMC6269728_t0.csv,Effect of 
PMC6269728,1,T a b l e   2,"Effect of the yeasts species, presence of catalase, and their interaction on the Minimum Inhibitory Concentration (MIC).",10,3,True,PMC6269728_t1.csv,Effect of 
PMC6269728,2,T a b l e   3,"Pearson’s correlation coefficients between MIC and phenols, between MIC and flavonoids, and between MIC and sugars for the bacteria studied.",4,5,True,PMC6269728_t2.csv,Effect of 
PMC6269728,3,T a b l e   4,"Pearson’s correlation coefficients between MIC and phenols, between MIC and flavonoids, and between MIC and sugars for the yeasts studied.",4,5,True,PMC6269728_t3.csv,Effect of 
PMC6313337,0,T a b l e   1,Minimum inhibitory concentration (MIC) values of the antimicrobial agents used.,5,3,True,PMC6313337_t0.csv,A New Approach for Indexing Honey for Its Heath/Medicinal Benefits: Visualization of the Concept by Indexing Based on An
PMC6313337,1,T a b l e   2,"Commercial honey types from Palestine, * prices, and antioxidant and antimicrobial activity. Each number is an average of four replications.  HBI  was calculated according to equation 1 based on both properties (antioxidant and antimicrobial activities).",7,6,True,PMC6313337_t1.csv,A New Approach for Indexing Honey for Its Heath/Medicinal Benefits: Visualization of the Concept by Indexing Based on An
PMC6313337,2,T a b l e   3,"Commercial Bulgarian honey types, prices, and antioxidant and antimicrobial activity.",6,6,True,PMC6313337_t2.csv,A New Approach for Indexing Honey for Its Heath/Medicinal Benefits: Visualization of the Concept by Indexing Based on An
PMC6313337,3,T a b l e   4,"Commercial Israeli honey types, prices, and antioxidant and antimicrobial activity.",5,6,True,PMC6313337_t3.csv,A New Approach for Indexing Honey for Its Heath/Medicinal Benefits: Visualization of the Concept by Indexing Based on An
PMC6313337,4,T a b l e   5,"Free radical scavenging values for the wildflower honeys (from different bottles that were purchased from the same vendor, [Israeli honey factory, termed above as vendor 3]).",7,3,True,PMC6313337_t4.csv,A New Approach for Indexing Honey for Its Heath/Medicinal Benefits: Visualization of the Concept by Indexing Based on An
PMC6332115,0,T a b l e   1,"Physicochemical parameters of honey samples (average ± standard deviation,  n  = 3).",7,4,True,PMC6332115_t0.csv,Comparing the Antibacterial and Functional Properties of Cameroonian and Manuka Honeys for Potential Wound Healing—Have 
PMC6332115,1,T a b l e   2,Correlation matrix between the total phenol content of each honey and their respective anti-oxidation capacity (FRAP values).,4,4,True,PMC6332115_t1.csv,Comparing the Antibacterial and Functional Properties of Cameroonian and Manuka Honeys for Potential Wound Healing—Have 
PMC6332115,2,T a b l e   3,Mean zones of inhibition (mm) of different honey concentrations against the three microbial organisms.,6,13,True,PMC6332115_t2.csv,Comparing the Antibacterial and Functional Properties of Cameroonian and Manuka Honeys for Potential Wound Healing—Have 
PMC6332115,3,T a b l e   4,"Turbidity measurements of various honey solutions at different concentrations, showing the MIC values of the three types of honey against the three microorganisms [(+) indicates bacteria growth (−) indicates no growth].",20,25,True,PMC6332115_t3.csv,Comparing the Antibacterial and Functional Properties of Cameroonian and Manuka Honeys for Potential Wound Healing—Have 
PMC6332115,4,T a b l e   5,"( a ) Zones of inhibition of various honeys after treatment with catalase; ( b ) comparison between zones of inhibition generated for 75%  w / v  of honey without catalase and honey with catalase, against the three bacterial organisms.",10,10,True,PMC6332115_t4.csv,Comparing the Antibacterial and Functional Properties of Cameroonian and Manuka Honeys for Potential Wound Healing—Have 
PMC6397887,0,T a b l e   1,Chemical markers assigned to honeys.,8,3,True,PMC6397887_t0.csv,Antimicrobial Activity of 
PMC6397887,1,T a b l e   2,Minimum inhibitory concentration (MIC) and minimum bactericidal concentration (MBC) of honey (%) to inhibit 100% of the microbial growth  in vitro  expressed in % w/v solution ( n  = 3).,10,13,True,PMC6397887_t1.csv,Antimicrobial Activity of 
PMC6397887,2,T a b l e   3,Analysis of variance (ANOVA) main effect of independent variables: tests of independent variables.,12,6,True,PMC6397887_t2.csv,Antimicrobial Activity of 
PMC6397887,3,T a b l e   4,LC-MS/MS parameters for detection of phenolic compounds in MRM mode.,21,6,True,PMC6397887_t3.csv,Antimicrobial Activity of 
PMC6416547,0,T a b l e   1,Layer-wise composition of media (honey and water) and freeze–thaw cycle parameters.,10,4,True,PMC6416547_t0.csv,Physically Cross-Linked Gels of PVA with Natural Polymers as Matrices for Manuka Honey Release in Wound-Care Application
PMC6416547,1,T a b l e   2,Composition of samples according to polymer content.,9,6,False,PMC6416547_t1.csv,Physically Cross-Linked Gels of PVA with Natural Polymers as Matrices for Manuka Honey Release in Wound-Care Application
PMC6416547,2,T a b l e   3,PVA’s Fourier-transform infrared spectroscopy (FTIR) bands and vibration modes.,15,2,False,PMC6416547_t2.csv,Physically Cross-Linked Gels of PVA with Natural Polymers as Matrices for Manuka Honey Release in Wound-Care Application
PMC6416547,3,T a b l e   4,"Samples FTIR bands, where “G” is gelatin, “S” is starch, “CMC” is sodium carboxymethyl cellulose, and “H” is manuka honey.",29,11,True,PMC6416547_t3.csv,Physically Cross-Linked Gels of PVA with Natural Polymers as Matrices for Manuka Honey Release in Wound-Care Application
PMC6416547,4,T a b l e   5,Kinetics parameters of the model representing honey delivery from the samples.,5,7,True,PMC6416547_t4.csv,Physically Cross-Linked Gels of PVA with Natural Polymers as Matrices for Manuka Honey Release in Wound-Care Application
PMC6416547,5,T a b l e   6,DSC data of the evaluated samples.,10,12,False,PMC6416547_t5.csv,Physically Cross-Linked Gels of PVA with Natural Polymers as Matrices for Manuka Honey Release in Wound-Care Application
PMC6416547,6,T a b l e   7,Antimicrobial analysis regarding the samples and manuka honey dilutions.,14,2,True,PMC6416547_t6.csv,Physically Cross-Linked Gels of PVA with Natural Polymers as Matrices for Manuka Honey Release in Wound-Care Application
PMC6425412,0,T a b l e   1,Physicochemical composition of honey samples of the study areas.,9,8,True,PMC6425412_t0.csv,Comparative Assessment on Selected Physicochemical Parameters and Antioxidant and Antimicrobial Activities of Honey Samp
PMC6425412,1,T a b l e   2,Total phenolic content and antioxidant activity of the studied honey samples.,7,5,True,PMC6425412_t1.csv,Comparative Assessment on Selected Physicochemical Parameters and Antioxidant and Antimicrobial Activities of Honey Samp
PMC6425412,2,T a b l e   3,Antioxidant activity of honey samples in terms of their IC 50  values.,8,5,True,PMC6425412_t2.csv,Comparative Assessment on Selected Physicochemical Parameters and Antioxidant and Antimicrobial Activities of Honey Samp
PMC6425412,3,T a b l e   4,Correlations between total phenolic contents and RSA of honey samples.,5,6,True,PMC6425412_t3.csv,Comparative Assessment on Selected Physicochemical Parameters and Antioxidant and Antimicrobial Activities of Honey Samp
PMC6425412,4,T a b l e   5,Antibacterial potential of the tested honey samples against selected bacterial species.,8,5,True,PMC6425412_t4.csv,Comparative Assessment on Selected Physicochemical Parameters and Antioxidant and Antimicrobial Activities of Honey Samp
PMC6470442,0,T a b l e   1,"Wound infection and sociodemographic characteristics of the patients with wound infection at Arba Minch Hospital, Arba Minch, May–November 2017.",26,4,True,PMC6470442_t0.csv,Antibacterial Activity of Honey against Methicillin-Resistant 
PMC6470442,1,T a b l e   2,"Antimicrobial susceptibility pattern of MSSA and MRSA from infected wound patients at Arba Minch Hospital, Arba Minch, South Ethiopia, May–November 2017.",10,11,True,PMC6470442_t1.csv,Antibacterial Activity of Honey against Methicillin-Resistant 
PMC6470442,2,T a b l e   3,"MIC (% v/v) of honey-2 samples against MRSA isolates in Arba Minch Province, Arba Minch, May–November 2017.",12,10,True,PMC6470442_t2.csv,Antibacterial Activity of Honey against Methicillin-Resistant 
PMC6470442,3,T a b l e   4,"MBC (% v/v) of honey-2 samples against MRSA isolates in Arba Minch Province, Arba Minch, May–November 2017.",12,8,True,PMC6470442_t3.csv,Antibacterial Activity of Honey against Methicillin-Resistant 
PMC6537647,0,T a b l e   1,Activity study groups,9,3,True,PMC6537647_t0.csv,Comparative Evaluation of Wound Healing Potential of Manuka and Acacia Honey in Diabetic and Nondiabetic Rats
PMC6601024,0,T a b l e   1,Minimal inhibitory concentration (µg/mL) of the hydroalcoholic extract and the essential oil of  Laurus nobilis  against five  Paenibacillus larvae  isolated strains two references were used from OIE Reference Laboratories for American foulbrood acquired in (UB‐CIDEFI) .,8,3,True,PMC6601024_t0.csv,
PMC6601024,1,T a b l e   2,"Possible generalized linear mixed (GLM) models with binomial distribution explaining the variations of cell ratio: uncapped (U), capped (C), honey (H), bee bread (B) and empty (E) cells.",6,2,True,PMC6601024_t1.csv,
PMC6601024,2,T a b l e   3,Possible generalized linear mixed (GLM) models with binomial distribution explaining the variations of the cleaned cell ratio.,3,3,False,PMC6601024_t2.csv,
PMC6659206,0,T a b l e   1,"Geographical location, floral source and harvesting season of Saudi honeys",11,5,True,PMC6659206_t0.csv,In vitro evaluation of methicillin-resistant and methicillin-sensitive 
PMC6659206,1,T a b l e   4,Minimum inhibitory concentrations (MICs) (%v/v) of honeys against clinical isolates of MRSA and ATCC standard strains,14,5,True,PMC6659206_t1.csv,In vitro evaluation of methicillin-resistant and methicillin-sensitive 
PMC6659206,2,T a b l e   2,Inhibition zone (mm) of honey samples at 50 and 25% (w/v) dilutions in sterile purified water and 50 and 25% (v/v) dilutions in catalase solution by agar well diffusion assay against MSSA,13,6,True,PMC6659206_t2.csv,In vitro evaluation of methicillin-resistant and methicillin-sensitive 
PMC6659206,3,T a b l e   3,Inhibition zone (mm) of honey samples at 50 and 25% (w/v) dilutions in sterile purified water and 50 and 25% (w/v) dilutions in catalase solution by agar well diffusion assay against MRSA,13,6,True,PMC6659206_t3.csv,In vitro evaluation of methicillin-resistant and methicillin-sensitive 
PMC6659206,4,T a b l e   5,"Comparison of mean minimum inhibitory concentrations of Manuka, Sumra and simulated honey against MRSA",8,7,True,PMC6659206_t4.csv,In vitro evaluation of methicillin-resistant and methicillin-sensitive 
PMC6733388,0,T a b l e   1,"Honey type, botanical origin, collecting honey bee species, apiary location, sample code, and color designation of different honey samples used in the experiment.",6,7,True,PMC6733388_t0.csv,Antibacterial potential of some Saudi honeys from Asir region against selected pathogenic bacteria
PMC6733388,1,T a b l e   2,Measurement of average zone of inhibition (mm) produced by Saudi honey samples at different concentrations against five bacterial pathogens.,8,12,True,PMC6733388_t1.csv,Antibacterial potential of some Saudi honeys from Asir region against selected pathogenic bacteria
PMC6733388,2,T a b l e   3,Minimum inhibitory concentration (%v/v) of different Saudi honey samples from Asir region against bacterial pathogens.,1,1,True,PMC6733388_t2.csv,Antibacterial potential of some Saudi honeys from Asir region against selected pathogenic bacteria
PMC6814216,0,T a b l e   1,"MIC 50 , MIC 90 , and MIC ranges of Manuka honeys UMF 5+, 10+, and 15+ tested against MRSA, MSSA, and coagulase-negative staphylococci.",13,5,True,PMC6814216_t0.csv,Antibacterial activity of varying UMF-graded Manuka honeys
PMC6814216,1,T a b l e   2,"MIC 50 , MIC 90 , and MIC ranges of Manuka honeys UMF 5+, 10+, and 15+ tested against gram-negative organisms.",22,6,True,PMC6814216_t1.csv,Antibacterial activity of varying UMF-graded Manuka honeys
PMC6835506,0,T a b l e   1,List of bacterial strains.,7,3,True,PMC6835506_t0.csv,Oligosaccharides Isolated from MGO™ Manuka Honey Inhibit the Adhesion of 
PMC6835506,1,T a b l e   2,Percentage Inhibition of adhesion.,5,5,True,PMC6835506_t1.csv,Oligosaccharides Isolated from MGO™ Manuka Honey Inhibit the Adhesion of 
PMC6881396,0,T a b l e   1,Physical and chemical parameters of honeys (mean values).,8,10,True,PMC6881396_t0.csv,Anti-biofilm effects and characterisation of the hydrogen peroxide activity of a range of Western Australian honeys comp
PMC6881396,1,T a b l e   2,MICs of honey (mean % w/v) in the presence and absence of catalase enzyme.,25,6,True,PMC6881396_t1.csv,Anti-biofilm effects and characterisation of the hydrogen peroxide activity of a range of Western Australian honeys comp
PMC6881396,2,T a b l e   3,MICs of honey (mean % w/v) before and after the accumulation of hydrogen peroxide for 3 h.,14,6,True,PMC6881396_t2.csv,Anti-biofilm effects and characterisation of the hydrogen peroxide activity of a range of Western Australian honeys comp
PMC6881396,3,T a b l e   4,MICs of honey (mean % w/v) or novobiocin (mode; µg/ml) against Gram negative bacteria in the presence and absence of membrane modifying compounds.,18,6,True,PMC6881396_t3.csv,Anti-biofilm effects and characterisation of the hydrogen peroxide activity of a range of Western Australian honeys comp
PMC6890799,0,T a b l e   1,"Harvesting, geographical and composition data for honey samples.",6,7,True,PMC6890799_t0.csv,Honey can inhibit and eliminate biofilms produced by 
PMC6890799,1,T a b l e   2,Concentrations of honey required to inhibit  P. aeruginosa  cell growth and biofilm formation before and after exposure to honey.,8,9,True,PMC6890799_t1.csv,Honey can inhibit and eliminate biofilms produced by 
PMC6963415,0,T a b l e   1,Antimicrobial effect of honey from different geographical locations.,25,3,True,PMC6963415_t0.csv,Dissecting the Antimicrobial Composition of Honey
PMC6963415,1,T a b l e   2,Common polyphenolic compounds found within honey and their antimicrobial mechanism of action.,15,4,True,PMC6963415_t1.csv,Dissecting the Antimicrobial Composition of Honey
PMC6977423,0,T a b l e   1,Data of Sidr ( Ziziphus spina-christi L .) and Talh ( Acacia gerrardii Benth .) honey samples collected from different regions of Saudi Arabia,32,5,True,PMC6977423_t0.csv,In vitro antimicrobial activities of Saudi honeys originating from 
PMC6977423,1,T a b l e   2,"Diameter of inhibition zone indicating the antimicrobial activity of Sidr and Talh honey samples against pathogenic gram‐positive (G + ) bacteria, gram‐negative (G ‐ ) bacteria, and a dermatophyte fungus",11,5,True,PMC6977423_t1.csv,In vitro antimicrobial activities of Saudi honeys originating from 
PMC6977423,2,T a b l e   3,Antimicrobial activities of antibacterial antibiotics against mycobacterial strains,9,3,True,PMC6977423_t2.csv,In vitro antimicrobial activities of Saudi honeys originating from 
PMC6977423,3,T a b l e   4,Antimicrobial activities of antifungal antibiotics against the fungal strain,5,2,True,PMC6977423_t3.csv,In vitro antimicrobial activities of Saudi honeys originating from 
PMC6981522,0,T a b l e   1,Preliminary selection of  Bacillus  strains isolated from stingless bee honey from different geographical locations. CFU: colony-forming unit.,8,10,True,PMC6981522_t0.csv,Probiotic Properties of 
PMC6981522,1,T a b l e   2,Antagonistic activities of  Bacillus  species against six different pathogenic bacteria.,23,7,True,PMC6981522_t1.csv,Probiotic Properties of 
PMC6981522,2,T a b l e   3,The survival of selected probiotic  Bacillus  isolates in simulated gastrointestinal conditions.,6,3,True,PMC6981522_t2.csv,Probiotic Properties of 
PMC6981522,3,T a b l e   4,Cell adhesion activity of selected probiotic species.,4,3,True,PMC6981522_t3.csv,Probiotic Properties of 
PMC6981522,4,T a b l e   5,"Antibiotic susceptibility of  Bacillus  isolates to antibiotics. Antibiotics: AMP10 (ampicillin, 10 μg); C30 (chloramphenicol, 30 μg); CIP5 (ciprofloxacin, 15 μg); E15 (erythromycin, 15 μg); CN10 (gentamicin, 10 μg); K30 (kanamycin, 30 μg); TE30 (tetracycline, 30 μg); TEC30 (teicoplanin, 30 μg); VA30 (vancomycin, 30 μg); RD30 (rifampicin, 30 μg); and S10 (streptomycin, 10 μg). R: resistant; S: sus",5,13,True,PMC6981522_t4.csv,Probiotic Properties of 
PMC7036894,0,T a b l e   1,Main effects of selected flavonoids and phenolic acids on skin.,11,4,True,PMC7036894_t0.csv,Bee Products in Dermatology and Skin Care
PMC7036894,1,T a b l e   2,The summary of the skin diseases where the therapeutic application of bee products has been studied.,32,5,True,PMC7036894_t1.csv,Bee Products in Dermatology and Skin Care
PMC7076972,0,T a b l e   1,Descriptions and physical characteristics of the honey samples,7,9,True,PMC7076972_t0.csv,Physical characteristics and antimicrobial properties of 
PMC7076972,1,T a b l e   2,Mean zones of inhibition in millimetres and phenol equivalence (% w/v phenol shown in brackets) as determined by the agar diffusion assay,7,7,True,PMC7076972_t1.csv,Physical characteristics and antimicrobial properties of 
PMC7142649,0,T a b l e   1,"Variation in growth of  E. coli  ATCC 10536,  S.  Typhi and  K. pneumoniae  at subinhibitory and inhibitory concentrations of branded and unbranded honey.",17,13,True,PMC7142649_t0.csv,"Antibiotics, Acid and Heat Tolerance of Honey adapted "
PMC7142649,1,T a b l e   2,"Minimum inhibitory concentration (MIC) (%  v/v ) of branded and unbranded honey against  E. coli  ATCC 10536,  S.  Typhi and  K. pneumoniae  after fourth passage of the cells at ¼ and ½  ×  MIC of honeys (C: control; M: assay with branded honey; R: assay with unbranded honey.",9,19,True,PMC7142649_t1.csv,"Antibiotics, Acid and Heat Tolerance of Honey adapted "
PMC7168267,0,T a b l e   1,"Tested concentrations of honey (Portuguese heather (PH) and manuka), commercial antifungal agent (FLU) and commercial antibiotic agent (GEN) .",4,3,True,PMC7168267_t0.csv,Honey as a Strategy to Fight 
PMC7345844,0,T a b l e   1,Phenotypic and genotypic features of SP isolates.,10,8,True,PMC7345844_t0.csv,In Vitro Efficacy of Essential Oils from 
PMC7345844,1,T a b l e   2,Dissemination of virulence genes among MDR and non-MDR strains.,7,4,False,PMC7345844_t1.csv,In Vitro Efficacy of Essential Oils from 
PMC7396681,0,T A B L E   1,"In vitro  anticariogenic activity of honey, myrtle, and pomegranate polyphenolic extracts, and amoxicillin, used individually and in binary combinations, determined with the agar diffusion method.",17,3,True,PMC7396681_t0.csv,
PMC7396681,1,T A B L E   2,"Quantitative evaluation of  in vitro  anticariogenic activity of acacia honey extract, myrtle leaves extract, and pomegranate peel extract, and amoxicillin, used individually and in binary combinations.",13,5,True,PMC7396681_t1.csv,
PMC7396681,2,T A B L E   3,"Antibacterial effects of binary combinations of pomegranate, myrtle, honey extracts, and amoxicillin on  S. mutans  and  R. dentocariosa.",13,5,True,PMC7396681_t2.csv,
PMC7419495,0,T a b l e   1,Oligonucleotide primers used in PCR.,5,4,False,PMC7419495_t0.csv,Effect of manuka honey on biofilm-associated genes expression during methicillin-resistant 
PMC7419495,1,T a b l e   2,Sequences of primers designed for real-time qRT-PCR analyses.,9,3,False,PMC7419495_t1.csv,Effect of manuka honey on biofilm-associated genes expression during methicillin-resistant 
PMC7419495,2,T a b l e   3,Antibacteriassl activity of manuka honey against methicillin-resistant  Staphylococcus aureus  (MRSA) strains in planktonic culture and biofilm conditions.,5,7,True,PMC7419495_t2.csv,Effect of manuka honey on biofilm-associated genes expression during methicillin-resistant 
PMC7442301,0,T a b l e   1 .,"Differential characteristics of strains wkB301 T , wkB309 and closely related members of the family  Flavobacteriaceae 
 Taxa: 1, wkB301 T ; 2, wkB309; 3,  Empedobacter brevis  CCUG 7320 T ; 4,  O. rhinotracheale  (multiple strains); 5,  C. gleum  (multiple strains). +, Positive; − , negative;  v , variable between strains;  v (+), majority positive;  v ( − ), majority negative;  nd , no data. All",40,6,True,PMC7442301_t0.csv,"
"
PMC7451694,0,T a b l e   1,Melissopalynologicala analysis of the honey samples.,8,2,True,PMC7451694_t0.csv,"Physico-chemical, antioxidant and anti-microbial properties of some Ethiopian mono-floral honeys"
PMC7451694,1,T a b l e   2,The mean and standard deviation of physicochemical and antioxidant properties of the tested honey samples (n = 6).,10,11,True,PMC7451694_t1.csv,"Physico-chemical, antioxidant and anti-microbial properties of some Ethiopian mono-floral honeys"
PMC7451694,2,T a b l e   3,The antimicrobial property of different mono-floral honeys as Minimum Inhibitory Concentration (MIC) that necessary to inhibit 100% of the microbial growth in vitro expressed as mean and standard deviation of v/v % solution (n = 7).,20,8,True,PMC7451694_t2.csv,"Physico-chemical, antioxidant and anti-microbial properties of some Ethiopian mono-floral honeys"
PMC7531947,0,T A B L E   1,Summary of the antibiotic resistance genes found by sequencing of each isolate,20,8,True,PMC7531947_t0.csv,Antibacterial and Antivirulence Activity of Manuka Honey against Genetically Diverse 
PMC7554693,0,T a b l e   1,Commercial honey samples tested in the study.,37,4,True,PMC7554693_t0.csv,Demanding New Honey Qualitative Standard Based on Antibacterial Activity
PMC7573686,0,T a b l e   1,"Composition of model honeys. The “S”, “G” and “H” stands for the sugars, gluconic acid and hydrogen peroxide (H 2 O 2 ) respectively.",21,8,True,PMC7573686_t0.csv,Use of a model to understand the synergies underlying the antibacterial mechanism of H
PMC7600471,0,T a b l e   1,Summary statistics of minimal inhibitory concentrations and minimal bactericidal concentrations of different Manuka honey methylglyoxal (MGO) grades against 20 clinical isolates of toxigenic  C. difficile .,8,5,True,PMC7600471_t0.csv,The Bactericidal Activity and Spore Inhibition Effect of Manuka Honey against 
PMC7693943,0,T a b l e   1,"Summary of the honey used in this review, the organisms tested and the antibiotic resistance of those organisms.",14,4,True,PMC7693943_t0.csv,Clinical Significance of Manuka and Medical-Grade Honey for Antibiotic-Resistant Infections: A Systematic Review
PMC7693943,1,T a b l e   2,Overall bacterial pathogen susceptibility: identifying the most effective and least effective Manuka and medical-grade honeys.,14,5,True,PMC7693943_t1.csv,Clinical Significance of Manuka and Medical-Grade Honey for Antibiotic-Resistant Infections: A Systematic Review
PMC7693943,2,T a b l e   3,Examples of bacterial resistance and the efficacy of honey.,15,3,True,PMC7693943_t2.csv,Clinical Significance of Manuka and Medical-Grade Honey for Antibiotic-Resistant Infections: A Systematic Review
PMC7699395,0,T a b l e   1,Minimal bactericidal concentration (MBC) and biofilm bactericidal concentration (BBC) values of Manuka honey (MH) and ethanol extract of propolis (EEP) obtained with reference strains.,9,7,True,PMC7699395_t0.csv,Biofilm Formation Reducing Properties of Manuka Honey and Propolis in 
PMC7699395,1,T a b l e   2,"Comparison of  Proteus mirabilis 
 a  susceptibility to Manuka honey (MH).",7,4,True,PMC7699395_t1.csv,Biofilm Formation Reducing Properties of Manuka Honey and Propolis in 
PMC7699395,2,T a b l e   3,"Comparison of  Proteus mirabilis 
 a  susceptibility to ethanol extract of propolis (EEP) and ethanol (EtOH).",12,7,True,PMC7699395_t2.csv,Biofilm Formation Reducing Properties of Manuka Honey and Propolis in 
PMC7699395,3,T a b l e   4,Manuka honey minimal inhibitory concentration (MIC) and MBC values obtained for selected bacteria based on literature review and own research.,6,4,True,PMC7699395_t3.csv,Biofilm Formation Reducing Properties of Manuka Honey and Propolis in 
PMC7699395,4,,,4,2,True,PMC7699395_t4.csv,Biofilm Formation Reducing Properties of Manuka Honey and Propolis in 
PMC7699395,5,T a b l e   A 1,Juxtaposition of 0.5 McFarland standard with CFU per mL for reference strains.,7,3,False,PMC7699395_t5.csv,Biofilm Formation Reducing Properties of Manuka Honey and Propolis in 
PMC7700082,0,T a b l e   1,Search Terms Used in the Study,8,3,True,PMC7700082_t0.csv,Honey Combination Therapies for Skin and Wound Infections: A Systematic Review of the Literature
PMC7700082,1,T a b l e   2,Table Created in Accordance with PRISMA Guidelines Showing Number of Articles Identified and Included in This Systematic Review,5,3,False,PMC7700082_t1.csv,Honey Combination Therapies for Skin and Wound Infections: A Systematic Review of the Literature
PMC7700082,2,T a b l e   3,Summary of the Key in vitro Findings of the Antimicrobial Activity of Honey and Antibiotic Combinations,8,6,True,PMC7700082_t2.csv,Honey Combination Therapies for Skin and Wound Infections: A Systematic Review of the Literature
PMC7700082,3,T a b l e   4,Summary of the Key in vitro Findings of the Antimicrobial Activity of Honey and Natural Agent Combinations,11,6,True,PMC7700082_t3.csv,Honey Combination Therapies for Skin and Wound Infections: A Systematic Review of the Literature
PMC7712053,0,T a b l e   1,Characteristic of honey samples tested.,43,8,True,PMC7712053_t0.csv,Antibacterial Activity of Honey Samples from Ukraine
PMC7712053,1,T a b l e   2,Results of Minimum Inhibitory Concentration (MIC) and Minimum Bactericidal Concentration (MBC) tests of honey (modal values).,165,5,True,PMC7712053_t1.csv,Antibacterial Activity of Honey Samples from Ukraine
PMC7719625,0,T a b l e   1,Antimicrobial activity of Medihoney Antibacterial Wound Gel (MAWG) against clinical isolates grown as planktonic cultures. 1,30,5,True,PMC7719625_t0.csv,
PMC7719625,1,T a b l e   2,Susceptibility of microplate-based biofilms to MAWG and its active components.,5,9,True,PMC7719625_t1.csv,
PMC7725308,0,T a b l e   1,"Relative percentage growth of each organism at each concentration of honey, for all honeys excluding artificial and pasture.",15,6,True,PMC7725308_t0.csv,Development and validation of a new microplate assay that utilises optical density to quantify the antibacterial activit
PMC7725308,1,T a b l e   2,Results of method validation.,21,2,True,PMC7725308_t1.csv,Development and validation of a new microplate assay that utilises optical density to quantify the antibacterial activit
PMC7725308,2,T a b l e   3,Comparison of values from the new antibacterial activity scale to the existing phenol equivalence scale. Numbers are the mean ± standard deviation for all values within each specified range.,12,5,True,PMC7725308_t2.csv,Development and validation of a new microplate assay that utilises optical density to quantify the antibacterial activit
PMC7751431,0,T a b l e   1,"Numbers of actinomycetes isolated from  A. dorsata  using glycerol asparagine agar (ISP5), starch casein nitrate agar (SC) and Czapek’s agar (CZ).",6,5,True,PMC7751431_t0.csv,Antimicrobial activity of 
PMC7751431,1,T a b l e   2,"Characterization and identification of actinomycetes using the 16S rDNA gene sequence and minimum inhibitory concentration (MIC) values of actinomycetes against the growth of 1,  X. campestris  pv.  campestris ; 2,  X. oryzae  pv.  oryzae ; 3,  R. solanacearum  and 4,  P. carotovorum .",12,9,True,PMC7751431_t1.csv,Antimicrobial activity of 
PMC7765399,0,T a b l e   1,Molecular interactions of Manuka (M)/Heather (H) honey constituents showing the best ligand efficiencies for  Pa DsbA1  1 .,25,7,True,PMC7765399_t0.csv,Antibiofilm Activity of Heather and Manuka Honeys and Antivirulence Potential of Some of Their Constituents on the DsbA1
PMC7884280,0,T a b l e   1 .,"Gene specific primers of  P. aeruginosa  used for RT-qPCR analysis ( 37 ,  38 ).",21,4,False,PMC7884280_t0.csv,Antibacterial properties of selected Malaysian Tualang honey against 
PMC7884280,1,T a b l e   2 .,"Gene specific primers of  S. pyogenes  used for RT-qPCR analysis ( 15 ,  17 ,  32 ).",13,4,False,PMC7884280_t1.csv,Antibacterial properties of selected Malaysian Tualang honey against 
PMC7884280,2,T a b l e   3 .,MIC values (%) determined by visual inspection and spectrophotometric measurement and MBC values (%) of TH,3,4,True,PMC7884280_t2.csv,Antibacterial properties of selected Malaysian Tualang honey against 
PMC7918412,0,T a b l e   1,Antifungal activity of different honey types on a collection of dermatophyte species.,9,8,True,PMC7918412_t0.csv,Inhibition of Dermatophyte Fungi by Australian Jarrah Honey
PMC7918412,1,T a b l e   2,Effect of catalase treatment on the antifungal properties of jarrah and stringybark honey.,6,7,True,PMC7918412_t1.csv,Inhibition of Dermatophyte Fungi by Australian Jarrah Honey
PMC7918412,2,T a b l e   3,Honey samples used in this study.,7,5,True,PMC7918412_t2.csv,Inhibition of Dermatophyte Fungi by Australian Jarrah Honey
PMC7918412,3,T a b l e   4,Honey solutions created to test a range of concentrations of Jarrah (Barnes 10+) honey and H 2 O 2  based on the MIC for  T. rubrum  while keeping osmolarity consistent at 10% ( w / v ) honey.,26,6,True,PMC7918412_t3.csv,Inhibition of Dermatophyte Fungi by Australian Jarrah Honey
PMC7936102,0,T a b l e   1,Elution gradient of the UHPLC-ToF-MS methods used to determine MGO in honey samples.,6,3,True,PMC7936102_t0.csv,Portuguese honeys as antimicrobial agents against 
PMC7936102,1,T a b l e   2,Pollen and physical-chemical characterization of the different honeys.,8,11,True,PMC7936102_t1.csv,Portuguese honeys as antimicrobial agents against 
PMC7936102,2,T a b l e   3,The minimum inhibitory concentrations (MICs) and minimum fungicidal/bactericidal concentrations (MFC/MBC) of different Portuguese honeys and manuka honey against  Candida  species (% w/v).,21,15,True,PMC7936102_t2.csv,Portuguese honeys as antimicrobial agents against 
PMC8002709,0,T a b l e   1,"Floral sources, harvesting region, and honey bee species.",18,4,True,PMC8002709_t0.csv,The Isorhamnetin-Containing Fraction of Philippine Honey Produced by the Stingless Bee 
PMC8002709,1,T a b l e   2,Antibacterial Activity of Honey Extracts Against Staphylococcal Pathogens.,22,6,True,PMC8002709_t1.csv,The Isorhamnetin-Containing Fraction of Philippine Honey Produced by the Stingless Bee 
PMC8002709,2,T a b l e   3,Total Phenolic and Flavonoid Content of Honey Crude Extracts.,18,3,True,PMC8002709_t2.csv,The Isorhamnetin-Containing Fraction of Philippine Honey Produced by the Stingless Bee 
PMC8002709,3,T a b l e   4,"Gel Permeation Chromatography (GPC) Purification of SL 01 Honey Crude Extract Showing Eight Major Fractions, Color Profile and Yield and Antibiotic Activity against Multidrug-resistant  S. aureus  ATCC BAA-44.",12,4,True,PMC8002709_t3.csv,The Isorhamnetin-Containing Fraction of Philippine Honey Produced by the Stingless Bee 
PMC8021062,0,T a b l e   1,Inhibition zone (mm) of agar well diffusion,6,3,True,PMC8021062_t0.csv,Effect of Non-hydrogen Peroxide on Antibacterial Activity of Malaysian 
PMC8071826,0,T a b l e   1,Antimicrobial mechanism of action of common phenolic acids found in honey.,7,5,True,PMC8071826_t0.csv,The antibacterial activities of honey
PMC8071826,1,T a b l e   2,Underlying antimicrobial mechanism of action of common flavonoids found in honey.,7,5,True,PMC8071826_t1.csv,The antibacterial activities of honey
PMC8096559,0,T a b l e   1,"Results for color (Pfund grades), moisture content ( W ), electrical conductivity (EC), diastase activity (DN), hydroxymethylfurfural (HMF), and hydrogen peroxide (mM in 30% v/v aqueous honey solution) from honeys of different botanical origins.",38,7,True,PMC8096559_t0.csv,Quantification of Hydrogen Peroxide in Cretan Honey and Correlation with Physicochemical Parameters
PMC8096559,1,T a b l e   2,"Variation of color (Pfund grades), moisture content ( W ), electrical conductivity (EC), diastase activity (DN), hydroxymethylfurfural (HMF), and hydrogen peroxide (mM in 30% v/v aqueous honey solution) among all honeys examined.",32,6,True,PMC8096559_t1.csv,Quantification of Hydrogen Peroxide in Cretan Honey and Correlation with Physicochemical Parameters
PMC8096559,2,T a b l e   3,"Results for the determination of fructose, glucose, and sucrose in PDO “Pefkothymaromelo Kritis” (blend thyme-pine honey) ( n  = 10).",13,6,True,PMC8096559_t2.csv,Quantification of Hydrogen Peroxide in Cretan Honey and Correlation with Physicochemical Parameters
PMC8125924,0,T a b l e   1,The information of 9 species of unifloral Chinese honey samples.,10,4,True,PMC8125924_t0.csv,Chemical Analyses and Antimicrobial Activity of Nine Kinds of Unifloral Chinese Honeys Compared to Manuka Honey (12+ and
PMC8125924,1,T a b l e   2,Values of physicochemical parameters of the different varieties of honey.,12,10,True,PMC8125924_t1.csv,Chemical Analyses and Antimicrobial Activity of Nine Kinds of Unifloral Chinese Honeys Compared to Manuka Honey (12+ and
PMC8125924,2,T a b l e   3,The antimicrobial activity and main antimicrobial substance content of honey samples.,13,4,True,PMC8125924_t2.csv,Chemical Analyses and Antimicrobial Activity of Nine Kinds of Unifloral Chinese Honeys Compared to Manuka Honey (12+ and
PMC8125924,3,T a b l e   4,"Minimum inhibitory concentrations and minimum bactericidal concentrations of honey samples. The antimicrobial activity of honey was assessed against  S. aureus ,  E. coli,  and  C. albicans.",13,10,True,PMC8125924_t3.csv,Chemical Analyses and Antimicrobial Activity of Nine Kinds of Unifloral Chinese Honeys Compared to Manuka Honey (12+ and
PMC8125924,4,T a b l e   5,"The antioxidant activity, total phenols, and total flavonoids content of tested honeys.",13,5,True,PMC8125924_t4.csv,Chemical Analyses and Antimicrobial Activity of Nine Kinds of Unifloral Chinese Honeys Compared to Manuka Honey (12+ and
PMC8125924,5,T a b l e   6,Correlation analysis between indicators of Chinese honeys.,8,8,True,PMC8125924_t5.csv,Chemical Analyses and Antimicrobial Activity of Nine Kinds of Unifloral Chinese Honeys Compared to Manuka Honey (12+ and
PMC8125924,6,T a b l e   7,HS-GC-IMS integration parameters of volatile compounds in tested honey samples.,61,9,True,PMC8125924_t6.csv,Chemical Analyses and Antimicrobial Activity of Nine Kinds of Unifloral Chinese Honeys Compared to Manuka Honey (12+ and
PMC8127710,0,T A B L E   1,Honey products used in this study.,5,5,True,PMC8127710_t0.csv,Evolution of honey resistance in experimental populations of bacteria depends on the type of honey and has no major side
PMC8145095,0,T a b l e   1,Antibacterial activity of pine honey and manuka against  P .  aeruginosa .,3,5,True,PMC8145095_t0.csv,Transcriptomic Analysis of 
PMC8151657,0,T a b l e   6,Putative antimicrobial compounds produced by  Bacillus  spp. in honey.,46,8,True,PMC8151657_t0.csv,Honey as an Ecological Reservoir of Antibacterial Compounds Produced by Antagonistic Microbial Interactions in Plant Nec
PMC8151657,1,T a b l e   1,Overview of core taxa in honey.,21,5,True,PMC8151657_t1.csv,Honey as an Ecological Reservoir of Antibacterial Compounds Produced by Antagonistic Microbial Interactions in Plant Nec
PMC8151657,2,T a b l e   2,Members of Lactobacillales identified in honey bee foregut (crop) and honey.,29,4,True,PMC8151657_t2.csv,Honey as an Ecological Reservoir of Antibacterial Compounds Produced by Antagonistic Microbial Interactions in Plant Nec
PMC8151657,3,T a b l e   3,Composition of the family Bacillaceae in honey identified by genotyping.,39,3,True,PMC8151657_t3.csv,Honey as an Ecological Reservoir of Antibacterial Compounds Produced by Antagonistic Microbial Interactions in Plant Nec
PMC8151657,4,T a b l e   4,Fungi and yeasts found in honey.,46,6,True,PMC8151657_t4.csv,Honey as an Ecological Reservoir of Antibacterial Compounds Produced by Antagonistic Microbial Interactions in Plant Nec
PMC8151657,5,T a b l e   5,Putative bacteriocins produced by lactobacilli detected in honey and honey bee.,12,4,True,PMC8151657_t5.csv,Honey as an Ecological Reservoir of Antibacterial Compounds Produced by Antagonistic Microbial Interactions in Plant Nec
PMC8209695,0,T a b l e   1 .,"Honey samples used in this study, including antimicrobial activity before and after storage and their level of H 2 O 2  production",17,8,True,PMC8209695_t0.csv,Factors affecting the production and measurement of hydrogen peroxide in honey samples
PMC8234392,0,T a b l e   1,"Diameters (mm) of inhibition zones of honeys, each applied at two concentrations (25% and 12.5%  v/v ) against the target bacteria, as determined by the agar well diffusion assay. Each value represents the mean value ± standard deviation ( n  = 3) and comprises the diameter of the well (5 mm). The inhibition zones of glucose syrup and kanamycin used as negative and positive antimicrobial controls ",23,13,True,PMC8234392_t0.csv,Comparing the Antimicrobial Actions of Greek Honeys from the Island of Lemnos and Manuka Honey from New Zealand against 
PMC8234392,1,T a b l e   2,MIC and MBC of each honey against  S . Typhimurium and  S. aureus  as determined by the broth microdilution and agar spot methods. The MIC and MBC of glucose syrup (82%  v/v ) used as a negative antimicrobial control are also indicated.,12,6,True,PMC8234392_t1.csv,Comparing the Antimicrobial Actions of Greek Honeys from the Island of Lemnos and Manuka Honey from New Zealand against 
PMC8234392,2,T a b l e   3,"pH, a w , HMF (mg/kg), diastase (DN) and pollen composition (%) of each honey. The pH and a w  of glucose syrup (82%  v/v ) are also indicated. For pH, mean values ( n  = 3) sharing at least one common superscript letter are not significantly different ( p  > 0.05).",11,7,True,PMC8234392_t2.csv,Comparing the Antimicrobial Actions of Greek Honeys from the Island of Lemnos and Manuka Honey from New Zealand against 
PMC8244602,0,T a b l e   1,Average values of three independent repeats obtained in physicochemical analysis of three types of honey,5,4,True,PMC8244602_t0.csv,Antibacterial activity of honeys and potential synergism of honeys with antibiotics and alkaloid extract of 
PMC8244602,1,T a b l e   2,The interaction of honeys and plant extract with ciprofloxacin against bacterial strains,9,6,True,PMC8244602_t1.csv,Antibacterial activity of honeys and potential synergism of honeys with antibiotics and alkaloid extract of 
PMC8244602,2,T a b l e   3,Relative gene expression as determined by real time PCR,5,4,True,PMC8244602_t2.csv,Antibacterial activity of honeys and potential synergism of honeys with antibiotics and alkaloid extract of 
PMC8272120,0,T a b l e   1,Antibacterial activity of different honeys.,21,4,True,PMC8272120_t0.csv,Promising Antimicrobial Properties of Bioactive Compounds from Different Honeybee Products
PMC8272120,1,T a b l e   2,Activity of propolis against microorganisms.,45,4,True,PMC8272120_t1.csv,Promising Antimicrobial Properties of Bioactive Compounds from Different Honeybee Products
PMC8272120,2,T a b l e   3,"The activity of bee venom, melittin and royal jelly against microorganisms.",86,6,True,PMC8272120_t2.csv,Promising Antimicrobial Properties of Bioactive Compounds from Different Honeybee Products
PMC8272120,3,T a b l e   4,Chemical structure and amino acid sequence of bioactive compounds from bee products as antimicrobial agents.,17,3,True,PMC8272120_t3.csv,Promising Antimicrobial Properties of Bioactive Compounds from Different Honeybee Products
PMC8272120,4,T a b l e   5,The most commonly used methods for the analysis of selected antibacterial components contained in bee products.,17,4,True,PMC8272120_t4.csv,Promising Antimicrobial Properties of Bioactive Compounds from Different Honeybee Products
PMC8300703,0,T a b l e   1,Monofloral honeys taxa based on provenance.,132,5,True,PMC8300703_t0.csv,"Monofloral Honeys as a Potential Source of Natural Antioxidants, Minerals and Medicine"
PMC8300703,1,T a b l e   2,Phenolic compounds present in monofloral honeys.,89,5,True,PMC8300703_t1.csv,"Monofloral Honeys as a Potential Source of Natural Antioxidants, Minerals and Medicine"
PMC8300703,2,T a b l e   3,Physicochemical properties of monofloral honeys from different geographical origin.,52,8,True,PMC8300703_t2.csv,"Monofloral Honeys as a Potential Source of Natural Antioxidants, Minerals and Medicine"
PMC8300703,3,T a b l e   4,Monofloral honeys mineral content from different countries.,53,7,True,PMC8300703_t3.csv,"Monofloral Honeys as a Potential Source of Natural Antioxidants, Minerals and Medicine"
PMC8300703,4,T a b l e   5,"Phenolic compounds, antioxidant capacity, and in vitro pharmacological studies of monofloral honeys.",52,7,True,PMC8300703_t4.csv,"Monofloral Honeys as a Potential Source of Natural Antioxidants, Minerals and Medicine"
PMC8300703,5,T a b l e   6,In vivo studies of different monofloral honey types.,28,6,True,PMC8300703_t5.csv,"Monofloral Honeys as a Potential Source of Natural Antioxidants, Minerals and Medicine"
PMC8303644,0,T a b l e   1,"Methylglyoxal (MGO), dihydroxyacetone (DHA), and elemental concentrations in honeys from sites A–E. The locations of the sites are shown in  Figure 1 .",18,6,True,PMC8303644_t0.csv,Chemical Elements and the Quality of Mānuka (
PMC8304482,0,T a b l e   1,"Relative frequency of pollen types in Hungarian black locust, linden, and sunflower honeys.",5,8,True,PMC8304482_t0.csv,In Vitro Antibacterial and Antibiofilm Activity of Hungarian Honeys against Respiratory Tract Bacteria
PMC8304482,1,T a b l e   2,"Results of the agar well diffusion assay with 25% honey and sugar solutions, compared to antibiotics as positive control. Inhibition of bacterial growth was indicated by the appearance of a zone of inhibition around the well.",7,5,True,PMC8304482_t1.csv,In Vitro Antibacterial and Antibiofilm Activity of Hungarian Honeys against Respiratory Tract Bacteria
PMC8304482,2,T a b l e   3,"Results of the agar well diffusion assay with 50% honey and sugar solutions, compared to antibiotics as positive control. Inhibition of bacterial growth was indicated by the appearance of a zone of inhibition around the well.",7,5,True,PMC8304482_t2.csv,In Vitro Antibacterial and Antibiofilm Activity of Hungarian Honeys against Respiratory Tract Bacteria
PMC8304482,3,T a b l e   4,"The effect of sugar and honey solutions at different concentrations on the release of cellular material, absorbing at 260 nm, from  P. aeruginosa  and  S. pneumoniae . The degree of bacteriolysis was expressed in percentage compared to the control.",8,9,True,PMC8304482_t3.csv,In Vitro Antibacterial and Antibiofilm Activity of Hungarian Honeys against Respiratory Tract Bacteria
PMC8304482,4,T a b l e   5,Kinetics of 260-nm absorbing material release from  P. aeruginosa  and  S. pneumoniae  treated with 60% ( w/w ) sugar and honey solutions.,9,9,True,PMC8304482_t4.csv,In Vitro Antibacterial and Antibiofilm Activity of Hungarian Honeys against Respiratory Tract Bacteria
PMC8304482,5,T a b l e   6,"The MIC and MIC/2 value of linden, black locust, and sunflower honey.",7,6,True,PMC8304482_t5.csv,In Vitro Antibacterial and Antibiofilm Activity of Hungarian Honeys against Respiratory Tract Bacteria
PMC8307090,0,T a b l e   1,"Antibacterial activity (zone of inhibition in mm) of oregano honey samples against  H. pylori  strains isolated from clinical samples (ulcers = 6, gastritis = 8) and a reference strain ( H. pylori  DSM21031).",17,6,True,PMC8307090_t0.csv,In Vitro Screening Potential Antibacterial Properties of the Greek Oregano Honey against Clinical Isolates of 
PMC8307090,1,T a b l e   2,"Antibiotic susceptibility results from six antibiotics against  H. pylori  strains isolated from clinical samples (ulcers = 6, gastritis = 8) and a reference strain ( H. pylori  DSM21031).",8,18,True,PMC8307090_t1.csv,In Vitro Screening Potential Antibacterial Properties of the Greek Oregano Honey against Clinical Isolates of 
PMC8307090,2,T a b l e   3,"Diameter of the inhibition zones (mm, mean ± StDev) produced from various solvent extracts (75%  v / v ) against 14  H. pylori  strains isolated from ulcers ( n  = 6) or gastritis ( n  = 8) and a reference strain  H. pylori  DSM21031.",5,16,True,PMC8307090_t2.csv,In Vitro Screening Potential Antibacterial Properties of the Greek Oregano Honey against Clinical Isolates of 
PMC8307090,3,T a b l e   4,MIC 95  of solvent extracts (%  v / v ) of each honey against  H. pylori  strains isolated from ulcers and the reference strain DSM21031.,5,15,True,PMC8307090_t3.csv,In Vitro Screening Potential Antibacterial Properties of the Greek Oregano Honey against Clinical Isolates of 
PMC8307090,4,T a b l e   5,"Urease Inhibitory effect of pure and diethyl ether extracts of oregano honey against two  H. pylori  strains isolated from ulcers ( Hp U1,  Hp U2) and the reference strain DSM21031.",8,6,True,PMC8307090_t4.csv,In Vitro Screening Potential Antibacterial Properties of the Greek Oregano Honey against Clinical Isolates of 
PMC8374640,0,T a b l e   1,"Summary of the bioactive composition, antioxidant characteristics, colour analysis, antibacterial activity, and physicochemical properties of a selection of commercially available Australian honeys.",40,7,True,PMC8374640_t0.csv,"The bioactive, antioxidant, antibacterial, and physicochemical properties of a range of commercially available Australia"
PMC8374640,1,T a b l e   2,"Kendall's Tau correlations between the bioactive content, antioxidant characteristics, colour, antibacterial activity, and physicochemical properties of a selection of commercially available Australian honeys.",17,17,True,PMC8374640_t1.csv,"The bioactive, antioxidant, antibacterial, and physicochemical properties of a range of commercially available Australia"
PMC8388957,0,T a b l e   1,Austrian honey samples analyzed in study.,26,3,True,PMC8388957_t0.csv,"Effects of the Carbohydrate Sources Nectar, Sucrose and Invert Sugar on Antibacterial Activity of Honey and Bee-Processe"
PMC8398244,0,T a b l e   1,Commercially available medical-grade honey and honey-based gels and ointments for wound healing.,18,3,True,PMC8398244_t0.csv,Role of Honey in Advanced Wound Care
PMC8398244,1,T a b l e   2,"Examples of honey hydrogel-based wound dressings, methods of formation, evaluated models and main findings.",11,8,True,PMC8398244_t1.csv,Role of Honey in Advanced Wound Care
PMC8398244,2,T a b l e   3,"Examples of honey electrospun nanofibrous scaffolds, obtention methods and main findings.",21,9,True,PMC8398244_t2.csv,Role of Honey in Advanced Wound Care
PMC8435200,0,T a b l e   1,Number of actinomycetes isolated from  A. andreniformis  using four different media.,7,6,True,PMC8435200_t0.csv,
PMC8435200,1,T a b l e   2,Assignment of actinomycete isolates into four groups (I-IV) and 16S rDNA identification of the representative isolates.,5,7,True,PMC8435200_t1.csv,
PMC8446051,0,T a b l e   1,Carbohydrate utilization by  Leuconostoc mesenteroides  TBE-8.,26,4,False,PMC8446051_t0.csv,A potential probiotic 
PMC8446051,1,T a b l e   2,Organic acids detected in the TBE-8 culture.,11,4,True,PMC8446051_t1.csv,A potential probiotic 
PMC8446051,2,T a b l e   3,Viability of  Leuconostoc mesenteroides  TBE-8 after incubation with different sucrose syrup concentrations at different pH conditions.,11,7,True,PMC8446051_t2.csv,A potential probiotic 
PMC8496555,0,T a b l e   1,Effects of various types of honey on classes of wound,8,5,True,PMC8496555_t0.csv,Honey in wound healing: An updated review
PMC8496555,1,T a b l e   2,Currently researched types of honey-infused scaffolds,4,5,True,PMC8496555_t1.csv,Honey in wound healing: An updated review
PMC8615016,0,T a b l e   1,"Pearson correlation of antioxidant activities for non-heated and the 45 °C, 55 °C and 65 °C heat treatment of SBH from Malaysia and Australia.",11,17,True,PMC8615016_t0.csv,Application of Heating on the Antioxidant and Antibacterial Properties of Malaysian and Australian Stingless Bee Honey
PMC8615016,1,T a b l e   2,Stingless bee honey samples and their geographical origin.,19,4,True,PMC8615016_t1.csv,Application of Heating on the Antioxidant and Antibacterial Properties of Malaysian and Australian Stingless Bee Honey
PMC8626341,0,T a b l e   1,Average composition of common components identified of Shaoka honey samples (mg /100 g).,16,2,True,PMC8626341_t0.csv,Potential effects of Saudi Shaoka (
PMC8626341,1,T a b l e   2,Non-peroxide antibacterial activities of Shaoka and Manuka honey against MDR  Escherichia coli .,15,7,True,PMC8626341_t1.csv,Potential effects of Saudi Shaoka (
PMC8626341,2,T a b l e   3,Antibacterial activity of Shaoka and Manuka honey against Gram-negative and Gram-positive pathogens.,11,5,True,PMC8626341_t2.csv,Potential effects of Saudi Shaoka (
PMC8626341,3,T a b l e   4,Effect of selected honeys treated at different concentration on the proliferative percentage of mcf-7 and hepg2 cultured cells for different duration times.,1,1,True,PMC8626341_t3.csv,Potential effects of Saudi Shaoka (
PMC8637896,0,T A B L E   1,HB PEGDA/HA-SH 10.0–1.0 hydrogels containing GO and G.,7,4,True,PMC8637896_t0.csv,"
"
PMC8690519,0,T a b l e   1,"Percentage sugar content, pH and TPC of the Kazakhstan honeys and medical grade manuka honey",14,4,True,PMC8690519_t0.csv,Identification of components in Kazakhstan honeys that correlate with antimicrobial activity against wound and skin infe
PMC8690519,1,T a b l e   2,MS properties and putative identification of honey components. Honey components correlated with antimicrobial activity,9,5,True,PMC8690519_t1.csv,Identification of components in Kazakhstan honeys that correlate with antimicrobial activity against wound and skin infe
PMC8690519,2,T a b l e   3,MS properties and putative identification of honey components. Honey components negatively correlated with antimicrobial activity,10,5,True,PMC8690519_t2.csv,Identification of components in Kazakhstan honeys that correlate with antimicrobial activity against wound and skin infe
PMC8704392,0,T a b l e   1,Quantification of sugar tautomers present in stingless bee honey samples using  13 C NMR spectroscopy.,13,7,True,PMC8704392_t0.csv,Botanical Origin Differentiation of Malaysian Stingless Bee Honey Produced by 
PMC8704392,1,T a b l e   2,The maturity parameters of honey samples.,27,6,True,PMC8704392_t1.csv,Botanical Origin Differentiation of Malaysian Stingless Bee Honey Produced by 
PMC8704392,2,T a b l e   3,The purity parameters of honey samples.,27,5,True,PMC8704392_t2.csv,Botanical Origin Differentiation of Malaysian Stingless Bee Honey Produced by 
PMC8704392,3,T a b l e   4,The deterioration parameters of honey samples.,27,6,True,PMC8704392_t3.csv,Botanical Origin Differentiation of Malaysian Stingless Bee Honey Produced by 
PMC8704392,4,T a b l e   5,(1) The mineral elements profile of honey samples. (2) The mineral elements profile of honey samples.,56,6,True,PMC8704392_t4.csv,Botanical Origin Differentiation of Malaysian Stingless Bee Honey Produced by 
PMC8704392,5,T a b l e   6,The antioxidant properties of honey samples.,27,8,True,PMC8704392_t5.csv,Botanical Origin Differentiation of Malaysian Stingless Bee Honey Produced by 
PMC8704392,6,T a b l e   7,Factor loadings for parameters of stingless bee honey samples.,35,5,True,PMC8704392_t6.csv,Botanical Origin Differentiation of Malaysian Stingless Bee Honey Produced by 
PMC8704392,7,T a b l e   8,Details of stingless bee honey samples.,24,5,True,PMC8704392_t7.csv,Botanical Origin Differentiation of Malaysian Stingless Bee Honey Produced by 
PMC8709083,0,T a b l e   1,"All diseases of the oral cavity, medications approved for the treatment/prevention, and possible side effects of treatment.",19,4,True,PMC8709083_t0.csv,"Bee Venom, Honey, and Royal Jelly in the Treatment of Bacterial Infections of the Oral Cavity: A Review"
PMC8709083,1,T a b l e   2,Antibacterial activity of different types of honey.,107,4,True,PMC8709083_t1.csv,"Bee Venom, Honey, and Royal Jelly in the Treatment of Bacterial Infections of the Oral Cavity: A Review"
PMC8709083,2,T a b l e   3,Antibacterial activity of royal jelly.,10,3,True,PMC8709083_t2.csv,"Bee Venom, Honey, and Royal Jelly in the Treatment of Bacterial Infections of the Oral Cavity: A Review"
PMC8709083,3,T a b l e   4,"Antibacterial activity of bee venom, apitoxin, melittin, and phospholipase A2.",8,8,True,PMC8709083_t3.csv,"Bee Venom, Honey, and Royal Jelly in the Treatment of Bacterial Infections of the Oral Cavity: A Review"
PMC8709083,4,,,22,2,True,PMC8709083_t4.csv,"Bee Venom, Honey, and Royal Jelly in the Treatment of Bacterial Infections of the Oral Cavity: A Review"
PMC8799333,0,T a b l e   1,Thirty-two different global honey samples collected from different countries.,33,4,True,PMC8799333_t0.csv,"
"
PMC8799333,1,T a b l e   2,Antibacterial activity of 32 bee honeys against 8 clinical isolates.,36,9,True,PMC8799333_t1.csv,"
"
PMC8799333,2,T a b l e   3,Minimum inhibitory concentration of 6 antibiotics against 8 clinical isolates (Etest).,10,9,True,PMC8799333_t2.csv,"
"
PMC8847928,0,T a b l e   1,Composition of nutrient broth.,6,2,True,PMC8847928_t0.csv,Antibacterial properties of 
PMC8847928,1,T a b l e   2,Composition of nutrient agar.,7,2,True,PMC8847928_t1.csv,Antibacterial properties of 
PMC8847928,2,T a b l e   3,Nutritional profile of honey produced by  A. dorsata.,11,3,True,PMC8847928_t2.csv,Antibacterial properties of 
PMC8868498,0,T a b l e   1,Characterization of fir ( Abies alba  Mill.) honeydew samples (HSs).,4,8,True,PMC8868498_t0.csv,Combined Inhibitory Effect of Fir (
PMC8868498,1,T a b l e   2,Minimum inhibitory concentration (MIC) and minimum bactericidal concentration (MBC) of fir honeydew honey ( Abies alba  Mill.; HS 1–3) against  Salmonella enterica  serotype Typhimurium and  Lactiplantibacillus plantarum .,7,5,True,PMC8868498_t1.csv,Combined Inhibitory Effect of Fir (
PMC8871709,0,T a b l e   1,Results of Physicochemical evaluation of hydrogel films. ( n  = 3).,6,6,True,PMC8871709_t0.csv,Preparation and Evaluation of Chitosan/PVA Based Hydrogel Films Loaded with Honey for Wound Healing Application
PMC8871709,1,T a b l e   2,"Tensile strength, elongation at break and WVTR parameters for batches of hydrogel films ( n  = 3).",6,4,False,PMC8871709_t1.csv,Preparation and Evaluation of Chitosan/PVA Based Hydrogel Films Loaded with Honey for Wound Healing Application
PMC8871709,2,T a b l e   3,In vitro dissolution data fitted to various models.,7,12,False,PMC8871709_t2.csv,Preparation and Evaluation of Chitosan/PVA Based Hydrogel Films Loaded with Honey for Wound Healing Application
PMC8871709,3,T a b l e   4,Stability testing data for the prepared hydrogel films.,22,6,False,PMC8871709_t3.csv,Preparation and Evaluation of Chitosan/PVA Based Hydrogel Films Loaded with Honey for Wound Healing Application
PMC8871709,4,T a b l e   5,Summary of molecular docking results performed by molecular operating environment (MOE).,16,9,True,PMC8871709_t4.csv,Preparation and Evaluation of Chitosan/PVA Based Hydrogel Films Loaded with Honey for Wound Healing Application
PMC8871709,5,T a b l e   6,Summary of binding interaction of the best hits with selected proteins from the database of 14 compounds.,14,7,True,PMC8871709_t5.csv,Preparation and Evaluation of Chitosan/PVA Based Hydrogel Films Loaded with Honey for Wound Healing Application
PMC8871709,6,T a b l e   7,Composition table for preparing different batches of hydrogel films.,7,5,True,PMC8871709_t6.csv,Preparation and Evaluation of Chitosan/PVA Based Hydrogel Films Loaded with Honey for Wound Healing Application
PMC8944737,0,T a b l e   1,Physical and chemical characteristics of the different honeys (values in columns with the same superscript letters are significantly different) by one-way ANOVA and Tukey’s HSD test with a significance level of  p  < 0.05.,12,8,True,PMC8944737_t0.csv,Antimicrobial Evaluation of Various Honey Types against Carbapenemase-Producing Gram-Negative Clinical Isolates
PMC8944737,1,T a b l e   2,Determination of tyrosinase inhibition activity and kojic acid from different types of honey (values in columns with the same superscript letters are significantly different) by one-way ANOVA and Tukey’s HSD test with a significance level of  p  < 0.05.,11,3,True,PMC8944737_t1.csv,Antimicrobial Evaluation of Various Honey Types against Carbapenemase-Producing Gram-Negative Clinical Isolates
PMC8944737,2,T a b l e   3,"Correlation between the physicochemical parameters of the honeys (Spearman’s rho coefficient, statistical significance for  p  < 0.05).",11,10,True,PMC8944737_t2.csv,Antimicrobial Evaluation of Various Honey Types against Carbapenemase-Producing Gram-Negative Clinical Isolates
PMC8944737,3,T a b l e   4,"Samples of the different honey types outperforming manuka honey’s antibacterial activity in the well diffusion assay (chi-square, statistical significance level  p  < 0.05).",7,7,True,PMC8944737_t3.csv,Antimicrobial Evaluation of Various Honey Types against Carbapenemase-Producing Gram-Negative Clinical Isolates
PMC8944737,4,T a b l e   5,"Samples of the different honey types outperforming manuka honey’s antibacterial activity in the MIC assessment method (chi-square, statistical significance level  p  < 0.05).",6,5,True,PMC8944737_t4.csv,Antimicrobial Evaluation of Various Honey Types against Carbapenemase-Producing Gram-Negative Clinical Isolates
PMC8944737,5,T a b l e   6,Botanical source and geographical location of the honey types.,23,6,True,PMC8944737_t5.csv,Antimicrobial Evaluation of Various Honey Types against Carbapenemase-Producing Gram-Negative Clinical Isolates
PMC8991240,0,T a b l e   1,Susceptibility of  M. plutonius  2019BC1 to antibiotics (μg/mL).,4,4,True,PMC8991240_t0.csv,Evaluating approved and alternative treatments against an oxytetracycline-resistant bacterium responsible for European f
PMC8991240,1,T a b l e   2,Summary o f  larval rearing experiments showing survival a  6 days after grafting and treatment.,12,9,True,PMC8991240_t1.csv,Evaluating approved and alternative treatments against an oxytetracycline-resistant bacterium responsible for European f
PMC8997407,0,T a b l e   1,Mean values of physicochemical parameters.,19,5,True,PMC8997407_t0.csv,Physicochemical Characterization and Biological Properties of Pine Honey Produced across Greece
PMC8997407,1,T a b l e   2,Antibacterial activity of pine honeys ( n  = 27) compared to manuka honey expressed as MIC and MBC values.,30,11,True,PMC8997407_t1.csv,Physicochemical Characterization and Biological Properties of Pine Honey Produced across Greece
PMC8997407,2,T a b l e   3,Correlation coefficient (r) and significance (parenthesis) values calculated by Spearman’s correlation analysis.,20,10,True,PMC8997407_t2.csv,Physicochemical Characterization and Biological Properties of Pine Honey Produced across Greece
PMC9030501,0,T a b l e   1,Most important propolis types (resumed from [ 51 ]).,5,3,True,PMC9030501_t0.csv,Bee-Derived Products: Chemical Composition and Applications in Skin Tissue Engineering
PMC9030501,1,T a b l e   2,The pharmacological activity of chemical propolis compounds—adapted from [ 58 ].,13,2,True,PMC9030501_t1.csv,Bee-Derived Products: Chemical Composition and Applications in Skin Tissue Engineering
PMC9030501,2,T a b l e   3,Bee pollen—the biological properties and main mechanisms (Reprinted from [ 98 ]).,10,2,True,PMC9030501_t2.csv,Bee-Derived Products: Chemical Composition and Applications in Skin Tissue Engineering
PMC9068672,0,T a b l e   1,Survey on 10 bacterial cultures to produce levansucrase using shaken culture technique at 37 °C,11,5,True,PMC9068672_t0.csv,Evaluation of different bacterial honey isolates as probiotics and their efficient roles in cholesterol reduction
PMC9068672,1,T a b l e   2,Catalase and protease activity for the honey isolates,4,5,True,PMC9068672_t1.csv,Evaluation of different bacterial honey isolates as probiotics and their efficient roles in cholesterol reduction
PMC9068672,2,T a b l e   3,Isolates tolerance to acidic pH (pHs 2 and 3.5) and alkaline pH (pHs 9 and 11) for 3 and 6 h and the bile salt for 24 h,8,14,True,PMC9068672_t2.csv,Evaluation of different bacterial honey isolates as probiotics and their efficient roles in cholesterol reduction
PMC9068672,3,T a b l e   4,Antimicrobial activities of the four probiotic isolates,6,6,True,PMC9068672_t3.csv,Evaluation of different bacterial honey isolates as probiotics and their efficient roles in cholesterol reduction
PMC9068672,4,T a b l e   5,Evaluation the isolates’ ability to produce cholesterol oxidase and lipase,6,5,True,PMC9068672_t4.csv,Evaluation of different bacterial honey isolates as probiotics and their efficient roles in cholesterol reduction
PMC9137981,0,T a b l e   1,The OD reading of honey samples tested on the ATTC strains.,14,10,True,PMC9137981_t0.csv,Diversity of Monofloral Honey Based on the Antimicrobial and Antioxidant Potential
PMC9137981,1,T a b l e   2,The OD values of honey samples tested on the isolated strains.,14,16,True,PMC9137981_t1.csv,Diversity of Monofloral Honey Based on the Antimicrobial and Antioxidant Potential
PMC9137981,2,T a b l e   3,Pearson correlation coefficient matrix for ATCC antimicrobial and antioxidant activity of honey samples.,13,13,True,PMC9137981_t2.csv,Diversity of Monofloral Honey Based on the Antimicrobial and Antioxidant Potential
PMC9137981,3,T a b l e   4,Pearson correlation coefficient matrix for antimicrobial activity on the clinical isolates and antioxidant activity of honey samples.,19,19,True,PMC9137981_t3.csv,Diversity of Monofloral Honey Based on the Antimicrobial and Antioxidant Potential
PMC9168249,0,T a b l e   1 .,Gene specific primers of  P. aeruginosa  used for RT-qPCR analysis,15,6,False,PMC9168249_t0.csv,A comparative study of antibacterial and antivirulence activities of four selected honeys to Manuka honey
PMC9168249,1,T a b l e   2 .,Gene specific primers of  S. pyogenes  used for RT-qPCR analysis,11,6,False,PMC9168249_t1.csv,A comparative study of antibacterial and antivirulence activities of four selected honeys to Manuka honey
PMC9168249,2,T a b l e   3 .,Antibacterial activity (Inhibition Zone (mm) ± SD) of all tested honeys at different concentrations against  P. aeruginosa,6,5,True,PMC9168249_t2.csv,A comparative study of antibacterial and antivirulence activities of four selected honeys to Manuka honey
PMC9168249,3,T a b l e   4 .,Antibacterial activity (Inhibition Zone (mm) ± SD) of all tested honeys at different concentrations against  S. pyogenes,6,5,True,PMC9168249_t3.csv,A comparative study of antibacterial and antivirulence activities of four selected honeys to Manuka honey
PMC9168249,4,T a b l e   5 .,"MIC, MIC 90 , MIC 50  and MBC of all tested honeys against  P. aeruginosa",6,5,True,PMC9168249_t4.csv,A comparative study of antibacterial and antivirulence activities of four selected honeys to Manuka honey
PMC9168249,5,T a b l e   6 .,"MIC, MIC 90 , MIC 50  and MBC of all tested honeys against  S. pyogenes",6,5,True,PMC9168249_t5.csv,A comparative study of antibacterial and antivirulence activities of four selected honeys to Manuka honey
PMC9219755,0,T a b l e   1,"Type of honey sample, location, and dominant/secondary pollen.",20,4,True,PMC9219755_t0.csv,"Antioxidative, Antibacterial and Antiproliferative Properties of Honey Types from the Western Balkans"
PMC9219755,1,T a b l e   2,Physicochemical parameters of different types of honey.,20,6,True,PMC9219755_t1.csv,"Antioxidative, Antibacterial and Antiproliferative Properties of Honey Types from the Western Balkans"
PMC9219755,2,T a b l e   3,Phenolic content and DPPH radical scavenging activity of different types of honey.,20,3,True,PMC9219755_t2.csv,"Antioxidative, Antibacterial and Antiproliferative Properties of Honey Types from the Western Balkans"
PMC9219755,3,T a b l e   4,"Minimum inhibitory concentrations (MIC, %) of different types of honey against tested strains of  Escherichia coli  (ATCC 8739),  Escherichia coli ,  Proteus mirabilis ,  Staphylococcus aureus  (ATCC 25923),  Staphylococcus epidermidis , and  Enterococcus faecalis  (ATCC 29212).",21,7,True,PMC9219755_t3.csv,"Antioxidative, Antibacterial and Antiproliferative Properties of Honey Types from the Western Balkans"
PMC9219755,4,T a b l e   5,Effects of honey samples on the growth of selected human cell lines.,23,5,True,PMC9219755_t4.csv,"Antioxidative, Antibacterial and Antiproliferative Properties of Honey Types from the Western Balkans"
PMC9241799,0,T A B L E   1,Mean FIC index of plate shown in  Fig. 3  MGO in serial dilutions along the rows. MGO in serial dilution along the columns a,0,0,True,,Exploration of the Antimicrobial Synergy between Selected Natural Substances on 
PMC9241799,1,T A B L E   2,Antimicrobial combination effects in well diffusion and checkerboard assay,11,4,True,PMC9241799_t1.csv,Exploration of the Antimicrobial Synergy between Selected Natural Substances on 
PMC9311549,0,T a b l e   1,"TFC (flavonoid contents), TP (total phenolics), DPPH (2,2-diphenyl-1-picryl-hydrazyl) IC 50 , and Ferric Reducing Antioxidant Power (FRAP) of various Arabian propolis extracts.",6,5,True,PMC9311549_t0.csv,"Chemical Profiling, Antioxidant, and Antimicrobial Activity of Saudi Propolis Collected by Arabian Honey Bee ("
PMC9311549,1,T a b l e   2,Consequences of quantity (µg/mL) on antioxidant behavior of different Saudi propolis-based extract.,8,11,True,PMC9311549_t1.csv,"Chemical Profiling, Antioxidant, and Antimicrobial Activity of Saudi Propolis Collected by Arabian Honey Bee ("
PMC9311549,2,T a b l e   3,Minimum inhibitory concentration (MIC) of the various propolis extracts against microbial strains.,10,6,True,PMC9311549_t2.csv,"Chemical Profiling, Antioxidant, and Antimicrobial Activity of Saudi Propolis Collected by Arabian Honey Bee ("
PMC9312033,0,T a b l e   1,Methodologies used for the determination of antimicrobial activity of honey and honey products.,48,4,True,PMC9312033_t0.csv,A Review of Commonly Used Methodologies for Assessing the Antibacterial Activity of Honey and Honey Products
PMC9316648,0,T a b l e   1,Bacterial strains used in this study and relevant data.,5,6,True,PMC9316648_t0.csv,Investigating Possible Synergism in the Antioxidant and Antibacterial Actions of Honey and Propolis from the Greek Islan
PMC9324298,0,T a b l e   1,pH and osmolarity of formulation excipients and the final ME.,14,4,True,PMC9324298_t0.csv,Preparation and Characterisation of a Cyclodextrin-Complexed Mānuka Honey Microemulsion for Eyelid Application
PMC9326441,0,T A B L E   1,Sensory characteristics and color of analyzed honey samples.,5,4,True,PMC9326441_t0.csv,"Antibacterial and Biofilm Degradation Effects of Hungarian Honeys Linked With Botanical Origin, Antioxidant Capacity and"
PMC9326441,1,T A B L E   2,Pollen spectrum of the studied honeys.,6,10,True,PMC9326441_t1.csv,"Antibacterial and Biofilm Degradation Effects of Hungarian Honeys Linked With Botanical Origin, Antioxidant Capacity and"
PMC9326441,2,T A B L E   3,Total antioxidant capacities of the honey samples.,5,5,True,PMC9326441_t2.csv,"Antibacterial and Biofilm Degradation Effects of Hungarian Honeys Linked With Botanical Origin, Antioxidant Capacity and"
PMC9326441,3,T A B L E   4,Element content of the studied honey samples.,5,8,True,PMC9326441_t3.csv,"Antibacterial and Biofilm Degradation Effects of Hungarian Honeys Linked With Botanical Origin, Antioxidant Capacity and"
PMC9326441,4,T A B L E   5,The effect of honey solutions at different concentrations on the release of cellular material from  P. aeruginosa  and  S. aureus.,5,9,True,PMC9326441_t4.csv,"Antibacterial and Biofilm Degradation Effects of Hungarian Honeys Linked With Botanical Origin, Antioxidant Capacity and"
PMC9326441,5,T A B L E   6,Kinetics of 260-nm absorbing material release from  P. aeruginosa  and  S. aureus  treated with 60% ( w/v ) honey solutions.,5,9,True,PMC9326441_t5.csv,"Antibacterial and Biofilm Degradation Effects of Hungarian Honeys Linked With Botanical Origin, Antioxidant Capacity and"
PMC9326441,6,T A B L E   7,"Correlation matrix (Pearson’s correlation coefficients) of color, antioxidant, broth microdilution, biofilm degradation and macroelement parameters in Hungarian honeys.",14,9,True,PMC9326441_t6.csv,"Antibacterial and Biofilm Degradation Effects of Hungarian Honeys Linked With Botanical Origin, Antioxidant Capacity and"
PMC9332021,0,T a b l e   2,Commercially available honey-based wound dressings.,6,4,True,PMC9332021_t0.csv,Recent Advances in Honey-Based Nanoparticles for Wound Dressing: A Review
PMC9332021,1,T a b l e   3,Honey-based nanoparticle applications for wound dressing.,20,4,True,PMC9332021_t1.csv,Recent Advances in Honey-Based Nanoparticles for Wound Dressing: A Review
PMC9332021,2,T a b l e   1,List of dressings and associated level of risk [ 17 ]. Adapted from open-access source.,3,5,True,PMC9332021_t2.csv,Recent Advances in Honey-Based Nanoparticles for Wound Dressing: A Review
PMC9333225,0,T a b l e   1,"Floral source, country of origin and MGO levels as stated on product labels, for manuka/ Leptospermum  honeys and comparators.",32,5,True,PMC9333225_t0.csv,Correlation of the antibacterial activity of commercial manuka and 
PMC9333225,1,T a b l e   2,"Physicochemical properties, MGO, DHA and HMF content, and antioxidant activity of manuka/ Leptospermum  and comparator honeys.",33,13,True,PMC9333225_t1.csv,Correlation of the antibacterial activity of commercial manuka and 
PMC9333225,2,T a b l e   3,"Pearson correlation matrix showing relationships between physicochemical properties, antibacterial and antioxidant activities of manuka/ Leptospermum  honeys.",16,16,True,PMC9333225_t2.csv,Correlation of the antibacterial activity of commercial manuka and 
PMC9333225,3,T a b l e   4,"Antibacterial activity of manuka/ Leptospermum  honeys and comparators, including minimum inhibitory concentrations, total activity and non-peroxide activity.",33,8,True,PMC9333225_t3.csv,Correlation of the antibacterial activity of commercial manuka and 
PMC9333225,4,T a b l e   5,Antibacterial activity of multifloral honey amended with concentrations of MGO ranging from 50 to 1000 mg/kg.,10,6,True,PMC9333225_t4.csv,Correlation of the antibacterial activity of commercial manuka and 
PMC9359632,0,T a b l e   1,Ubiquitous honey components and their ecological benefit to the hive.,14,4,True,PMC9359632_t0.csv,"The role of honey in the ecology of the hive: Nutrition, detoxification, longevity, and protection against hive pathogen"
PMC9359632,1,T a b l e   2,Honey varieties with antimicrobial activity against hive pathogens.,81,5,True,PMC9359632_t1.csv,"The role of honey in the ecology of the hive: Nutrition, detoxification, longevity, and protection against hive pathogen"
PMC9370339,0,T a b l e   1,Nutritional composition of C. vulgaris flowers: comparison between wild and commercial samples.,9,4,False,PMC9370339_t0.csv,
PMC9370339,1,T a b l e   2,"Phytochemical profile of  C. vulgaris , structure, localization and identification methods.",113,11,True,PMC9370339_t1.csv,
PMC9370339,2,T a b l e   3,Major pharmacological properties of the phytochemicals present in  C. vulgaris  and their associated disorders.,24,5,True,PMC9370339_t2.csv,
PMC9370339,3,T a b l e   4,Physicochemical characteristics of heather honey from different geographical origins.,12,8,True,PMC9370339_t3.csv,
PMC9371847,0,T a b l e   1,Phytochemical compounds identified by the HR-LCMS technique in AH from Hail region.,12,8,True,PMC9371847_t0.csv,"Chemical Composition and the Anticancer, Antimicrobial, and Antioxidant Properties of "
PMC9371847,1,T a b l e   2,"Growth inhibition zone values expressed in mm of  Acacia  honey tested against bacteria, yeast, and molds strains using well-diffusion assay.",28,6,True,PMC9371847_t1.csv,"Chemical Composition and the Anticancer, Antimicrobial, and Antioxidant Properties of "
PMC9371847,2,T a b l e   3,"MICs, MBCs/MFCs expressed in mg/ml, and MBCs/MIC, MFC/MIC ratio of  Acacia  honey tested against bacteria, yeast, and molds using microdilution assay.",26,4,True,PMC9371847_t2.csv,"Chemical Composition and the Anticancer, Antimicrobial, and Antioxidant Properties of "
PMC9371847,3,T a b l e   4,Antioxidant activities of  Acacia  honey sample as compared to butylated hydroxytoluene (BHT) and ascorbic acid (AA).,7,4,True,PMC9371847_t3.csv,"Chemical Composition and the Anticancer, Antimicrobial, and Antioxidant Properties of "
PMC9371847,4,T a b l e   5,"Binding affinity of the identified compounds in honey (1–11) with the different targeted receptors (1JIJ, 2XCT, 2QZW, 1HD2, 4UYA, 1JNX, and 4BBG).",13,9,True,PMC9371847_t4.csv,"Chemical Composition and the Anticancer, Antimicrobial, and Antioxidant Properties of "
PMC9371847,5,T a b l e   6,"Conventional hydrogen-bonding, the number of closest interacting residues and distance to closest interacting residue (Å) of the compound with best scores (1, 5, and 6) with the different targeted receptors (1JIJ, 2XCT, 2QZW, 1HD2, 4UYA, 1JNX, and 4BBG).",25,7,True,PMC9371847_t5.csv,"Chemical Composition and the Anticancer, Antimicrobial, and Antioxidant Properties of "
PMC9402308,0,T a b l e   1,"Antibacterial activity of Sudanese acacia bee honey sample, petroleum ether, ethyl acetate extract, and their water residue against 10 standard organisms.",7,11,True,PMC9402308_t0.csv,Bioactivity and Chemical Characterization of Sudanese Bee Honey: Crude Acacia and Its Organic Extracts
PMC9402308,1,T a b l e   2,Identification of chemical compounds of Sudanese acacia honey using GC-MS.,22,5,True,PMC9402308_t1.csv,Bioactivity and Chemical Characterization of Sudanese Bee Honey: Crude Acacia and Its Organic Extracts
PMC9414000,0,T a b l e   1,Commercially available honey-based wound healing products.,15,7,True,PMC9414000_t0.csv,Honey: An Advanced Antimicrobial and Wound Healing Biomaterial for Tissue Engineering Applications
PMC9415335,0,T a b l e   1,Physicochemical characteristics of  E. globulus  honey.,10,2,True,PMC9415335_t0.csv,Singular and Combined Effects of Essential Oil and Honey of 
PMC9415335,1,T a b l e   2,Chemical composition of EGEO.,9,3,True,PMC9415335_t1.csv,Singular and Combined Effects of Essential Oil and Honey of 
PMC9415335,2,T a b l e   3,"The antioxidant activity of EGEO,  E. globulus  honey, and their mixture (IC 50  in μg/mL).",5,4,True,PMC9415335_t2.csv,Singular and Combined Effects of Essential Oil and Honey of 
PMC9415335,3,T a b l e   4,In vitro anti-inflammatory and dermatoprotective activity.,3,5,True,PMC9415335_t3.csv,Singular and Combined Effects of Essential Oil and Honey of 
PMC9415335,4,T a b l e   5,"Inhibition percentage of the left hind paw volume in rats treated with EGEO,  E. globulus  honey, and their mixture.",10,9,True,PMC9415335_t4.csv,Singular and Combined Effects of Essential Oil and Honey of 
PMC9415335,5,T a b l e   6,"Mean zones of inhibition of  E. globulus  EO,  E. globulus  honey, and mixture (mean of three replicates ± standard deviations).",11,6,True,PMC9415335_t5.csv,Singular and Combined Effects of Essential Oil and Honey of 
PMC9415335,6,T a b l e   7,"MIC and MBC of EGEO,  E. globulus  honey, and their mixture in percentage ( v / v ).",12,9,True,PMC9415335_t6.csv,Singular and Combined Effects of Essential Oil and Honey of 
PMC9419324,0,T a b l e   1,"MICs of honeys, essential oils and antiseptics",9,4,True,PMC9419324_t0.csv,"Antibacterial interactions between two monofloral honeys and several topical antiseptics, including essential oils"
PMC9419324,1,T a b l e   2,Calculated FICI values for each honey/antiseptic combination.  P  values indicate significant difference between marri and manuka honey for each antiseptic against each organism,12,7,True,PMC9419324_t1.csv,"Antibacterial interactions between two monofloral honeys and several topical antiseptics, including essential oils"
PMC9419324,2,T a b l e   3,MIC values of marri honey in broth microdilution assays in the presence of fixed concentrations of chlorhexidine digluconate (CHG),10,4,True,PMC9419324_t2.csv,"Antibacterial interactions between two monofloral honeys and several topical antiseptics, including essential oils"
PMC9419396,0,T a b l e   1,the concentrations of AH and EGCG mixture used in current study,6,6,True,PMC9419396_t0.csv,Effects of artificial honey and epigallocatechin-3-gallate on 
PMC9419396,1,T a b l e   2,the specific primers of quantitative real-time PCR,5,3,False,PMC9419396_t1.csv,Effects of artificial honey and epigallocatechin-3-gallate on 
PMC9495021,0,T a b l e   1,Antimicrobial activity of samples against  S. enterica  in mm.,94,5,True,PMC9495021_t0.csv,Antimicrobial and Antioxidant Activity of Different Honey Samples from Beekeepers and Commercial Producers
PMC9495021,1,T a b l e   2,Antimicrobial activity of samples against  Y. enterocolitica  in mm.,49,5,True,PMC9495021_t1.csv,Antimicrobial and Antioxidant Activity of Different Honey Samples from Beekeepers and Commercial Producers
PMC9495021,2,T a b l e   3,Antimicrobial activity of samples against  P. aeruginosa  in mm.,34,5,True,PMC9495021_t2.csv,Antimicrobial and Antioxidant Activity of Different Honey Samples from Beekeepers and Commercial Producers
PMC9495021,3,T a b l e   4,Antimicrobial activity of samples against  S. aureus  in mm.,21,5,True,PMC9495021_t3.csv,Antimicrobial and Antioxidant Activity of Different Honey Samples from Beekeepers and Commercial Producers
PMC9495021,4,T a b l e   5,Antimicrobial activity of samples against  E. faecalis  in mm.,86,5,True,PMC9495021_t4.csv,Antimicrobial and Antioxidant Activity of Different Honey Samples from Beekeepers and Commercial Producers
PMC9495021,5,T a b l e   6,Antimicrobial activity of samples against  B. subtilis  in mm.,79,5,True,PMC9495021_t5.csv,Antimicrobial and Antioxidant Activity of Different Honey Samples from Beekeepers and Commercial Producers
PMC9495021,6,T a b l e   7,Antimicrobial activity of samples against  C. albicans  in mm.,84,5,True,PMC9495021_t6.csv,Antimicrobial and Antioxidant Activity of Different Honey Samples from Beekeepers and Commercial Producers
PMC9495021,7,T a b l e   8,Antimicrobial activity of samples against  C. glabrata  in mm.,83,5,True,PMC9495021_t7.csv,Antimicrobial and Antioxidant Activity of Different Honey Samples from Beekeepers and Commercial Producers
PMC9495021,8,T a b l e   9,Antimicrobial activity of samples against  C. krusei  in mm.,92,5,True,PMC9495021_t8.csv,Antimicrobial and Antioxidant Activity of Different Honey Samples from Beekeepers and Commercial Producers
PMC9495021,9,T a b l e   1 0,Antimicrobial activity of samples against  C. tropicalis  in mm.,95,5,True,PMC9495021_t9.csv,Antimicrobial and Antioxidant Activity of Different Honey Samples from Beekeepers and Commercial Producers
PMC9495021,10,T a b l e   1 1,Antioxidant activity of the honey (samples over 1000 TEAC).,14,4,True,PMC9495021_t10.csv,Antimicrobial and Antioxidant Activity of Different Honey Samples from Beekeepers and Commercial Producers
PMC9495021,11,T a b l e   1 2,Antioxidant activity according to the honey type.,16,6,True,PMC9495021_t11.csv,Antimicrobial and Antioxidant Activity of Different Honey Samples from Beekeepers and Commercial Producers
PMC9495021,12,T a b l e   1 3,Details of the collected honey samples.,101,5,True,PMC9495021_t12.csv,Antimicrobial and Antioxidant Activity of Different Honey Samples from Beekeepers and Commercial Producers
PMC9505312,0,T a b l e   1,Physicochemical characteristics of  M. chamomilla  honey sample.,2,10,True,PMC9505312_t0.csv,Determination of Chemical Compounds and Investigation of Biological Properties of 
PMC9505312,1,T a b l e   2,Chemical composition of MCEO.,56,3,True,PMC9505312_t1.csv,Determination of Chemical Compounds and Investigation of Biological Properties of 
PMC9505312,2,T a b l e   3,"Antioxidant effects of  M. chamomilla  honey, MCEO, and their mixture.",5,4,True,PMC9505312_t2.csv,Determination of Chemical Compounds and Investigation of Biological Properties of 
PMC9505312,3,T a b l e   4,"Antidiabetic effects of MCEO,  M. chamomilla  honey, and their mixture.",5,3,True,PMC9505312_t3.csv,Determination of Chemical Compounds and Investigation of Biological Properties of 
PMC9505312,4,T a b l e   5,"In vivo anti-inflammatory activity. Inhibition percentage of the left hind paw volume in rats treated with MCEO,  M. chamomilla  honey, and their mixture.",10,9,True,PMC9505312_t4.csv,Determination of Chemical Compounds and Investigation of Biological Properties of 
PMC9505312,5,T a b l e   6,"In vitro anti-inflammatory and dermatoprotective activity of MCEO,  M. chamomilla honey and mixture. .",4,5,True,PMC9505312_t5.csv,Determination of Chemical Compounds and Investigation of Biological Properties of 
PMC9505312,6,T a b l e   7,"The inhibitory diameters (mm) of MCEO,  M. chamomilla  honey, and their mixture.",10,6,True,PMC9505312_t6.csv,Determination of Chemical Compounds and Investigation of Biological Properties of 
PMC9505312,7,T a b l e   8,"MIC and MBC of MCEO,  M. chamomilla  honey, and their mixture in percentages ( v / v ).",12,9,True,PMC9505312_t7.csv,Determination of Chemical Compounds and Investigation of Biological Properties of 
PMC9570014,0,T a b l e   1,Qualitative agar well diffusion assay highlighting microorganism susceptibility allowing a relative comparison between mixture efficacies.,6,7,True,PMC9570014_t0.csv,Enhanced Bioactivity of Tailor-Made Glycolipid Enriched Manuka Honey
PMC9570014,1,,,27,2,True,PMC9570014_t1.csv,Enhanced Bioactivity of Tailor-Made Glycolipid Enriched Manuka Honey
PMC9570921,0,T a b l e   1,The morphological and biochemical properties of Isolate A and Isolate B.,12,3,True,PMC9570921_t0.csv,Biological Efficacy of Compounds from Stingless Honey and Sting Honey against Two Pathogenic Bacteria: An In Vitro and I
PMC9570921,1,T a b l e   2,The antibiotic sensitivity test for the detection of the resistance pattern of  Bacillus cereus  and  Listeria monocytogenes .,10,5,True,PMC9570921_t1.csv,Biological Efficacy of Compounds from Stingless Honey and Sting Honey against Two Pathogenic Bacteria: An In Vitro and I
PMC9570921,2,T a b l e   3,The physicochemical parameters of the honey samples.,8,3,True,PMC9570921_t2.csv,Biological Efficacy of Compounds from Stingless Honey and Sting Honey against Two Pathogenic Bacteria: An In Vitro and I
PMC9570921,3,T a b l e   4,The antimicrobial activity of stingless and sting honey against  Bacillus cereus  and  Listeria monocytogenes .,12,4,True,PMC9570921_t3.csv,Biological Efficacy of Compounds from Stingless Honey and Sting Honey against Two Pathogenic Bacteria: An In Vitro and I
PMC9570921,4,T a b l e   5,The protein–ligand interaction and identification of binding residues.,5,5,True,PMC9570921_t4.csv,Biological Efficacy of Compounds from Stingless Honey and Sting Honey against Two Pathogenic Bacteria: An In Vitro and I
PMC9570921,5,T a b l e   6,The pharmacological assessment of the screened hit ligand molecules.,9,4,True,PMC9570921_t5.csv,Biological Efficacy of Compounds from Stingless Honey and Sting Honey against Two Pathogenic Bacteria: An In Vitro and I
PMC9592658,0,T a b l e   1,Antifungal activity of bee products against unicellular fungal clinical isolates using agar well diffusion assay,9,4,True,PMC9592658_t0.csv,Antifungal and antibiofilm activities of bee venom loaded on chitosan nanoparticles: a novel approach for combating fung
PMC9592658,1,T a b l e   2,Characterization of free chitosan nanoparticles and BV-CNPs,3,5,False,PMC9592658_t1.csv,Antifungal and antibiofilm activities of bee venom loaded on chitosan nanoparticles: a novel approach for combating fung
PMC9592658,2,T a b l e   3,MIC values of free chitosan nanoparticles (CBV) and BV-CNPs,5,3,True,PMC9592658_t2.csv,Antifungal and antibiofilm activities of bee venom loaded on chitosan nanoparticles: a novel approach for combating fung
PMC9598309,0,T a b l e   1,Pollen analysis in honeys.,36,4,True,PMC9598309_t0.csv,"Physicochemical Profile, Antioxidant and Antimicrobial Activities of Honeys Produced in Minas Gerais (Brazil)"
PMC9598309,1,T a b l e   2,Identification of honeys of the according to predominant flowering.,8,3,True,PMC9598309_t1.csv,"Physicochemical Profile, Antioxidant and Antimicrobial Activities of Honeys Produced in Minas Gerais (Brazil)"
PMC9598309,2,T a b l e   3,Color shades of honeys (mean ± SD;  n  = 3).,8,3,True,PMC9598309_t2.csv,"Physicochemical Profile, Antioxidant and Antimicrobial Activities of Honeys Produced in Minas Gerais (Brazil)"
PMC9598309,3,T a b l e   4,Results of analysis and parameter limits for honeys (mean ± SD;  n  = 3).,9,6,True,PMC9598309_t3.csv,"Physicochemical Profile, Antioxidant and Antimicrobial Activities of Honeys Produced in Minas Gerais (Brazil)"
PMC9598309,4,T a b l e   5,Data from all samples for analyses of UHPLC/MS/MS.,38,7,False,PMC9598309_t4.csv,"Physicochemical Profile, Antioxidant and Antimicrobial Activities of Honeys Produced in Minas Gerais (Brazil)"
PMC9598309,5,T a b l e   6,Comparison with literature formulae for honeys.,26,5,True,PMC9598309_t5.csv,"Physicochemical Profile, Antioxidant and Antimicrobial Activities of Honeys Produced in Minas Gerais (Brazil)"
PMC9598309,6,T a b l e   7,Data on the contents of total polyphenols and EC 50  (mean ± SD;  n  = 3).,9,3,True,PMC9598309_t6.csv,"Physicochemical Profile, Antioxidant and Antimicrobial Activities of Honeys Produced in Minas Gerais (Brazil)"
PMC9598309,7,T a b l e   8,Results of minimum inhibitory concentration/minimum bactericidal concentration MIC/MBC.,11,8,True,PMC9598309_t7.csv,"Physicochemical Profile, Antioxidant and Antimicrobial Activities of Honeys Produced in Minas Gerais (Brazil)"
PMC9598309,8,T a b l e   9,Data for sample extraction and preparation.,8,4,True,PMC9598309_t8.csv,"Physicochemical Profile, Antioxidant and Antimicrobial Activities of Honeys Produced in Minas Gerais (Brazil)"
PMC9598309,9,T a b l e   1 0,Data for preparation of standards.,5,5,False,PMC9598309_t9.csv,"Physicochemical Profile, Antioxidant and Antimicrobial Activities of Honeys Produced in Minas Gerais (Brazil)"
PMC9607359,0,T a b l e   1,Minimum Inhibitory Concentration (MIC) and Minimum Bactericidal Concentration (MBC) of Sumra honey against clinical and reference bacterial strains.,13,5,True,PMC9607359_t0.csv,"The Antimicrobial Effects of Saudi Sumra Honey against Drug Resistant Pathogens: Phytochemical Analysis, Antibiofilm, An"
PMC9607359,1,T a b l e   2,Minimum Inhibitory Concentration (MIC) of Sumra honey against various fungal strains including clinical isolates.,7,2,True,PMC9607359_t1.csv,"The Antimicrobial Effects of Saudi Sumra Honey against Drug Resistant Pathogens: Phytochemical Analysis, Antibiofilm, An"
PMC9607359,2,T a b l e   3,"Antioxidant of 2,2-diphenyl-1-picryl-hydrazyl-hydrate (DPPH), 2,2′-azino-bis (3-ethylbenzothiazoline-6-sulfonic acid) (ABTS) and β-carotene activities of Sumra honey.",3,4,True,PMC9607359_t2.csv,"The Antimicrobial Effects of Saudi Sumra Honey against Drug Resistant Pathogens: Phytochemical Analysis, Antibiofilm, An"
PMC9607359,3,T a b l e   4,Phytochemicals of Sumra honey extract as identified by gas chromatography-mass spectrometry (GC-MS) analysis.,27,5,True,PMC9607359_t3.csv,"The Antimicrobial Effects of Saudi Sumra Honey against Drug Resistant Pathogens: Phytochemical Analysis, Antibiofilm, An"
PMC9616666,0,T a b l e   1,List of experimental groups.,10,2,True,PMC9616666_t0.csv,Antibacterial Efficacy and Healing Potential of Honey from Different Zones in Nigeria on Diabetic-Induced Wound Infectio
PMC9616666,1,T a b l e   2,Microbial count of honey samples.,12,3,True,PMC9616666_t1.csv,Antibacterial Efficacy and Healing Potential of Honey from Different Zones in Nigeria on Diabetic-Induced Wound Infectio
PMC9616666,2,T a b l e   3,Physiochemical parameters of honey samples.,17,13,True,PMC9616666_t2.csv,Antibacterial Efficacy and Healing Potential of Honey from Different Zones in Nigeria on Diabetic-Induced Wound Infectio
PMC9616666,3,T a b l e   4,Fasting blood sugar level of experimental groups before and after treatment.,10,3,True,PMC9616666_t3.csv,Antibacterial Efficacy and Healing Potential of Honey from Different Zones in Nigeria on Diabetic-Induced Wound Infectio
PMC9616666,4,T a b l e   5,Summary of oxidant and antioxidant activity.,10,3,True,PMC9616666_t4.csv,Antibacterial Efficacy and Healing Potential of Honey from Different Zones in Nigeria on Diabetic-Induced Wound Infectio
PMC9654997,0,T a b l e   1,"Minimum inhibitory concentrations (MIC) and minimum bactericidal concentrations (MBC) of Manuka honey 550+, goldenrod honey, pine honey, and bee bread on  C. difficile  strains.",13,10,True,PMC9654997_t0.csv,The Effect of Selected Bee Products on Adhesion and Biofilm of 
PMC9654997,1,T a b l e   2,Average biofilm biomass ± standard deviation (crystal violet absorbance A620) by examined  C. difficile  strains with different concentrations of Manuka honey 550+.,13,9,True,PMC9654997_t1.csv,The Effect of Selected Bee Products on Adhesion and Biofilm of 
PMC9654997,2,T a b l e   3,Average biofilm biomass ± standard deviation (crystal violet absorbance A620) by examined  C. difficile  strains with different concentrations of goldenrod honey.,13,9,True,PMC9654997_t2.csv,The Effect of Selected Bee Products on Adhesion and Biofilm of 
PMC9654997,3,T a b l e   4,Average biofilm biomass ± standard deviation (crystal violet absorbance A620) by examined  C. difficile  strains with different concentrations of pine honey.,13,9,True,PMC9654997_t3.csv,The Effect of Selected Bee Products on Adhesion and Biofilm of 
PMC9654997,4,T a b l e   5,Average biofilm biomass ± standard deviation (crystal violet absorbance A620) by examined  C. difficile  strains with different concentrations of bee bread.,13,10,True,PMC9654997_t4.csv,The Effect of Selected Bee Products on Adhesion and Biofilm of 
PMC9686581,0,T a b l e   1,Physicochemical parameters of honey samples from North-West and Central Romania.,14,7,True,PMC9686581_t0.csv,Qualitative Characterization and Antifungal Activity of Romanian Honey and Propolis
PMC9686581,1,T a b l e   2,Physicochemical parameters of honey samples from Alba County.,13,7,True,PMC9686581_t1.csv,Qualitative Characterization and Antifungal Activity of Romanian Honey and Propolis
PMC9686581,2,T a b l e   3,The chemical parameters of the honey samples from North-West and Central of Romania.,14,9,True,PMC9686581_t2.csv,Qualitative Characterization and Antifungal Activity of Romanian Honey and Propolis
PMC9686581,3,T a b l e   4,The chemical parameters of the honey samples from Alba County.,13,9,True,PMC9686581_t3.csv,Qualitative Characterization and Antifungal Activity of Romanian Honey and Propolis
PMC9686581,4,T a b l e   5,Characterization of propolis samples from North-West and Central of Romania.,14,7,True,PMC9686581_t4.csv,Qualitative Characterization and Antifungal Activity of Romanian Honey and Propolis
PMC9686581,5,T a b l e   6,Characterization of propolis samples from Alba County.,13,7,True,PMC9686581_t5.csv,Qualitative Characterization and Antifungal Activity of Romanian Honey and Propolis
PMC9686581,6,T a b l e   7,Diameters of the inhibition zones on the fungal strains for honey samples from North-West and Central Romania.,8,15,True,PMC9686581_t6.csv,Qualitative Characterization and Antifungal Activity of Romanian Honey and Propolis
PMC9686581,7,T a b l e   8,Diameters of the inhibition zones on the fungal strains for honey samples from Alba County.,8,14,True,PMC9686581_t7.csv,Qualitative Characterization and Antifungal Activity of Romanian Honey and Propolis
PMC9686581,8,T a b l e   9,Diameters of the inhibition zones in fungal strains for propolis aqueous extract samples from North-West and Central of Romania.,8,15,True,PMC9686581_t8.csv,Qualitative Characterization and Antifungal Activity of Romanian Honey and Propolis
PMC9686581,9,T a b l e   1 0,Diameters of the inhibition zones on the fungal strains for propolis aqueous extract samples from Alba County.,8,14,True,PMC9686581_t9.csv,Qualitative Characterization and Antifungal Activity of Romanian Honey and Propolis
PMC9686581,10,T a b l e   1 1,Statistical bifactorial analysis of variance for samples from North-West and Central Romania.,7,7,True,PMC9686581_t10.csv,Qualitative Characterization and Antifungal Activity of Romanian Honey and Propolis
PMC9686581,11,T a b l e   1 2,Statistical bifactorial analysis of variance for samples from Alba County.,7,7,True,PMC9686581_t11.csv,Qualitative Characterization and Antifungal Activity of Romanian Honey and Propolis
PMC9686581,12,T a b l e   1 3,Pearson’s correlation coefficients between the diameter of the inhibition zone and the flavonoid/phenol content for the studied microbial strains.,9,9,True,PMC9686581_t12.csv,Qualitative Characterization and Antifungal Activity of Romanian Honey and Propolis
PMC9686581,13,T a b l e   1 4,The origin of the honey and propolis samples.,14,5,True,PMC9686581_t13.csv,Qualitative Characterization and Antifungal Activity of Romanian Honey and Propolis
PMC9695399,0,T a b l e   1,Mean (±SE)  Nosema  spore abundance (m.p.b) for the 5 dilutions of each treatment in live bees for end-experiment samples (day 20) in comparison with Fumagilin-B ® . Each value indicates averages for three replicates ± standard error (±SE). Means followed by different letters are significantly different within each row ( p <  0.05).,5,7,True,PMC9695399_t0.csv,In Vivo Inhibitory Assessment of Potential Antifungal Agents on 
PMC9695399,1,T a b l e   2,Mean (±SE) bee mortality (%) during the 20 day exposure to different dilutions of treatments in comparison with Fumagilin-B ® . Each value indicates the average of three replicates ± standard error (±SE). Means followed by different letters are significantly different within each row ( p <  0.05).,5,7,True,PMC9695399_t1.csv,In Vivo Inhibitory Assessment of Potential Antifungal Agents on 
PMC9696375,0,T a b l e   1,Antioxidant signaling pathways of phenolic acids and flavonoids.,5,5,True,PMC9696375_t0.csv,Therapeutic Potential of Honey and Propolis on Ocular Disease
PMC9696375,1,T a b l e   2,Physicochemical features of honey and their antibacterial properties.,5,4,True,PMC9696375_t1.csv,Therapeutic Potential of Honey and Propolis on Ocular Disease
PMC9696375,2,T a b l e   3,Common flavonoids found in honey and their antibacterial properties.,6,4,True,PMC9696375_t2.csv,Therapeutic Potential of Honey and Propolis on Ocular Disease
PMC9696375,3,T a b l e   4,Common phenolic acids found in honey and their antibacterial properties.,6,4,True,PMC9696375_t3.csv,Therapeutic Potential of Honey and Propolis on Ocular Disease
PMC9696375,4,T a b l e   5,Analgesic mechanism of various types of honey.,6,4,True,PMC9696375_t4.csv,Therapeutic Potential of Honey and Propolis on Ocular Disease
PMC9696375,5,T a b l e   6,The antibacterial activity of various propolis with their main constituents.,16,4,True,PMC9696375_t5.csv,Therapeutic Potential of Honey and Propolis on Ocular Disease
PMC9703798,0,T a b l e   1,Minimum inhibitory concentrations of manuka honey and azithromycin both alone and in combination against  M. abscessus  and subspecies (n = 4).,21,5,True,PMC9703798_t0.csv,Manuka honey in combination with azithromycin shows potential for improved activity against 
PMC9703798,1,T a b l e   2,Minimum bactericidal concentrations of manuka honey and azithromycin both alone and in combination against  M. abscessus  and subspecies (n = 4).,21,5,True,PMC9703798_t1.csv,Manuka honey in combination with azithromycin shows potential for improved activity against 
PMC9740266,0,T a b l e   1,"Linear ranges, linear equation, the coefficient of determination (R2), and limit of detection (LOD) and quantification (LOQ) for gluconic acid.",2,6,False,PMC9740266_t0.csv,Antibacterial Properties of Honey Nanocomposite Fibrous Meshes
PMC9740266,1,T a b l e   2,"Peak area, measured concentration (mg/kg), average concentration (mg/kg), and ±confidence interval (C.I.) for the triplicates of honey samples.",7,5,True,PMC9740266_t1.csv,Antibacterial Properties of Honey Nanocomposite Fibrous Meshes
PMC9740266,2,T a b l e   3,"Viscosity and surface tension of the studied polymer solutions and manuka honey. In all cases, the PCL solution consisted of a 15% ( w / v ) concentration. The solution represents the ratio of honey to PCL solution.",7,3,True,PMC9740266_t2.csv,Antibacterial Properties of Honey Nanocomposite Fibrous Meshes
PMC9784341,0,,,19,3,False,PMC9784341_t0.csv,"Anti-Inflammatory and Antibacterial Effects and Mode of Action of Greek Arbutus, Chestnut, and Fir Honey in Mouse Models"
PMC9785851,0,T a b l e   1,"Bionanomaterials based on honey. Type of bionanomaterial, composition, size, evaluation models, parameters tested (biological, physicochemical and mechanical), potential applications and references.",53,8,True,PMC9785851_t0.csv,Nanomaterials Based on Honey and Propolis for Wound Healing—A Mini-Review
PMC9785851,1,T a b l e   2,"Bionanomaterials based on propolis. Type of bionanomaterial, composition, size, evaluation models, parameters tested (biological, physicochemical and mechanical), potential applications and references.",31,8,True,PMC9785851_t1.csv,Nanomaterials Based on Honey and Propolis for Wound Healing—A Mini-Review
PMC9785851,2,T a b l e   3,"Patents, publication date, applicant and description of bionanomaterial based on honey or propolis.",15,4,True,PMC9785851_t2.csv,Nanomaterials Based on Honey and Propolis for Wound Healing—A Mini-Review
PMC9854511,0,T a b l e   1,Polyphenol composition in various countries.,35,6,True,PMC9854511_t0.csv,Synergic Effect of Honey with Other Natural Agents in Developing Efficient Wound Dressings
PMC9854511,1,T a b l e   2,Synergic effect of honey with other natural products.,9,4,True,PMC9854511_t1.csv,Synergic Effect of Honey with Other Natural Agents in Developing Efficient Wound Dressings
PMC9854511,2,T a b l e   3,Honey mechanism of action.,9,5,True,PMC9854511_t2.csv,Synergic Effect of Honey with Other Natural Agents in Developing Efficient Wound Dressings
PMC9900486,0,T a b l e   1,Composition criteria of honey according to the codex alimentarius and EU regulations.,16,4,True,PMC9900486_t0.csv,A review on the phytochemical composition and health applications of honey
PMC9900486,1,T a b l e   2,Minerals found in Honey.,10,2,True,PMC9900486_t1.csv,A review on the phytochemical composition and health applications of honey
PMC9900486,2,T a b l e   3,A table Linking phenolic and flavonoid compounds found in honey with their antibacterial method of action.,14,5,True,PMC9900486_t2.csv,A review on the phytochemical composition and health applications of honey
PMC9900486,3,T a b l e   4,"A table comparing various types of honey with their country of origin, colours and flavours.",46,3,True,PMC9900486_t3.csv,A review on the phytochemical composition and health applications of honey
PMC9906859,0,T a b l e   1,The primers sequences used for molecular identification of antibiotic resistance genes [ 11 ],8,3,False,PMC9906859_t0.csv,Antibacterial efficacy of indigenous Pakistani honey against extensively drug-resistant clinical isolates of 
PMC9906859,1,T a b l e   2,Minimum inhibitory concentration (MIC; µg/mL) of antibiotics against XDR  S . Typhi isolates,22,8,True,PMC9906859_t1.csv,Antibacterial efficacy of indigenous Pakistani honey against extensively drug-resistant clinical isolates of 
PMC9906859,2,T a b l e   3,Molecular confirmation of resistance genes in XDR  S . Typhi,21,8,True,PMC9906859_t2.csv,Antibacterial efficacy of indigenous Pakistani honey against extensively drug-resistant clinical isolates of 
PMC9906859,3,T a b l e   4,Antibacterial activity (zone of inhibition; mm) of five indigenous honeys against XDR  S . Typhi,21,6,True,PMC9906859_t3.csv,Antibacterial efficacy of indigenous Pakistani honey against extensively drug-resistant clinical isolates of 
PMC9906859,4,T a b l e   5,Minimum inhibitory concentrations (MICs) and minimum bactericidal concentrations (MBCs) (v/v%) of indigenous honeys against XDR  S.  Typhi isolates,22,11,True,PMC9906859_t4.csv,Antibacterial efficacy of indigenous Pakistani honey against extensively drug-resistant clinical isolates of 
PMC9915547,0,T a b l e   1,"Physicochemical characteristics of tested honey types, average ± SD, N = 3.",12,6,True,PMC9915547_t0.csv,Chemical Composition and Antimicrobial Activity of New Honey Varietals
PMC9915547,1,T a b l e   2,Major sugar components in tested honey samples as determined by HPLC.,13,8,True,PMC9915547_t1.csv,Chemical Composition and Antimicrobial Activity of New Honey Varietals
PMC9915547,2,T a b l e   3,Lysozyme-like activity in honey samples.,4,2,True,PMC9915547_t2.csv,Chemical Composition and Antimicrobial Activity of New Honey Varietals
PMC9915547,3,T a b l e   4,Selected phenolic acid content; (-)–not detected.,13,5,True,PMC9915547_t3.csv,Chemical Composition and Antimicrobial Activity of New Honey Varietals
PMC9916164,0,T a b l e   1,Results of CA assay on human lymphocytes after treatment with strawberry tree honey (STH) and artificial honey (AH). Negative control (non-treated cells) and positive control (bleomycin—15 mg/L) groups were studied in parallel.,7,6,True,PMC9916164_t0.csv,Protective Effects of 
PMC9916164,1,T a b l e   2,"Micronuclei (MNi), nuclear bud (NB), and nucleoplasmic bridge (NPB) formation in human lymphocytes after treatment with strawberry tree honey (STH) and artificial honey (AH). Negative control (non-treated cells) and positive control (bleomycin—15 mg/L) groups were studied in parallel.",9,12,True,PMC9916164_t1.csv,Protective Effects of 
PMC9916164,2,T a b l e   3,Parameters of cell proliferation observed after treatment with strawberry tree honey (STH) and artificial honey (AH). Negative control (non-treated cells) and positive control (bleomycin—15 mg/L) groups were studied in parallel.,9,7,True,PMC9916164_t2.csv,Protective Effects of 
PMC9916164,3,T a b l e   4,Cell viability and cytostatic effects observed after treatment with strawberry tree honey (STH) and artificial honey (AH). Negative control (non-treated cells) and positive control (bleomycin — 15 mg/L) groups were studied in parallel.,8,6,True,PMC9916164_t3.csv,Protective Effects of 
PMC9916164,4,T a b l e   5,Results of CA assay after treatment with different combinations of cytotoxic drug irinotecan (IRI) with strawberry tree honey (STH) and artificial honey (AH). Single-IRI-treated cells and positive control (bleomycin — 15 mg/L) cells were studied in parallel.,7,7,True,PMC9916164_t4.csv,Protective Effects of 
PMC9916164,5,T a b l e   6,"Micronuclei (MNi), nuclear bud (NB), and nucleoplasmic bridge (NPB) formation after treatment with different combinations of cytotoxic drug irinotecan (IRI) with strawberry tree honey (STH) and artificial honey (AH). Single-IRI-treated cells and positive control (bleomycin—15 mg/L) cells were studied in parallel.",9,12,True,PMC9916164_t5.csv,Protective Effects of 
PMC9916164,6,T a b l e   7,Description of experimental groups and treatments. In vitro exposure of blood samples to the selected concentrations of all of the tested compounds.,8,5,True,PMC9916164_t6.csv,Protective Effects of 
PMC9951885,0,T a b l e   1,Phenolic compounds content and antioxidant capacity of plant-flavored honeys (fresh sample).,20,6,True,PMC9951885_t0.csv,"The Antioxidant, Antibacterial and Anti-Biofilm Properties of Rapeseed Creamed Honey Enriched with Selected Plant Superf"
PMC9951885,1,T a b l e   2,Minimal inhibitory concentration (MIC) values determined for the prepared honeys.,14,5,True,PMC9951885_t1.csv,"The Antioxidant, Antibacterial and Anti-Biofilm Properties of Rapeseed Creamed Honey Enriched with Selected Plant Superf"
PMC9952334,0,T a b l e   1,Descriptive characteristics of the manuscripts indexed in the Scopus database.,11,4,False,PMC9952334_t0.csv,Honey’s Antioxidant and Antimicrobial Properties: A Bibliometric Study
PMC9952334,1,T a b l e   2,Top ten most cited articles indexed in the Scopus database.,11,5,True,PMC9952334_t1.csv,Honey’s Antioxidant and Antimicrobial Properties: A Bibliometric Study
PMC9952334,2,T a b l e   3,VOSviewer clusters “antimicrobial-antioxidant-honey”.,3,2,True,PMC9952334_t2.csv,Honey’s Antioxidant and Antimicrobial Properties: A Bibliometric Study
PMC9952753,0,T a b l e   1,"The physicochemical characteristics of TH, KH, SH versus MH.",29,5,True,PMC9952753_t0.csv,Physicochemical Characteristics and Bioactive Compounds of Different Types of Honey and Their Biological and Therapeutic
PMC9952753,1,T a b l e   2,"The most common phenolic compounds (flavonoids and phenolic acids) identified in MH, TH, KH, and SH [ 18 , 41 , 68 , 69 , 70 ].",34,2,True,PMC9952753_t1.csv,Physicochemical Characteristics and Bioactive Compounds of Different Types of Honey and Their Biological and Therapeutic
PMC9952753,2,T a b l e   3,"Some of phenolic compounds with their potential health benefits found in MH, TH, KH, and SH.",10,4,True,PMC9952753_t2.csv,Physicochemical Characteristics and Bioactive Compounds of Different Types of Honey and Their Biological and Therapeutic
PMC9952753,3,T a b l e   4,"List of micro-organisms that have been found to be sensitive to MH, TH, KH, and SH.",105,4,True,PMC9952753_t3.csv,Physicochemical Characteristics and Bioactive Compounds of Different Types of Honey and Their Biological and Therapeutic
PMC9952753,4,T a b l e   5,"List of anticancer properties of MH, TH, KH, and SH.",21,4,True,PMC9952753_t4.csv,Physicochemical Characteristics and Bioactive Compounds of Different Types of Honey and Their Biological and Therapeutic
PMC9952753,5,T a b l e   6,"Summary of wound-healing properties of MH, TH, KH, and SH.",11,4,True,PMC9952753_t5.csv,Physicochemical Characteristics and Bioactive Compounds of Different Types of Honey and Their Biological and Therapeutic
PMC9958606,0,T a b l e   1,Sensory characteristics and color of the analyzed honey samples.,6,4,True,PMC9958606_t0.csv,Antibacterial and Antibiofilm Effect of Unifloral Honeys against Bacteria Isolated from Chronic Wound Infections
PMC9958606,1,T a b l e   2,Pollen spectrum of the studied honeys.,6,8,True,PMC9958606_t1.csv,Antibacterial and Antibiofilm Effect of Unifloral Honeys against Bacteria Isolated from Chronic Wound Infections
PMC9958606,2,T a b l e   3,"The MIC value of black locust, chestnut, goldenrod, linden and milkweed honey.",6,5,True,PMC9958606_t2.csv,Antibacterial and Antibiofilm Effect of Unifloral Honeys against Bacteria Isolated from Chronic Wound Infections
PMC9958606,3,T a b l e   4,"Cell viability of  S. epidermidis , MRSA and  P. aeruginosa  treated by honey samples.",7,4,True,PMC9958606_t3.csv,Antibacterial and Antibiofilm Effect of Unifloral Honeys against Bacteria Isolated from Chronic Wound Infections
PMC9958606,4,T a b l e   5,"Effect of honey solutions at different concentrations on the release of cellular material from Gram+ ( S. epidermidis , MRSA) and Gram− ( P. aeruginosa ) bacteria.",19,6,True,PMC9958606_t4.csv,Antibacterial and Antibiofilm Effect of Unifloral Honeys against Bacteria Isolated from Chronic Wound Infections
PMC9958606,5,T a b l e   6,"Kinetics of 260 nm absorbing material released from Gram+ ( S. epidermidis , MRSA) and Gram− ( P. aeruginosa ) bacteria treated with 60% ( w / v ) honey solutions.",19,6,True,PMC9958606_t5.csv,Antibacterial and Antibiofilm Effect of Unifloral Honeys against Bacteria Isolated from Chronic Wound Infections
