source_db,pmid,doi,title,journal,year,authors,pubtype,abstract,query,query_idx
pubmed_citemine,32164305,10.3390/molecules25051252,"Antibacterial Action Mechanisms of Honey: Physiological Effects of Avocado, Chestnut, and Polyfloral Honey upon Staphylococcus aureus and Escherichia coli.","Molecules (Basel, Switzerland)",2020,Combarros-Fuertes P; M Estevinho L; Teixeira-Santos R; G Rodrigues A; Pina-Vaz C; Fresno JM,Journal Article,"Numerous studies have explored the antibacterial properties of different types of honey from all around the world. However, the data available describing how honey acts against bacteria are few. The aim of this study was to apply a flow cytometry (FC) protocol to examine and characterize the primary effects of three varieties of honey (avocado, chestnut and polyfloral) upon physiological status of Staphylococcus aureus and Escherichia coli cells to reveal their antibacterial action mechanisms. The effects of honey samples on membrane potential, membrane integrity, and metabolic activity were assessed using different fluorochromes, in a 180 min time course assay. Time-kill experiments were also carried out under similar conditions. Exposure of S. aureus and E. coli to the distinct honey samples resulted in physiological changes related to membrane polarization and membrane integrity. Moreover, honey induced a remarkable metabolic disruption as primary physiological effect upon S. aureus. The different honey samples induced quite similar effects on both bacteria. However, the depth of bacteria response throughout the treatment varied depending on the concentration tested and among honey varieties, probably due to compositional differences in the honey.",citation_mining_author_lookup,99
pubmed_citemine,12392533,10.1046/j.1365-2672.2002.01761.x,The sensitivity to honey of Gram-positive cocci of clinical significance isolated from wounds.,Journal of applied microbiology,2002,Cooper RA; Molan PC; Harding KG,Journal Article,"To determine the sensitivity to honey of Gram-positive cocci of clinical significance in wounds and demonstrate that inhibition is not exclusively due to osmotic effects. Eighteen strains of methicillin-resistant Staphylococcus aureus and seven strains of vancomycin-sensitive enterococci were isolated from infected wounds and 20 strains of vancomycin-resistant enterococci were isolated from hospital environmental surfaces. Using an agar incorporation technique to determine the minimum inhibitory concentration (MIC), their sensitivity to two natural honeys of median levels of antibacterial activity was established and compared with an artificial honey solution. For all of the strains tested, the MIC values against manuka and pasture honey were below 10% (v/v), but concentrations of artificial honey at least three times higher were required to achieve equivalent inhibition in vitro. Comparison of the MIC values of antibiotic-sensitive strains with their respective antibiotic-resistant strains demonstrated no marked differences in their susceptibilities to honey. The inhibition of bacteria by honey is not exclusively due to osmolarity. For the Gram-positive cocci tested, antibiotic-sensitive and -resistant strains showed similar sensitivity to honey. A possible role for honey in the treatment of wounds colonized by antibiotic-resistant bacteria is indicated.",citation_mining_author_lookup,99
pubmed_citemine,35111142,10.3389/fmicb.2021.803307,Use of Transposon Directed Insertion-Site Sequencing to Probe the Antibacterial Mechanism of a Model Honey on E. coli K-12.,Frontiers in microbiology,2021,Masoura M; Milner MT; Overton TW; Gkatzionis K; Lund PA,Journal Article,"Antimicrobial resistance is an ever-growing health concern worldwide that has created renewed interest in the use of traditional anti-microbial treatments, including honey. However, understanding the underlying mechanism of the anti-microbial action of honey has been hampered due to the complexity of its composition. High throughput genetic tools could assist in understanding this mechanism. In this study, the anti-bacterial mechanism of a model honey, made of sugars, hydrogen peroxide, and gluconic acid, was investigated using genome-wide transposon mutagenesis combined with high-throughput sequencing (TraDIS), with the strain Escherichia coli K-12 MG1655 as the target organism. We identified a number of genes which when mutated caused a severe loss of fitness when cells were exposed to the model honey. These genes encode membrane proteins including those involved in uptake of essential molecules, and components of the electron transport chain. They are enriched for pathways involved in intracellular homeostasis and redox activity. Genes involved in assembly and activity of formate dehydrogenase O (FDH-O) were of particular note. The phenotypes of mutants in a subset of the genes identified were confirmed by phenotypic screening of deletion strains. We also found some genes which when mutated led to enhanced resistance to treatment with the model honey. This study identifies potential synergies between the main honey stressors and provides insights into the global antibacterial mechanism of this natural product.",citation_mining_author_lookup,99
pubmed_citemine,24884949,10.1186/1476-0711-13-19,Manuka honey treatment of biofilms of Pseudomonas aeruginosa results in the emergence of isolates with increased honey resistance.,Annals of clinical microbiology and antimicrobials,2014,Camplin AL; Maddocks SE,"Journal Article; Research Support, Non-U.S. Gov't","Medical grade manuka honeys are well known to be efficacious against Pseudomonas aeruginosa being bactericidal and inhibiting the development of biofilms; moreover manuka honey effectively kills P. aeruginosa embedded within an established biofilm. Sustained honey resistance has not been previously documented for planktonic or biofilm P. aeruginosa. Minimum inhibitory concentrations for manuka honey and antibiotics were determined using broth micro-dilution methods. Minimum biofilm eliminating concentrations (MBEC) and biofilm biomass were determined using the crystal violet method. Sub-culture used non-selective media and the grid-plate method. When honey treated biofilm biomass of two strains of P. aeruginosa (reference strain ATCC 9027 and the clinical isolate 867) were sub-cultured onto non-selective media isolates emerged that exhibited reduced susceptibility to manuka honey. Significantly, this characteristic was sustained with repeated sub-culture onto non-selective media resulting in increased minimum inhibitory concentrations (MIC) of between 5-7% (w/v) and increased minimum biofilm eliminating concentrations (MBEC) of up to 15% (w/v). Interestingly the resistant isolates showed reduced susceptibility to antibiotic treatment with rifampicin and imipenem as well as being more prolific biofilm-formers than the progenitor strains. P. aeruginosa biofilms treated with manuka honey equivalent to the MBEC harbour slow growing, viable persistor organisms that exhibit sustained, increased resistance to manuka honey and antibiotic treatment, suggesting a shared mechanism of resistance. This sheds new light on the propensity for biofilm embedded organisms to resist honey treatment and become persistor organisms that are tolerant to other antimicrobial therapies.",citation_mining_author_lookup,99
pubmed_citemine,18433338,10.1086/587892,Medical-grade honey kills antibiotic-resistant bacteria in vitro and eradicates skin colonization.,Clinical infectious diseases : an official publication of the Infectious Diseases Society of America,2008,Kwakman PH; Van den Akker JP; Güçlü A; Aslami H; Binnekade JM; de Boer L,"Journal Article; Research Support, Non-U.S. Gov't","Antibiotic resistance among microbes urgently necessitates the development of novel antimicrobial agents. Since ancient times, honey has been used successfully for treatment of infected wounds, because of its antibacterial activity. However, large variations in the in vitro antibacterial activity of various honeys have been reported and hamper its acceptance in modern medicine. We assessed the in vitro bactericidal activity of Revamil (Bfactory), a medical-grade honey produced under controlled conditions, and assessed its efficacy for reduction of forearm skin colonization in healthy volunteers in a within-subject-controlled trial. With Bacillus subtilis as a test strain, we demonstrated that the variation in bactericidal activity of 11 batches of medical-grade honey was <2-fold. Antibiotic-susceptible and -resistant isolates of Staphylococcus aureus, Staphylococcus epidermidis, Enterococcus faecium, Escherichia coli, Pseudomonas aeruginosa, Enterobacter cloacae, and Klebsiella oxytoca were killed within 24 h by 10%-40% (vol/vol) honey. After 2 days of application of honey, the extent of forearm skin colonization in healthy volunteers was reduced 100-fold (P < .001), and the numbers of positive skin cultures were reduced by 76% (P < .001). Revamil is a promising topical antimicrobial agent for prevention or treatment of infections, including those caused by multidrug-resistant bacteria.",citation_mining_author_lookup,99
pubmed_citemine,38776281,10.1371/journal.pone.0303095,Long-term stability and the physical and chemical factors predictive for antimicrobial activity in Australian honey.,PloS one,2024,Fernandes KE; Dong AZ; Levina A; Cokcetin NN; Brooks P; Carter DA,Journal Article,"The growing burden of expired medicines contributes to environmental contamination and landfill waste accumulation. Medicinal honey, with its non-toxic nature and potentially long shelf-life, represents a promising and underutilised therapeutic that avoids some of these issues. However, limited knowledge on how its antimicrobial properties change over time combined with a lack of reliable processes in the honey industry for measuring antimicrobial potential, hinder its clinical adoption. Using a diverse selection of 30 Australian honey samples collected between 2005 and 2007, we comprehensively evaluated their antibacterial and antifungal activity and pertinent physical and chemical properties with the aims of assessing the effect of long-term storage on activity, pinpointing factors associated with antimicrobial efficacy, and establishing robust assessment methods. Minimum inhibitory concentration (MIC) assays proved superior to the standard phenol equivalence assay in capturing the full range of antimicrobial activity present in honey. Correlations between activity and a range of physical and chemical properties uncovered significant associations, with hydrogen peroxide, antioxidant content, and water activity emerging as key indicators in non-Leptospermum honey. However, the complex nature and the diverse composition of honey samples precludes the use of high-throughput chemical tests for accurately assessing this activity, and direct assessment using live microorganisms remains the most economical and reliable method. We provide recommendations for different methods of assaying various honey properties, taking into account their accuracy along with technical difficulty and safety considerations. All Leptospermum and fourteen of seventeen non-Leptospermum honey samples retained at least some antimicrobial properties after 15-17 years of storage, suggesting that honey can remain active for extended periods. Overall, the results of this study will help industry meet the growing demand for high-quality, medicinally active honey while ensuring accurate assessment of its antimicrobial potential.",citation_mining_author_lookup,99
pubmed_citemine,29382105,10.3390/molecules23020260,Study of the Anti-Staphylococcal Potential of Honeys Produced in Northern Poland.,"Molecules (Basel, Switzerland)",2018,Grecka K; Kuś PM; Worobo RW; Szweda P,Journal Article,"The antimicrobial activity of 144 samples of honeys including 95 products from apiaries located in Northern Poland was evaluated. The antibacterial activity of those natural products, their thermal stability, and activity in the presence of catalase was investigated by microdilution assays in titration plates. The MTT assay was performed for the determination of anti-biofilm activity. Spectrophotometric assays were used for the determination of antioxidant potential, total phenolic content, and ability to generate hydrogen peroxide. Some of the investigated honeys exhibited surprisingly high antimicrobial, especially anti-staphylococcal, potential, with Minimal Inhibitory Concentration (MIC) values of only 1.56% (v/v). Much higher resistance was observed in the case of staphylococci growing as biofilms. Lower concentrations of the product, up to 12.5% (v/v) stimulated its growth and effective eradication of biofilm required concentration of at least 25% (v/v). Hydrogen peroxide has been identified as a crucial contributor to the antimicrobial activity of honeys supplied by Polish beekeepers. However, some of the results suggest that phytochemicals, especially polyphenols, play an important role depending on botanical source (both positive, e.g., in the case of buckwheat honeys as well as negative, e.g., in the case of some rapeseed honeys) in their antimicrobial potential.",citation_mining_author_lookup,99
pubmed_citemine,29899462,10.1038/s41598-018-27449-3,Phytochemicals-mediated production of hydrogen peroxide is crucial for high antibacterial activity of honeydew honey.,Scientific reports,2018,Bucekova M; Buriova M; Pekarik L; Majtan V; Majtan J,"Journal Article; Research Support, Non-U.S. Gov't","Honeydew honey is increasingly valued due to its pronounced antibacterial potential; however, the underlying mechanism and compounds responsible for the strong antibacterial activity of honeydew honey are still unknown. The aim of this study was to investigate the inhibition of bacterial growth of 23 honeydew honey samples. Activity of bee-derived glucose oxidase (GOX) enzyme, the content of defensin-1 (Def-1) and hydrogen peroxide (H2O2), and total polyphenol content were determined in the 23 honey samples. Our results demonstrated that antibacterial activity of honeydew honey was equivalent to medical-grade manuka and kanuka honey and was abolished by catalase. Although H2O2 is an important factor in the inhibition of bacterial growth, polyphenolic compounds and their interaction with H2O2 are the key factors responsible for high antibacterial activity of honeydew honey. In addition, our results indicated that the antibacterial activity of honeydew honey is not dependent on GOX-mediated production of H2O2 or the presence of Def-1.",citation_mining_author_lookup,99
pubmed_citemine,18495440,10.1016/j.ijantimicag.2008.02.012,Antibacterial activity of honey from the Australian stingless bee Trigona carbonaria.,International journal of antimicrobial agents,2008,Irish J; Carter DA; Blair SE; Heard TA,"Letter; Research Support, Non-U.S. Gov't",,citation_mining_author_lookup,99
pubmed_citemine,41799253,10.1016/j.crfs.2026.101366,Divergent polyphenolic modulation of glucose oxidase activity across honey types: Implications for medical-grade honey standardization.,Current research in food science,2026,Bucekova M; Godocikova J; Cigankova S; Chirkova V; Safranek M; Majtan J,Journal Article,"Glucose oxidase (GOX)-mediated hydrogen peroxide (H2O2) generation constitutes a critical determinant of honey's antimicrobial efficacy, yet biochemical mechanisms governing botanical-origin-dependent variations remain incompletely elucidated. Our previous immunodetection analysis revealed no variation in GOX protein abundance among honeys, indicating post-secretion biochemical modulation rather than differential enzyme deposition. This study investigated relationships among GOX enzymatic activity, total polyphenolic content (TPPC), colour intensity, and antimicrobial properties across 99 unprocessed Slovak honey samples representing three botanical classifications: blossom (n = 36), mixed blossom-honeydew (n = 23), and honeydew (n = 40) honeys. GOX activity demonstrated marked botanical origin-dependent variation, with mixed and honeydew honeys exhibiting significantly elevated enzymatic activity compared to blossom honeys (P < 0.001). Critically, TPPC exerted divergent modulatory effects on GOX catalytic efficiency: positive correlation in blossom honeys (rs = 0.69, P < 0.001) versus inverse correlation in honeydew honeys (rs = -0.38, P < 0.05). Optimal enzymatic activity occurred at TPPC concentrations of 40-50 mg gallic acid equivalents/100 g, suggesting threshold-dependent biochemical regulation. High-temperature thermal processing (100 °C, 15 min) completely abolished GOX activity through irreversible structural disruption of both enzyme and thermolabile phytochemicals. Proteinase K digestion followed by reconstitution with exogenous fungal GOX demonstrated significant activity enhancement (37-92%) in honeydew samples compared to controls, confirming phytochemical-mediated catalytic augmentation. Dialysis experiments (MWCO 3500 Da) revealed that honeydew honeys maintained GOX protein levels while losing enzymatic activity, providing definitive evidence that low-molecular-weight phytochemicals function as non-protein cofactors modulating catalytic efficiency. These findings establish that honey polyphenolic compounds critically regulate GOX-mediated H2O2 production, with implications for developing evidence-based quality control parameters for medical-grade honey standardization.",citation_mining_author_lookup,99
pubmed_citemine,27148246,10.3389/fmicb.2016.00569,Therapeutic Manuka Honey: No Longer So Alternative.,Frontiers in microbiology,2016,Carter DA; Blair SE; Cokcetin NN; Bouzo D; Brooks P; Schothauer R,Journal Article; Review,"Medicinal honey research is undergoing a substantial renaissance. From a folklore remedy largely dismissed by mainstream medicine as ""alternative"", we now see increased interest by scientists, clinical practitioners and the general public in the therapeutic uses of honey. There are a number of drivers of this interest: first, the rise in antibiotic resistance by many bacterial pathogens has prompted interest in developing and using novel antibacterials; second, an increasing number of reliable studies and case reports have demonstrated that certain honeys are very effective wound treatments; third, therapeutic honey commands a premium price, and the honey industry is actively promoting studies that will allow it to capitalize on this; and finally, the very complex and rather unpredictable nature of honey provides an attractive challenge for laboratory scientists. In this paper we review manuka honey research, from observational studies on its antimicrobial effects through to current experimental and mechanistic work that aims to take honey into mainstream medicine. We outline current gaps and remaining controversies in our knowledge of how honey acts, and suggest new studies that could make honey a no longer ""alternative"" alternative.",citation_mining_author_lookup,99
pubmed_citemine,31796774,10.1038/s41598-019-54576-2,Honey can inhibit and eliminate biofilms produced by Pseudomonas aeruginosa.,Scientific reports,2019,Lu J; Cokcetin NN; Burke CM; Turnbull L; Liu M; Carter DA,"Journal Article; Research Support, Non-U.S. Gov't","Chronic wound treatment is becoming increasingly difficult and costly, further exacerbated when wounds become infected. Bacterial biofilms cause most chronic wound infections and are notoriously resistant to antibiotic treatments. The need for new approaches to combat polymicrobial biofilms in chronic wounds combined with the growing antimicrobial resistance crisis means that honey is being revisited as a treatment option due to its broad-spectrum antimicrobial activity and low propensity for bacterial resistance. We assessed four well-characterised New Zealand honeys, quantified for their key antibacterial components, methylglyoxal, hydrogen peroxide and sugar, for their capacity to prevent and eradicate biofilms produced by the common wound pathogen Pseudomonas aeruginosa. We demonstrate that: (1) honey used at substantially lower concentrations compared to those found in honey-based wound dressings inhibited P. aeruginosa biofilm formation and significantly reduced established biofilms; (2) the anti-biofilm effect of honey was largely driven by its sugar component; (3) cells recovered from biofilms treated with sub-inhibitory honey concentrations had slightly increased tolerance to honey; and (4) honey used at clinically obtainable concentrations completely eradicated established P. aeruginosa biofilms. These results, together with their broad antimicrobial spectrum, demonstrate that manuka honey-based wound dressings are a promising treatment for infected chronic wounds, including those with P. aeruginosa biofilms.",citation_mining_author_lookup,99
pubmed_citemine,39290512,10.3389/fmicb.2024.1440658,PCL-gelatin honey scaffolds promote Staphylococcus aureus agrA expression in biofilms with Pseudomonas aeruginosa.,Frontiers in microbiology,2024,Hilliard GM; Wilkinson TS; Harris LG; Jenkins RE; Shornick LP,Journal Article,"Bacterial infection and biofilm formation contribute to impaired healing in chronic diabetic wounds. Staphylococcus aureus and Pseudomonas aeruginosa are found in human diabetic wound biofilms. They may develop antibiotic resistance, increasing the urgency for alternative or complementary therapies. Diabetic wound healing may be improved with the use of biomedically engineered scaffolds, which can also serve as delivery systems for antibacterial compounds. Manuka honey is a potent antibacterial and wound care agent due to its high osmolarity, low pH, and constituents (such as methylglyoxal). Honey exhibits bacteriostatic and bactericidal effects, modulates the expression of biofilm forming genes, and restores antibiotic susceptibility in previously drug resistant pathogens. In this study, we created a dermal regeneration template (DRT) composed of polycaprolactone-gelatin (PCL-gelatin) and Manuka honey to retain honey in the wound and also provide a scaffold for tissue regeneration. Soluble Manuka honey inhibited the planktonic and biofilm growth of both S. aureus (UWH3) and P. aeruginosa (PA14) co-cultures. Manuka honey embedded PCL-gelatin scaffolds did not exhibit bacteriostatic or bactericidal effects on cocultures of UHW3 and PA14; however, they promoted the expression of AgrA, a gene associated with dispersal of S. aureus biofilms.",citation_mining_author_lookup,99
pubmed_citemine,20228250,10.1096/fj.09-150789,How honey kills bacteria.,FASEB journal : official publication of the Federation of American Societies for Experimental Biology,2010,Kwakman PH; te Velde AA; de Boer L; Speijer D; Vandenbroucke-Grauls CM; Zaat SA,Journal Article,"With the rise in prevalence of antibiotic-resistant bacteria, honey is increasingly valued for its antibacterial activity. To characterize all bactericidal factors in a medical-grade honey, we used a novel approach of successive neutralization of individual honey bactericidal factors. All bacteria tested, including Bacillus subtilis, methicillin-resistant Staphylococcus aureus, extended-spectrum beta-lactamase producing Escherichia coli, ciprofloxacin-resistant Pseudomonas aeruginosa, and vancomycin-resistant Enterococcus faecium, were killed by 10-20% (v/v) honey, whereas > or = 40% (v/v) of a honey-equivalent sugar solution was required for similar activity. Honey accumulated up to 5.62 +/- 0.54 mM H(2)O(2) and contained 0.25 +/- 0.01 mM methylglyoxal (MGO). After enzymatic neutralization of these two compounds, honey retained substantial activity. Using B. subtilis for activity-guided isolation of the additional antimicrobial factors, we discovered bee defensin-1 in honey. After combined neutralization of H(2)O(2), MGO, and bee defensin-1, 20% honey had only minimal activity left, and subsequent adjustment of the pH of this honey from 3.3 to 7.0 reduced the activity to that of sugar alone. Activity against all other bacteria tested depended on sugar, H(2)O(2), MGO, and bee defensin-1. Thus, we fully characterized the antibacterial activity of medical-grade honey.",citation_mining_author_lookup,99
pubmed_citemine,12426450,,Re-introducing honey in the management of wounds and ulcers - theory and practice.,Ostomy/wound management,2002,Molan PC,"Journal Article; Research Support, Non-U.S. Gov't; Review","Dressing wounds with honey, a standard practice in past times, went out of fashion when antibiotics came into use. Because antibiotic-resistant bacteria have become a widespread clinical problem, a renaissance in honey use has occurred. Laboratory studies and clinical trials have shown that honey is an effective broad-spectrum antibacterial agent that has no adverse effects on wound tissues. As well as having an antibacterial action, honey also provides rapid autolytic debridement, deodorizes wounds, and stimulates the growth of wound tissues to hasten healing and start the healing process in dormant wounds. Its anti-inflammatory activity rapidly reduces pain, edema, and exudate and minimizes hypertrophic scarring. It also provides a moist healing environment for wound tissues with no risk of maceration of surrounding skin and completely prevents adherence of dressings to the wound bed so no pain or tissue damage is associated with dressing changes. Using appropriate dressing practice overcomes potential messiness and handling problems.",citation_mining_author_lookup,99
pubmed_citemine,36153609,10.1186/s40814-022-01175-0,A pilot study investigating the effects of a manuka honey sinus rinse compared to a standard sinus rinse on sino-nasal outcome test scores in cystic fibrosis patients.,Pilot and feasibility studies,2022,Roberts AEL; Xanthe C; Hopkins AL; Bodger O; Lewis P; Mahenthiralingam E,Journal Article,"People with cystic fibrosis (CF) are prone to bacterial respiratory infections; these are often antibiotic resistant, are difficult to treat, and impact on the quality of life and lung function. The upper respiratory tract can act as a reservoir for these pathogens, and as part of clinical care, sinus rinses are used to alleviate symptoms in the upper airway. We have developed a sinus rinse containing manuka honey, to identify whether it can help improve symptoms or reduce the bacterial load. We will undertake a randomised controlled trial where 30 adults with CF will be recruited and randomised to either the control or intervention group. Both groups will follow a sinus rinse protocol for 30 days (± 7 days); the control group will use the standard of care rinse, and the intervention group will use a manuka honey rinse. Both groups will provide samples at day 0 and day 30. The primary outcome measure will be a change in the 22-item Sino-Nasal Outcome Test (SNOT-22) score. Secondary outcomes will include changes to quality of life (questionnaire), bacterial load/community composition, and sputum viscosity. This trial will look at the use of a manuka honey-infused sinus rinse solution on patients diagnosed with cystic fibrosis (CF) suffering with sinusitis; it will allow us to determine the efficacy of the manuka honey sinus rinse compared to standard rinse and will allow us to determine if molecular bacterial diversity analysis will provide in-depth information beyond the usual conventional microbiological. It will allow us to determine the feasibility of recruiting participants to this type of trial, allow us to check participant compliance with the protocol, and inform future studies. Approval was obtained from the Research Ethics Committee Wales REC7 reference 18/WA/0319. Results of this study will be published at international conferences and in peer-reviewed journals; they will also be presented to the relevant stakeholders and research networks. ClinicalTrials.gov Identifier NCT04589897 (retrospectively registered).",citation_mining_author_lookup,99
pubmed_citemine,31652284,10.1371/journal.pone.0224495,Antibacterial activity of varying UMF-graded Manuka honeys.,PloS one,2019,Girma A; Seo W; She RC,Journal Article,"Honey has been used as a traditional remedy for skin and soft tissue infections due to its ability to promote wound healing. Manuka honey is recognized for its unusually abundant content of the antibacterial compound, methylglyoxal (MGO). The Unique Manuka Factor (UMF) grading system reflects the MGO concentration in Manuka honey sold commercially. Our objective was to observe if UMF values correlated with the antibacterial activity of Manuka honey against a variety of pathogens purchased over the counter. The antibacterial effect of Manuka honey with UMF values of 5+, 10+, and 15+ from the same manufacturer was assessed by the broth microdilution method. Minimum inhibitory concentration (MIC) values were determined against 128 isolates from wound cultures representing gram-positive, gram-negative, drug-susceptible, and multi-drug resistant (MDR) organisms. Lower MICs were observed with UMF 5+ honey for staphylococci (n = 73, including 25 methicillin-resistant S. aureus) and Pseudomonas aeruginosa (n = 22, including 10 MDR) compared to UMF 10+ honey (p<0.05) and with UMF 10+ compared to UMF 15+ (p = 0.01). For Enterobacteriaceae (n = 33, including 14 MDR), MIC values were significantly lower for UMF 5+ or UMF 10+ compared to UMF 15+ honey (p<0.01). MIC50 for UMF 5+, UMF 10+, and UMF 15+ honey against staphylococci was 6%, 7%, and 15%, and for Enterobacteriaceae was 21%, 21%, and 27%, respectively. For Pseudomonas aeruginosa MIC50 was 21% and MIC90 was 21-27% for all UMFs. Manuka honey exhibited antimicrobial activity against a spectrum of organisms including those with multi-drug resistance, with more potent activity overall against gram-positive than gram-negative bacteria. Manuka honey with lower UMF values, in our limited sampling, paradoxically demonstrated increased antimicrobial activity among the limited samples tested, presumably due to changes in MGO content of honey over time. The UMF value by itself may not be a reliable indicator of antibacterial effect.",citation_mining_author_lookup,99
pubmed_citemine,19296910,10.1016/j.physbeh.2009.03.001,"The effects of long-term honey, sucrose or sugar-free diets on memory and anxiety in rats.",Physiology & behavior,2009,Chepulis LM; Starkey NJ; Waas JR; Molan PC,"Journal Article; Research Support, Non-U.S. Gov't","Sucrose is considered by many to be detrimental to health, giving rise to deterioration of the body associated with ageing. This study was undertaken to determine whether replacing sucrose in the diet long-term with honey that has a high antioxidant content could decrease deterioration in brain function during ageing. Forty-five 2-month old Sprague Dawley rats were fed ad libitum for 52 weeks on a powdered diet that was either sugar-free or contained 7.9% sucrose or 10% honey (which is the equivalent amount of sugar). Anxiety levels were assessed using an Elevated Plus Maze, whilst a Y maze and an Object Recognition task were used to assess memory. Locomotor activity was also measured using an Open Field task to ensure that differences in activity levels did not bias results in the other tasks. Anxiety generally decreased overall from 3 to 12 months, but the honey-fed rats showed significantly less anxiety at all stages of ageing compared with those fed sucrose. Honey-fed animals also displayed better spatial memory throughout the 12-month period: at 9 and 12 months a significantly greater proportion of honey-fed rats recognised the novel arm as the unvisited arm of the maze compared to rats on a sugar-free or sucrose-based diet. No significant differences among groups were observed in the Object Recognition task, and there appeared to be no differences in locomotor activity among groups at either 6 or 12 months. In conclusion, it appears that consumption of honey may reduce anxiety and improve spatial memory in middle age.",citation_mining_author_lookup,99
pubmed_citemine,10808853,10.12968/jowc.1999.8.8.25904,The role of honey in the management of wounds.,Journal of wound care,1999,Molan PC,Journal Article; Review,,citation_mining_author_lookup,99
pubmed_citemine,35958247,10.3389/fnut.2022.954170,"The role of honey in the ecology of the hive: Nutrition, detoxification, longevity, and protection against hive pathogens.",Frontiers in nutrition,2022,Fernandes KE; Frost EA; Remnant EJ; Schell KR; Cokcetin NN; Carter DA,Journal Article; Review,"Honey is the source of energy for the European honey bee, Apis mellifera. Beyond simple nutrition and a hedge against the seasonal, geographic, and chemical unpredictability of nectar, honey has properties that protect the hive against various stresses. Enzyme-mediated detoxification during honey ripening neutralizes potentially toxic phytochemicals, and bees that consume honey have enhanced tolerance to other ingested toxins. Catalase and antioxidant phenolics protect honey bees from oxidative damage caused by reactive oxygen species, promoting their longevity. Phytochemical components of honey and microRNAs have the potential to influence developmental pathways, with diet playing a large role in honey bee caste determination. Components of honey mediate stress response and promote cold tolerance during overwintering. Honey has a suite of antimicrobial mechanisms including osmotic pressure, low water activity, low pH, hydrogen peroxide, and plant-, honey bee-, and microbiota-derived compounds such as phytochemicals and antimicrobial peptides. Certain types of honey, particularly polyfloral honeys, have been shown to inhibit important honey bee pathogens including the bacteria responsible for American and European Foulbrood, the microsporidian Nosema ceranae, and the fungi responsible for Stonebrood. Understanding the diverse functional properties of honey has far-ranging implications for honey bee and hive health and management by beekeepers.",citation_mining_author_lookup,99
pubmed_citemine,41731922,10.1002/mbo3.70238,Diverse Forage Enhances the Antimicrobial Potency of Australian Honey.,MicrobiologyOpen,2026,Fernandes KE; Dong A; Ayton J; Groves L; Graham K; Brooks P,"Journal Article; Research Support, Non-U.S. Gov't","Antimicrobial resistance is a critical global health crisis, driving renewed interest in natural alternatives like honey. Australia's diverse native flora offers unique opportunities for producing bioactive honeys, yet their antimicrobial potential remains underexplored. This study aimed to systematically evaluate the antimicrobial activity and chemical composition of Australian honeys from post-bushfire New South Wales landscapes and to identify key drivers of bioactivity and their therapeutic potential. Antimicrobial activity was assessed against Staphylococcus aureus and Escherichia coli using broth microdilution methods, measuring both total activity and non-peroxide activity. Comprehensive chemical profiling included bioactive compounds, quality parameters, sugars, organic acids, amino acids, volatiles, and secondary metabolites, assessed using standardized methodologies and ¹H-Nuclear Magnetic Resonance spectroscopy. Statistical analyses included correlation analysis, LASSO regression modeling, and principal component analysis. Most honeys exhibited strong antimicrobial activity, with 77% achieving MICs of ≤ 10% (w/w) against both pathogens, and 25% achieving ≤ 5% (w/w) against at least one pathogen. Honeys produced from mixed flora had consistently high levels of antibacterial activity, while monofloral honeys were much more variable. H2O2 was the strongest single factor associated with antibacterial potency, explaining 45%-46% of the variability in MIC values among samples. Including additional chemical parameters in multivariate models improved the ability to predict antibacterial strength, explaining up to 59% of the variation for S. aureus, and 73% for E. coli. The superior performance of mixed-flora samples challenges conventional assumptions favoring monofloral products and supports biodiversity-focused beekeeping practices, providing a foundation for developing Australian honeys as therapeutic alternatives while supporting sustainable industry recovery.",citation_mining_author_lookup,99
pubmed_citemine,36671302,10.3390/antibiotics12010101,Microbial Community Structure among Honey Samples of Different Pollen Origin.,"Antibiotics (Basel, Switzerland)",2023,Stavropoulou E; Remmas N; Voidarou CC; Vrioni G; Konstantinidis T; Ntougias S,Journal Article,"Honey's antibacterial activity has been recently linked to the inhibitory effects of honey microbiota against a range of foodborne and human pathogens. In the current study, the microbial community structure of honey samples exerting pronounced antimicrobial activity was examined. The honey samples were obtained from different geographical locations in Greece and had diverse pollen origin (fir, cotton, fir-oak, and Arbutus unedo honeys). Identification of honey microbiota was performed by high-throughput amplicon sequencing analysis, detecting 335 distinct taxa in the analyzed samples. Regarding ecological indices, the fir and cotton honeys possessed greater diversity than the fir-oak and Arbutus unedo ones. Lactobacillus kunkeei (basionym of Apilactobacillus kun-keei) was the predominant taxon in the fir honey examined. Lactobacillus spp. appeared to be favored in honey from fir-originated pollen and nectar since lactobacilli were more pronounced in fir compared to fir-oak honey. Pseudomonas, Streptococcus, Lysobacter and Meiothermus were the predominant taxa in cotton honey, whereas Lonsdalea, the causing agent of acute oak decline, and Zymobacter, an osmotolerant facultative anaerobic fermenter, were the dominant taxa in fir-oak honey. Moreover, methylotrophic bacteria represented 1.3-3% of the total relative abundance, independently of the geographical and pollen origin, indicating that methylotrophy plays an important role in honeybee ecology and functionality. A total of 14 taxa were identified in all examined honey samples, including bacilli/anoxybacilli, paracocci, lysobacters, pseudomonads, and sphingomonads. It is concluded that microbial constituents of the honey samples examined were native gut microbiota of melliferous bees and microbiota of their flowering plants, including both beneficial bacteria, such as potential probiotic strains, and animal and plant pathogens, e.g., Staphylococcus spp. and Lonsdalea spp. Further experimentation will elucidate aspects of potential application of microbial bioindicators in identifying the authenticity of honey and honeybee-derived products.",citation_mining_author_lookup,99
pubmed_citemine,28794506,10.1038/s41598-017-08072-0,Active macromolecules of honey form colloidal particles essential for honey antibacterial activity and hydrogen peroxide production.,Scientific reports,2017,Brudzynski K; Miotto D; Kim L; Sjaarda C; Maldonado-Alvarez L; Fukś H,"Journal Article; Research Support, Non-U.S. Gov't","Little is known about the global structure of honey and the arrangement of its main macromolecules. We hypothesized that the conditions in ripened honeys resemble macromolecular crowding in the cell and affect the concentration, reactivity, and conformation of honey macromolecules. Combined results from UV spectroscopy, DLS and SEM showed that the concentration of macromolecules was a determining factor in honey structure. The UV spectral scans in 200-400 nm visualized and allowed quantification of UV-absorbing compounds in the following order: dark > medium > light honeys (p < 0.0001). The high concentration of macromolecules promoted their self-assembly to micron-size superstructures, visible in SEM as two-phase system consisting of dense globules distributed in sugar solution. These particles showed increased conformational stability upon dilution. At the threshold concentration, the system underwent phase transition with concomitant fragmentation of large micron-size particles to nanoparticles in hierarchical order. Honey two-phase conformation was an essential requirement for antibacterial activity and hydrogen peroxide production. These activities disappeared beyond the phase transition point. The realization that active macromolecules of honey are arranged into compact, stable multicomponent assemblies with colloidal properties reframes our view on global structure of honey and emerges as a key property to be considered in investigating its biological activity.",citation_mining_author_lookup,99
pubmed_citemine,36829972,10.3390/antiox12020414,Honey's Antioxidant and Antimicrobial Properties: A Bibliometric Study.,"Antioxidants (Basel, Switzerland)",2023,Stefanis C; Stavropoulou E; Giorgi E; Voidarou CC; Constantinidis TC; Vrioni G,Journal Article; Review,"Research attention has been drawn to honey's nutritional status and beneficial properties for human health. This study aimed to provide a bibliometric analysis of honey's antioxidant and antimicrobial properties. The research advancements within this field from 2001 to 2022 were addressed using the Scopus database, R, and VOSviewer. Of the 383 results, articles (273) and reviews (81) were the most common document types, while the annual growth rate of published manuscripts reached 17.5%. The most relevant topics about honey's antimicrobial and antioxidant properties were related to the agricultural and biological sciences, biochemistry, and pharmacology. According to a keyword analysis, the most frequent terms in titles, abstracts, and keywords were honey, antimicrobial, antioxidant, bee, propolis, phenolic compounds, wound, antibacterial, anti-inflammatory, and polyphenols. A trend topic analysis showed that the research agenda mainly encompassed antioxidants, pathogens, and anti-infection and chemical agents. In a co-occurrence analysis, antioxidants, anti-infection agents, and chemistry were connected to honey research. The initial research focus of this domain was primarily on honey's anti-inflammatory and antineoplastic activity, wound healing, and antibacterial agents. The research agenda was enriched in the subsequent years by pathogens, propolis, oxidative stress, and flavonoids. It was possible to pinpoint past trends and ongoing developments and provide a valuable insight into the field of honey research.",citation_mining_author_lookup,99
pubmed_citemine,22580029,10.1016/j.ijantimicag.2012.03.014,Susceptibility to manuka honey of Staphylococcus aureus with varying sensitivities to vancomycin.,International journal of antimicrobial agents,2012,Jenkins R; Wootton M; Howe R; Cooper R,"Letter; Research Support, Non-U.S. Gov't",,citation_mining_author_lookup,99
pubmed_citemine,30100443,10.1016/j.foodchem.2018.07.012,Effect of thermal liquefying of crystallised honeys on their antibacterial activities.,Food chemistry,2018,Bucekova M; Juricova V; Di Marco G; Gismondi A; Leonardi D; Canini A,Journal Article,"Thermal liquefying of crystallised honey is the most convenient option for beekeepers to fully liquefy honey. A controlled mild thermal treatment is widely used for effective and safe liquefying of crystallised honey. In this study, we demonstrated that thermal liquefying at different temperatures of 45, 55 and 65 °C does not affect the overall honey antibacterial activity against Pseudomonas aeruginosa and Staphylococcus aureus, and, in some cases, it may even increase the antibacterial potential of honey. A mild thermal treatment of crystallised honey was able to significantly increase its glucose oxidase (GOX) enzyme activity. On the other hand, the increased GOX activity in treated honey samples did not affect levels of accumulated H2O2, suggesting that some phytochemicals may contribute to or modulate antibacterial activity. Taken together, a mild thermal liquefaction of crystallised honey may increase the potential bioactivity of this matrix, which is also affected by the botanical origin.",citation_mining_author_lookup,99
pubmed_citemine,11448125,10.1006/cyto.2001.0868,Stimulation of TNF-alpha release in monocytes by honey.,Cytokine,2001,Tonks A; Cooper RA; Price AJ; Molan PC; Jones KP,"Journal Article; Research Support, Non-U.S. Gov't","Although evidence exists for the antibacterial effects of honey there is limited objective evidence for direct promotion of healing. We investigated the effect of manuka, pasture and an artificial honey on macrophage function. Reactive oxygen intermediate (ROI) production was assessed by luminol enhanced chemoluminescence and tumour necrosis factor-alpha (TNF-alpha) release was determined by immunoassay. ROI production was significantly (P<0.001) decreased by pasture honey and manuka honey. TNF-alpha release was significantly enhanced (P<0.001) in unprimed MM6 cells by manuka and pasture honey but was not altered in primed cells. These results could explain the suggested therapeutic properties of honey in promoting wound healing.",citation_mining_author_lookup,99
pubmed_citemine,19368902,10.1016/j.carres.2009.03.020,The origin of methylglyoxal in New Zealand manuka (Leptospermum scoparium) honey.,Carbohydrate research,2009,Adams CJ; Manley-Harris M; Molan PC,"Journal Article; Research Support, Non-U.S. Gov't","Methylglyoxal in New Zealand manuka honey has been shown to originate from dihydroxyacetone, which is present in the nectar of manuka flowers in varying amounts. Manuka honey, which was freshly produced by bees, contained low levels of methylglyoxal and high levels of dihydroxyacetone. Storage of these honeys at 37 degrees C led to a decrease in the dihydroxyacetone content and a related increase in methylglyoxal. Addition of dihydroxyacetone to clover honey followed by incubation resulted in methylglyoxal levels similar to those found in manuka honey. Nectar washed from manuka flowers contained high levels of dihydroxyacetone and no detectable methylglyoxal.",citation_mining_author_lookup,99
pubmed_citemine,29745320,10.2174/0929867325666180510141824,Honey: An Effective Regenerative Medicine Product in Wound Management.,Current medicinal chemistry,2019,Martinotti S; Bucekova M; Majtan J; Ranzato E,Journal Article; Review,"Honey has successfully been used in the treatment of a broad spectrum of injuries including burns and non-healing wounds. It acts as an antibacterial and anti-biofilm agent with anti/pro-inflammatory properties. However, besides these traditional properties, recent evidence suggests that honey is also an immunomodulator in wound healing and contains several bee and plant-derived components that may speed up wound healing and tissue regeneration process. Identifying their exact mechanism of action allows better understanding of honey healing properties and promotes its wider translation into clinical practice. This review will discuss the physiological basis for the use of honey in wound management, its current clinical uses, as well as the potential role of honey bioactive compounds in dermal regenerative medicine and tissue re-modeling.",citation_mining_author_lookup,99
pubmed_citemine,23594187,10.1111/jam.12222,Manuka honey inhibits siderophore production in Pseudomonas aeruginosa.,Journal of applied microbiology,2013,Kronda JM; Cooper RA; Maddocks SE,"Journal Article; Research Support, Non-U.S. Gov't","The aim of this study was to determine whether manuka honey affected siderophore production by three strains of Pseudomonas aeruginosa. The minimum inhibitory concentration (MIC) of manuka honey against each of the test bacteria was determined. The effect of manuka honey on siderophore production by three strains of Ps. aeruginosa was investigated using the Chrome azurol S assay (CAS) and CAS-agar plates. Manuka honey at ½ and ¼ of the MIC for each strain led to reduced production of siderophores (1·3-2·2-fold less) which was found to be statistically significant when compared to the untreated control. Manuka honey effectively inhibited siderophore production by all three strains of Ps. aeruginosa used in this study. This suggests that manuka honey may impact on bacterial iron homoeostasis and identified a new target for manuka honey in Ps. aeruginosa. Pseudomonas aeruginosa is an opportunistic human pathogen that can cause acute, life-threatening or persistent wound infections. Part of the virulence repertoire of this micro-organism includes the ability to sequester iron from the host during infection by the synthesis and secretion of siderophores. Manuka honey may limit wound infection by Ps. aeruginosa by limiting its ability to capture iron. This is the first time this mechanism has been investigated.",citation_mining_author_lookup,99
pubmed_citemine,20724118,10.1016/j.ijantimicag.2010.06.046,The post-antibiotic effect of manuka honey on gastrointestinal pathogens.,International journal of antimicrobial agents,2010,Lin SM; Molan PC; Cursons RT,Letter,,citation_mining_author_lookup,99
pubmed_citemine,20927564,10.1007/s10096-010-1077-x,Medical-grade honey enriched with antimicrobial peptides has enhanced activity against antibiotic-resistant pathogens.,European journal of clinical microbiology & infectious diseases : official publication of the European Society of Clinical Microbiology,2011,Kwakman PH; de Boer L; Ruyter-Spira CP; Creemers-Molenaar T; Helsper JP; Vandenbroucke-Grauls CM,"Journal Article; Research Support, Non-U.S. Gov't","Honey has potent activity against both antibiotic-sensitive and -resistant bacteria, and is an interesting agent for topical antimicrobial application to wounds. As honey is diluted by wound exudate, rapid bactericidal activity up to high dilution is a prerequisite for its successful application. We investigated the kinetics of the killing of antibiotic-resistant bacteria by RS honey, the source for the production of Revamil® medical-grade honey, and we aimed to enhance the rapid bactericidal activity of RS honey by enrichment with its endogenous compounds or the addition of antimicrobial peptides (AMPs). RS honey killed antibiotic-resistant isolates of Pseudomonas aeruginosa, Staphylococcus epidermidis, Enterococcus faecium, and Burkholderia cepacia within 2 h, but lacked such rapid activity against methicillin-resistant S. aureus (MRSA) and extended-spectrum beta-lactamase (ESBL)-producing Escherichia coli. It was not feasible to enhance the rapid activity of RS honey by enrichment with endogenous compounds, but RS honey enriched with 75 μM of the synthetic peptide Bactericidal Peptide 2 (BP2) showed rapid bactericidal activity against all species tested, including MRSA and ESBL E. coli, at up to 10-20-fold dilution. RS honey enriched with BP2 rapidly killed all bacteria tested and had a broader spectrum of bactericidal activity than either BP2 or honey alone.",citation_mining_author_lookup,99
pubmed_citemine,34065141,10.3390/antibiotics10050551,"Honey as an Ecological Reservoir of Antibacterial Compounds Produced by Antagonistic Microbial Interactions in Plant Nectars, Honey and Honey Bee.","Antibiotics (Basel, Switzerland)",2021,Brudzynski K,Journal Article; Review,"The fundamental feature of ""active honeys"" is the presence and concentration of antibacterial compounds.&nbsp;Currently identified compounds and factors have been described in several review papers without broader interpretation or links to the processes for their formation. In this review, we indicate that the dynamic, antagonistic/competitive microbe-microbe and microbe-host interactions are the main source of antibacterial compounds in honey. The microbial colonization of nectar, bees and honey is at the center of these interactions that in consequence produce a range of defence molecules in each of these niches. The products of the microbial interference and exploitive competitions include antimicrobial peptides, antibiotics, surfactants, inhibitors of biofilm formation and quorum sensing. Their accumulation in honey by horizontal transfer might explain honey broad-spectrum, pleiotropic, antibacterial activity. We conclude that honey is an ecological reservoir of antibacterial compounds produced by antagonistic microbial interactions in plant nectars, honey and honey bee. Thus, refocusing research on secondary metabolites resulting from these microbial interactions might lead to discovery of new antibacterial compounds in honey that are target-specific, i.e., acting on specific cellular components or inhibiting the essential cellular function.",citation_mining_author_lookup,99
pubmed_citemine,19513768,10.1007/s10096-009-0763-z,"The unusual antibacterial activity of medical-grade Leptospermum honey: antibacterial spectrum, resistance and transcriptome analysis.",European journal of clinical microbiology & infectious diseases : official publication of the European Society of Clinical Microbiology,2009,Blair SE; Cokcetin NN; Harry EJ; Carter DA,"Journal Article; Research Support, Non-U.S. Gov't","There is an urgent need for new, effective agents in topical wound care, and selected honeys show potential in this regard. Using a medical-grade honey, eight species of problematic wound pathogens, including those with high levels of innate or acquired antibiotic resistance, were killed by 4.0-14.8% honey, which is a concentration that can be maintained in the wound environment. Resistance to honey could not be induced under conditions that rapidly induced resistance to antibiotics. Escherichia coli macroarrays were used to determine the response of bacterial cells to a sub-lethal dose of honey. The pattern of gene expression differed to that reported for other antimicrobial agents, indicating that honey acts in a unique and multifactorial way; 78 (2%) genes were upregulated and 46 (1%) genes were downregulated more than two-fold upon exposure to the medical-grade honey. Most of the upregulated genes clustered into distinct functional regulatory groups, with many involved in stress responses, and the majority of downregulated genes encoded for products involved in protein synthesis. Taken together, these data indicate that honey is an effective topical antimicrobial agent that could help reduce some of the current pressures that are promoting antibiotic resistance.",citation_mining_author_lookup,99
pubmed_citemine,21394213,10.1371/journal.pone.0017709,Two major medicinal honeys have different mechanisms of bactericidal activity.,PloS one,2011,Kwakman PH; Te Velde AA; de Boer L; Vandenbroucke-Grauls CM; Zaat SA,Journal Article,"Honey is increasingly valued for its antibacterial activity, but knowledge regarding the mechanism of action is still incomplete. We assessed the bactericidal activity and mechanism of action of Revamil® source (RS) honey and manuka honey, the sources of two major medical-grade honeys. RS honey killed Bacillus subtilis, Escherichia coli and Pseudomonas aeruginosa within 2 hours, whereas manuka honey had such rapid activity only against B. subtilis. After 24 hours of incubation, both honeys killed all tested bacteria, including methicillin-resistant Staphylococcus aureus, but manuka honey retained activity up to higher dilutions than RS honey. Bee defensin-1 and H₂O₂ were the major factors involved in rapid bactericidal activity of RS honey. These factors were absent in manuka honey, but this honey contained 44-fold higher concentrations of methylglyoxal than RS honey. Methylglyoxal was a major bactericidal factor in manuka honey, but after neutralization of this compound manuka honey retained bactericidal activity due to several unknown factors. RS and manuka honey have highly distinct compositions of bactericidal factors, resulting in large differences in bactericidal activity.",citation_mining_author_lookup,99
pubmed_citemine,29652864,10.3390/scipharm86020014,Honey Bee as Alternative Medicine to Treat Eleven Multidrug-Resistant Bacteria Causing Urinary Tract Infection during Pregnancy.,Scientia pharmaceutica,2018,Bouacha M; Ayed H; Grara N,Journal Article,"Medicinal benefits of honey bee have been recognized in the medical community since ancient times as a remedy for many diseases and infections. This study aimed to investigate the in vitro susceptibility of 11 multidrug-resistant bacterial strains, isolated from urinary tract infections of pregnant women, to six honey samples collected from different localities in the east of Algeria. The evaluation of the antibacterial activity was performed by the well method followed by the broth dilution method using two-fold dilutions of each honey sample ranging from 2.5 to 80% (w/v). The results obtained in this study revealed that all tested honeys exhibited potent antibacterial activity against the tested strains. The diameters of inhibition ranged from 19.67 to 53.33 mm, with minimum inhibitory concentrations (MICs) ranging from 2.5 to 40% (w/v) and minimum bactericidal concentration (MBCs) varied between 2.5 and 80% (w/v). Gram-positive bacteria were found to be more susceptible than Gram-negative bacteria with diameters ranging from 43.33 to 53.33 mm; MIC and MBC values ranged from 2.5 to 5% (w/v). The P.aeruginosa strain was found to be less susceptible than other strains with inhibitory diameters ranging from 19.67 to 27.33 mm; MICs ranged from 20 to 40% and MBCs ranged from 20 to 80% (w/v). This contribution has provided a broad overview of the antibacterial activity of Algerian honey and shown that honey bee has great potential for therapeutic use as an alternative therapy for urinary tract infection treatment which is safe and efficient during pregnancy.",citation_mining_author_lookup,99
pubmed_citemine,29375518,10.3389/fmicb.2017.02653,Rifampicin-Manuka Honey Combinations Are Superior to Other Antibiotic-Manuka Honey Combinations in Eradicating Staphylococcus aureus Biofilms.,Frontiers in microbiology,2017,Liu MY; Cokcetin NN; Lu J; Turnbull L; Carter DA; Whitchurch CB,Journal Article,"Chronic wound infections are a major burden to both society and the health care industry. Bacterial biofilms are the major cause of chronic wound infections and are notoriously recalcitrant to treatments with antibiotics, making them difficult to eradicate. Thus, new approaches are required to combat biofilms in chronic wounds. One possible approach is to use drug combination therapies. Manuka honey has potent broad-spectrum antibacterial activity and has previously shown synergistic activity in combination with antibiotics against common wound pathogens, including Staphylococcus aureus. In addition, manuka honey exhibits anti-biofilm activity, thereby warranting the investigation of its potential as a combination therapy with antibiotics for the topical treatment of biofilm-related infections. Here we report the first use of MacSynergy II to investigate the response of established S. aureus (strain NCTC 8325) biofilms to treatment by combinations of Medihoney (medical grade manuka honey) and conventional antibiotics that are used for preventing or treating infections: rifampicin, oxacillin, fusidic acid, clindamycin, and gentamicin. Using checkerboard microdilution assays, viability assays and MacSynergy II analysis we show that the Medihoney-rifampicin combination was more effective than combinations using the other antibiotics against established staphylococcal biofilms. Medihoney and rifampicin were strongly synergistic in their ability to reduce both biofilm biomass and the viability of embedded S. aureus cells at a level that is likely to be significant in vivo. Other combinations of Medihoney and antibiotic produced an interesting array of effects: Medihoney-fusidic acid treatment showed minor synergistic activity, and Medihoney-clindamycin, -gentamicin, and -oxacillin combinations showed overall antagonistic effects when the honey was used at sub-inhibitory concentration, due to enhanced biofilm formation at these concentrations which could not be counteracted by the antibiotics. However, these combinations were not antagonistic when honey was used at the inhibitory concentration. Confocal scanning laser microscopy confirmed that different honey-antibiotic combination treatments could eradicate biofilms. Our results suggest that honey has potential as an adjunct treatment with rifampicin for chronic wounds infected with staphylococcal biofilms. We also show that MacSynergy II allows a comprehensive examination of the synergistic effects of honey-antibiotic combinations, and can help to identify doses for clinical use.",citation_mining_author_lookup,99
pubmed_citemine,21165664,10.1007/s10096-010-1121-x,The controlled in vitro susceptibility of gastrointestinal pathogens to the antibacterial effect of manuka honey.,European journal of clinical microbiology & infectious diseases : official publication of the European Society of Clinical Microbiology,2011,Lin SM; Molan PC; Cursons RT,Journal Article,"The susceptibility of common gastrointestinal bacteria against manuka honey with median level non-peroxide antibacterial activity (equivalent to that of 16.5% phenol) was investigated by determining the minimum inhibitory concentration (MIC) and minimum bactericidal concentration (MBC) using a standardized manuka honey with the broth microdilution method. The measured sensitivity of bacteria showed that manuka honey is significantly more effective than artificial honey (a mixture of sugars as in honey), indicating that osmolarity is not the only factor that is responsible for the antibacterial activity of the honey. Most tested gastrointestinal pathogens have MIC and MBC values in the range of 5-10% of honey, other than Enterobacter spp. which was in the range of 10-17%. The difference in efficacy between the honey with and without hydrogen peroxide removed was also studied, and it was found that both hydrogen peroxide and the non-peroxide components contribute to the bacteriostatic and bactericidal activity of the honey. It was also found that treatment against multi-antibiotic resistant microorganisms such as Salmonella typhimurium DT104 and ESBL-producing organisms with manuka honey may be promising.",citation_mining_author_lookup,99
pubmed_citemine,20936493,10.1007/s10096-010-1065-1,The effect of manuka honey on the structure of Pseudomonas aeruginosa.,European journal of clinical microbiology & infectious diseases : official publication of the European Society of Clinical Microbiology,2011,Henriques AF; Jenkins RE; Burton NF; Cooper RA,Journal Article,"The purpose of this study was to investigate the effects of manuka honey on the structural integrity of Pseudomonas aeruginosa ATCC 27853. The minimum inhibitory concentration (MIC) and the minimum bactericidal concentration (MBC) of manuka honey for P. aeruginosa were determined by a microtitre plate method, and the survival of bacteria exposed to a bactericidal concentration of manuka honey was monitored. The effect of manuka honey on the structure of the bacteria was investigated using scanning and transmission electron microscopy (SEM and TEM, respectively). The MIC and MBC values of manuka honey against P. aeruginosa were 9.5% (w/v) and 12% (w/v) respectively; a time-kill curve demonstrated a bactericidal rather than a bacteriostatic effect, with a 5 log reduction estimated within 257 min. Using SEM, loss of structural integrity and marked changes in cell shape and surface were observed in honey-treated cultures. With TEM, these changes were confirmed, and evidence of extensive cell disruption and lysis was found. Manuka honey does not induce the same structural changes in P. aeruginosa as those observed in staphylococci. Our results indicate that manuka honey has the potential to be an effective inhibitor of P. aeruginosa.",citation_mining_author_lookup,99
pubmed_citemine,34359441,10.3390/foods10071568,In Vitro Screening Potential Antibacterial Properties of the Greek Oregano Honey against Clinical Isolates of Helicobacter pylori.,"Foods (Basel, Switzerland)",2021,Voidarou CC; Rozos G; Alexopoulos A; Plessas S; Mantzourani I; Stavropoulou E,Journal Article,"Oregano honey is an exceedingly rare and distinct product, not commercially available, produced by bees bred in oregano fields of alpine altitudes at the mountainous area of Epirus, Greece. In ethnic popular medicine, this product is used as a therapeutic in various gastric diseases. To test this hypothesis, 14 strains of Helicobacter pylori (H. pylori), 6 isolated from gastric ulcers and 8 from cases of clinical gastritis, were employed in the present study. The above bacterial strains were exposed to various concentrations (75% v/v, 50% v/v, 25% v/v, 12.5% v/v, and 6% v/v) of 50 oregano honey samples by using the agar well method and the inhibition zones observed around each well were recorded. Although the inhibitory zones of the H. pylori isolated from the gastric ulcers were wide enough (0-34 mm), those strains, in general, appeared more resistant than the other eight (0-58 mm). The same result was observed when the same strains were tested against six antibiotics used in clinical practice. Extracts of oregano honey were prepared by extraction with four different organic solvents. N-hexane and chloroform extracts had the most potent antibacterial action. Finally, pure oregano honey and diethyl ether extracts of honey showed significant inhibitory activity against urease secreted by the pathogen. These results strongly indicate the susceptibility of H. pylori strains to the oregano honey by more than one mode of action. Consequently, this variety of honey seems to have potential therapeutic properties against gastric ulcers and gastritis, thus explaining the preference of the locals towards this traditional remedy.",citation_mining_author_lookup,99
pubmed_citemine,25404649,10.1093/jac/dku448,Manuka honey reduces the motility of Pseudomonas aeruginosa by suppression of flagella-associated genes.,The Journal of antimicrobial chemotherapy,2015,Roberts AE; Maddocks SE; Cooper RA,"Journal Article; Research Support, Non-U.S. Gov't","Manuka honey is a broad-spectrum antimicrobial agent that seems to affect different bacteria in many different ways. It has been shown to be bactericidal against Pseudomonas aeruginosa by destabilizing the cell wall, but we aimed to investigate whether there were further intracellular target sites. In this study inhibitory effects of manuka honey on P. aeruginosa were investigated using hydrophobicity assays, two-dimensional electrophoresis, quantitative RT-PCR, transmission electron microscopy and motility assays. Exposure of P. aeruginosa to manuka honey reduced both swarming and swimming motility. Moreover, this was a consequence of de-flagellation of the bacterial cell, which was correlated with decreased expression of the major structural flagellin protein, FliC, and concurrent suppression of flagellin-associated genes, including fliA, fliC, flhF, fleN, fleQ and fleR. The differential expression of the flagellar regulon in the presence of manuka honey was mapped schematically. Flagella are integral to bacterial adhesion, the initiation of infection and biofilm formation, and swarming has been associated with increased virulence. By limiting motility in vitro, we infer that manuka honey impacts on the virulence of P. aeruginosa. This deduction must now be tested in vivo.",citation_mining_author_lookup,99
pubmed_citemine,10472280,10.1177/014107689909200604,Antibacterial activity of honey against strains of Staphylococcus aureus from infected wounds.,Journal of the Royal Society of Medicine,1999,Cooper RA; Molan PC; Harding KG,Journal Article,"The antibacterial action of honey in infected wounds does not depend wholly on its high osmolarity. We tested the sensitivity of 58 strains of coagulase-positive Staphylococcus aureus, isolated from infected wounds, to a pasture honey and a manuka honey. There was little variation between the isolates in their sensitivity to honey: minimum inhibitory concentrations were all between 2 and 3% (v/v) for the manuka honey and between 3 and 4% for the pasture honey. Thus, these honeys would prevent growth of S. aureus if diluted by body fluids a further seven-fold to fourteen-fold beyond the point where their osmolarity ceased to be completely inhibitory. The antibacterial action of the pasture honey relied on release of hydrogen peroxide, which in vivo might be reduced by catalase activity in tissues or blood. The action of manuka honey stems partly from a phytochemical component, so this type of honey might be more effective in vivo. Comparative clinical trials with standardized honeys are needed.",citation_mining_author_lookup,99
pubmed_citemine,12171686,10.1080/095466301750163563,"Healing of an MRSA-colonized, hydroxyurea-induced leg ulcer with honey.",The Journal of dermatological treatment,2001,Natarajan S; Williamson D; Grey J; Harding KG; Cooper RA,Case Reports; Journal Article,"With the everincreasing emergence of antibiotic-resistant pathogens, in particular methicillin-resistant Staphylococcus aureus (MRSA) in leg ulcers, a means of reducing the bacterial bioburden of such ulcers, other than by the use of either topical or systemic antibiotics, is urgently required. We report the case of an immunosuppressed patient who developed a hydroxyurea-induced leg ulcer with subclinical MRSA infection which was subsequently treated with topical application of manuka honey, without cessation of hydroxyurea or cyclosporin. MRSA was eradicated from the ulcer and rapid healing was successfully achieved. Honey is recognized to have antibacterial properties, and can also promote effective wound healing. A traditional therapy, therefore, appears to have enormous potential in solving new problems.",citation_mining_author_lookup,99
pubmed_citemine,32801179,10.1128/AEM.01768-20,Antibacterial and Antivirulence Activity of Manuka Honey against Genetically Diverse Staphylococcus pseudintermedius Strains.,Applied and environmental microbiology,2020,Brown HL; Metters G; Hitchings MD; Wilkinson TS; Sousa L; Cooper J,"Journal Article; Research Support, Non-U.S. Gov't","Staphylococcus pseudintermedius causes opportunistic infections in dogs. It also has significant zoonotic potential, with the emergence of multidrug resistance leading to difficulty treating both animal and human infections. Manuka honey has previously been reported to inhibit many bacterial pathogens, including methicillin-resistant Staphylococcus aureus, and is successfully utilized in both clinical and veterinary practice. Here, we evaluated the ability of manuka honey to inhibit strains of S. pseudintermedius grown alone and in combination with antibiotics, as well as its capacity to modulate virulence within multiple S. pseudintermedius isolates. All 18 of the genetically diverse S. pseudintermedius strains sequenced and tested were inhibited by ≤12% (wt/vol) medical-grade manuka honey, although tolerance to five clinically relevant antibiotics was observed. The susceptibility of the isolates to four of these antibiotics was significantly increased (P ≤ 0.05) when combined with sublethal concentrations of honey, although sensitivity to oxacillin was decreased. Virulence factor (DNase, protease, and hemolysin) activity was also significantly reduced (P ≤ 0.05) in over half of isolates when cultured with sublethal concentrations of honey (13, 9, and 10 isolates, respectively). These findings highlight the potential for manuka honey to be utilized against S. pseudintermedius infections.IMPORTANCEStaphylococcus pseudintermedius is an important member of the skin microbial community in animals and can cause opportunistic infections in both pets and their owners. The high incidence of antimicrobial resistance in S. pseudintermedius highlights that this opportunistic zoonotic pathogen can cause infections which require prolonged and intensive treatment to resolve. Manuka honey has proven efficacy against many bacterial pathogens and is an accepted topical treatment for infections in both veterinary and clinical practice, and so it is a particularly appropriate antimicrobial for use with zoonotic pathogens such as S. pseudintermedius Here, we demonstrate that not only is manuka honey highly potent against novel multidrug-resistant S. pseudintermedius isolates, it also acts synergistically with clinically relevant antibiotics. In addition, manuka honey modulates S. pseudintermedius virulence activity, even at subinhibitory concentrations. In a clinical setting, these attributes may assist in controlling infection, allowing a more rapid resolution and reducing antibiotic use.",citation_mining_author_lookup,99
pubmed_citemine,22046173,10.3389/fmicb.2011.00213,Re-examining the role of hydrogen peroxide in bacteriostatic and bactericidal activities of honey.,Frontiers in microbiology,2011,Brudzynski K; Abubaker K; St-Martin L; Castle A,Journal Article,"The aim of this study was to critically analyze the effects of hydrogen peroxide on growth and survival of bacterial cells in order to prove or disprove its purported role as a main component responsible for the antibacterial activity of honey. Using the sensitive peroxide/peroxidase assay, broth microdilution assay and DNA degradation assays, the quantitative relationships between the content of H(2)O(2) and honey's antibacterial activity was established(.) The results showed that: (A) the average H(2)O(2) content in honey was over 900-fold lower than that observed in disinfectants that kills bacteria on contact. (B) A supplementation of bacterial cultures with H(2)O(2) inhibited E. coli and B. subtilis growth in a concentration-dependent manner, with minimal inhibitory concentrations (MIC(90)) values of 1.25 mM/10(7) cfu/ml and 2.5 mM/10(7) cfu/ml for E. coli and B. subtilis, respectively. In contrast, the MIC(90) of honey against E. coli correlated with honey H(2)O(2) content of 2.5 mM, and growth inhibition of B. subtilis by honey did not correlate with honey H(2)O(2) levels at all. (C) A supplementation of bacterial cultures with H(2)O(2) caused a concentration-dependent degradation of bacterial DNA, with the minimum DNA degrading concentration occurring at 2.5 mM H(2)O(2). DNA degradation by honey occurred at lower than ≤2.5 mM concentration of honey H(2)O(2) suggested an enhancing effect of other honey components. (D) Honeys with low H(2)O(2) content were unable to cleave DNA but the addition of H(2)O(2) restored this activity. The DNase-like activity was heat-resistant but catalase-sensitive indicating that H(2)O(2) participated in the oxidative DNA damage. We concluded that the honey H(2)O(2) was involved in oxidative damage causing bacterial growth inhibition and DNA degradation, but these effects were modulated by other honey components.",citation_mining_author_lookup,99
pubmed_citemine,36069786,10.1099/mic.0.001237,In vitro synergy between manuka honey and amikacin against Mycobacterium abscessus complex shows potential for nebulisation therapy.,"Microbiology (Reading, England)",2022,Nolan VC; Harrison J; Cox JAG,"Journal Article; Research Support, Non-U.S. Gov't","Mycobacterium abscessusis an opportunistic human pathogen of increasing concern, due to its ability to cause aggressive pulmonary infections (especially in cystic fibrosis patients), as well as skin and soft tissue infections. M. abscessus is intrinsically drug resistant and treatment regimens are lengthy, consisting of multiple antibiotics with severe side effects and poor patient success rates. New and novel strategies are urgently required to combat these infections. One such strategy thus far overlooked for mycobacteria is manuka honey. For millennia manuka honey has been shown to have wide ranging medicinal properties, which have more recently been identified for its broad spectrum of antimicrobial activity. Here we demonstrate that manuka honey can be used to inhibit M. abscessus and a variety of drug resistant clinical isolates in vitro. We also demonstrate using a microbroth dilution checkerboard assay that manuka honey works synergistically with amikacin, which is one of the current front line antibiotics used for treatment of M. abscessus infections. This was further validated using an in vitro inhalation model, where we showed that with the addition of manuka honey, the amikacin dosage can be lowered whilst increasing its efficacy. These findings demonstrate the utility of manuka honey for incorporation into nebulised antibiotic treatment for respiratory infections, in particular M. abscessus. These results pave the way for a change of strategy for M. abscessus management, offering new therapeutic options for this deadly infection.",citation_mining_author_lookup,99
pubmed_citemine,37289060,10.1128/spectrum.00742-23,Low Levels of Hive Stress Are Associated with Decreased Honey Activity and Changes to the Gut Microbiome of Resident Honey Bees.,Microbiology spectrum,2023,Fernandes KE; Stanfield B; Frost EA; Shanahan ER; Susantio D; Dong AZ,"Journal Article; Research Support, Non-U.S. Gov't","Honey bees (Apis mellifera) face increasing threats to their health, particularly from the degradation of floral resources and chronic pesticide exposure. The properties of honey and the bee gut microbiome are known to both affect and be affected by bee health. Using samples from healthy hives and hives showing signs of stress from a single apiary with access to the same floral resources, we profiled the antimicrobial activity and chemical properties of honey and determined the bacterial and fungal microbiome of the bee gut and the hive environment. We found honey from healthy hives was significantly more active than honey from stressed hives, with increased phenolics and antioxidant content linked to higher antimicrobial activity. The bacterial microbiome was more diverse in stressed hives, suggesting they may have less capacity to exclude potential pathogens. Finally, bees from healthy and stressed hives had significant differences in core and opportunistically pathogenic taxa in gut samples. Our results emphasize the need for understanding and proactively managing bee health. IMPORTANCE Honey bees serve as pollinators for many plants and crops worldwide and produce valuable hive products such as honey and wax. Various sources of stress can disrupt honey bee colonies, affecting their health and productivity. Growing evidence suggests that honey is vitally important to hive functioning and overall health. In this study, we determined the antimicrobial activity and chemical properties of honey from healthy hives and hives showing signs of stress, finding that honey from healthy hives was significantly more antimicrobial, with increased phenolics and antioxidant content. We next profiled the bacterial and fungal microbiome of the bee gut and the hive environment, finding significant differences between healthy and stressed hives. Our results underscore the need for greater understanding in this area, as we found even apparently minor stress can have implications for overall hive fitness as well as the economic potential of hive products.",citation_mining_author_lookup,99
pubmed_citemine,22580031,10.1016/j.ijantimicag.2012.03.012,Specific non-peroxide antibacterial effect of manuka honey on the Staphylococcus aureus proteome.,International journal of antimicrobial agents,2012,Packer JM; Irish J; Herbert BR; Hill C; Padula M; Blair SE,"Comparative Study; Journal Article; Research Support, Non-U.S. Gov't","Manuka honey, derived from the New Zealand flowering plant Leptospermum scoparium, shows promise as a topical antibacterial agent and effective chronic wound dressing. The aim of this study was to determine the non-peroxide antibacterial effects of this honey on the proteome of the common wound pathogen Staphylococcus aureus. Proteomic analysis was performed on cells treated for a short time with manuka honey compared with the proteome of untreated cells as well as cells treated with a Leptospermum honey sample without antibacterial activity. Treatment with manuka honey resulted in a significant decrease in the bacterial cell growth rate as well as downregulation of ten and upregulation of two proteins. Nine of these proteins were also differentially expressed by cells treated with the inactive Leptospermum honey, but to a lesser degree, and the rate of bacterial growth was not affected. The differentially expressed proteins have roles in ribosomal function, protein synthesis, metabolic processes and transcription. Manuka honey uniquely caused downregulation of two proteins [dihydrolipoamide dehydrogenase (DLD) and elongation factor Tu (EF-Tu)] associated with two of these pathways as well as upregulation of one stress-related protein [cold shock protein C (CspC)]. The proteomic profile following treatment with manuka honey differed from the profiles of other antibacterial agents, indicating a unique mode of action and its potential value as a novel antimicrobial agent.",citation_mining_author_lookup,99
pubmed_citemine,32916880,10.3390/foods9091263,Demanding New Honey Qualitative Standard Based on Antibacterial Activity.,"Foods (Basel, Switzerland)",2020,Bucekova M; Bugarova V; Godocikova J; Majtan J,Journal Article,"Honey is a functional food with health-beneficial properties and it is already used as a medical device in wound care management. Whether ingested orally or applied topically, honey must fulfill the requirements of international standards based on physicochemical characteristics. However, there is an urgent need for some additional standards reflecting biological properties. The aim of the study was to evaluate the antibacterial activity of 36 commercial honey samples purchased from supermarkets and local food shops and compare their efficacy to that of three honey samples from local beekeepers and three types of medical-grade honey. Furthermore, the hydrogen peroxide (H2O2) content and protein profile were assessed in all honey samples. Analysis of the antibacterial activity of commercial honeys revealed that 44% of tested samples exhibited low antibacterial activity, identical to the activity of artificial honey (sugars only). There was a significant correlation between the overall antibacterial activity and H2O2 content of honey samples. However, in some cases, honey samples exhibited high antibacterial activity while generating low levels of H2O2 and vice versa. Honey samples from local beekeepers showed superior antibacterial activity compared to medical-grade honeys. The antibacterial activity of honey can be easily altered by adulteration, thermal treatment or prolonged storage, and therefore it fulfils strict criteria to be suitable new additional quality standard.",citation_mining_author_lookup,99
pubmed_citemine,23469049,10.1371/journal.pone.0057679,Synergism between Medihoney and rifampicin against methicillin-resistant Staphylococcus aureus (MRSA).,PloS one,2013,Müller P; Alber DG; Turnbull L; Schlothauer RC; Carter DA; Whitchurch CB,"Journal Article; Research Support, Non-U.S. Gov't","Skin and chronic wound infections caused by highly antibiotic resistant bacteria such as methicillin-resistant Staphylococcus aureus (MRSA) are an increasing and urgent health problem worldwide, particularly with sharp increases in obesity and diabetes. New Zealand manuka honey has potent broad-spectrum antimicrobial activity, has been shown to inhibit the growth of MRSA strains, and bacteria resistant to this honey have not been obtainable in the laboratory. Combinational treatment of chronic wounds with manuka honey and common antibiotics may offer a wide range of advantages including synergistic enhancement of the antibacterial activity, reduction of the effective dose of the antibiotic, and reduction of the risk of antibiotic resistance. The aim of this study was to investigate the effect of Medihoney in combination with the widely used antibiotic rifampicin on S. aureus. Using checkerboard microdilution assays, time-kill curve experiments and agar diffusion assays, we show a synergism between Medihoney and rifampicin against MRSA and clinical isolates of S. aureus. Furthermore, the Medihoney/rifampicin combination stopped the appearance of rifampicin-resistant S. aureus in vitro. Methylglyoxal (MGO), believed to be the major antibacterial compound in manuka honey, did not act synergistically with rifampicin and is therefore not the sole factor responsible for the synergistic effect of manuka honey with rifampicin. Our findings support the idea that a combination of honey and antibiotics may be an effective new antimicrobial therapy for chronic wound infections.",citation_mining_author_lookup,99
pubmed_citemine,12024746,,The potential of honey to promote oral wellness.,General dentistry,2001,Molan PC,"Journal Article; Research Support, Non-U.S. Gov't; Review","Honey has been used as a medicine throughout the ages and in more recent times has been ""rediscovered"" by the medical profession for treatment of burns, infected wounds, and skin ulcers. The large volume of literature reporting its effectiveness indicates that honey has potential for the treatment of periodontal disease, mouth ulcers, and other problems of oral health.",citation_mining_author_lookup,99
pubmed_citemine,23082035,10.1099/mic.0.062794-0,Manuka honey is bactericidal against Pseudomonas aeruginosa and results in differential expression of oprF and algD.,"Microbiology (Reading, England)",2012,Roberts AEL; Maddocks SE; Cooper RA,Journal Article,"The presence of Pseudomonas aeruginosa in cutaneous wounds is of clinical significance and can lead to persistent infections. Manuka honey has gained ground in clinical settings due to its effective therapeutic action and broad spectrum of antibacterial activity. In this study, the effect of manuka honey on P. aeruginosa was investigated using MIC, MBC, growth kinetics, confocal microscopy, atomic force microscopy and real-time PCR. A bactericidal mode of action for manuka honey against P. aeruginosa was deduced (12 %, w/v, MIC; 16 %, w/v, MBC) and confirmed by confocal and atomic force microscopy, which showed extensive cell lysis after 60 min exposure to inhibitory concentrations of manuka honey. The inability of honey-treated cells to form microcolonies was demonstrated and investigated using Q-PCR for three key microcolony-forming genes: algD, lasR and oprF. The expression of algD increased 16-fold whereas oprF expression decreased 10-fold following honey treatment; lasR expression remained unaltered. These findings confirm that manuka honey is effective at inducing cell lysis and identify two targets, at the genetic level, that might be involved in this process.",citation_mining_author_lookup,99
pubmed_citemine,1447054,10.1111/j.1365-2672.1992.tb04993.x,A comparison of the sensitivity of wound-infecting species of bacteria to the antibacterial activity of manuka honey and other honey.,The Journal of applied bacteriology,1992,Willix DJ; Molan PC; Harfoot CG,"Comparative Study; Journal Article; Research Support, Non-U.S. Gov't","Both honey and sugar are used with good effect as dressings for wounds and ulcers. The good control of infection is attributed to the high osmolarity, but honey can have additional antibacterial activity because of its content of hydrogen peroxide and unidentified substances from certain floral sources. Manuka honey is known to have a high level of the latter. Seven major wound-infecting species of bacteria were studied to compare their sensitivity to the non-peroxide antibacterial activity of manuka honey and to a honey in which the antibacterial activity was primarily due to hydrogen peroxide. Honeys with activity in the middle of the normal range were used. A comparison of the median response of the various species of bacteria showed no significant difference between the two types of activity overall, but marked differences between the two types of activity in the rank order of sensitivity of the seven bacterial species. The non-peroxide antibacterial activity of manuka honey at a honey concentration of 1.8% (v/v) completely inhibited the growth of Staphylococcus aureus during incubation for 8 h. The growth of all seven species was completely inhibited by both types of honey at concentrations below 11% (v/v).",citation_mining_author_lookup,99
pubmed_citemine,29407923,10.1016/j.foodchem.2018.01.006,Identification of menaquinones (vitamin K2 homologues) as novel constituents of honey.,Food chemistry,2018,Kim L; Brudzynski K,Journal Article,"Our recent research indicated that honey active macromolecules form colloidal particles that scatter the light and produce elaborate UV spectral profile dominated by double absorption peaks at 240-250 nm. The absorption at 240-250 nm signified the stable honey conformation that supported antibacterial activity and hydrogen peroxide production. Our aim was to identify the bioactive constituent relevant to this absorption. The methodology included activity-guided fractionation of honey through size-exclusion chromatography, solid-phase extraction and UPLC-UV-MS. UV spectral analysis of UPLC peaks revealed compounds with UV λ (max) typical of naphtoquinones. The MS chromatograms showed mass ions differing by [M-68n] indicating a polyisoprene structure and the fragmentation patterns typical for menaquinones. The exact mass measurements of menaquinones using a quadrupole-Orbitrap mass spectrometry confirmed their identification as a series of MK-3 to MK-7 aptimers. Detection of menaquinones, previously unknown constituents of honey, suggests that they might play role in honey redox and antibacterial activities.",citation_mining_author_lookup,99
pubmed_citemine,37520253,10.7717/peerj.15645,Unique antimicrobial activity in honey from the Australian honeypot ant (Camponotus inflatus).,PeerJ,2023,Dong AZ; Cokcetin N; Carter DA; Fernandes KE,Journal Article,"Honey produced by the Australian honeypot ant (Camponotus inflatus) is valued nutritionally and medicinally by Indigenous peoples, but its antimicrobial activity has never been formally studied. Here, we determine the activity of honeypot ant honey (HPAH) against a panel of bacterial and fungal pathogens, investigate its chemical properties, and profile the bacterial and fungal microbiome of the honeypot ant for the first time. We found HPAH to have strong total activity against Staphylococcus aureus but not against other bacteria, and strong non-peroxide activity against Cryptococcus and Aspergillus sp. When compared with therapeutic-grade jarrah and manuka honey produced by honey bees, we found HPAH to have a markedly different antimicrobial activity and chemical properties, suggesting HPAH has a unique mode of antimicrobial action. We found the bacterial microbiome of honeypot ants to be dominated by the known endosymbiont genus Candidatus Blochmannia (99.75%), and the fungal microbiome to be dominated by the plant-associated genus Neocelosporium (92.77%). This study demonstrates that HPAH has unique antimicrobial characteristics that validate its therapeutic use by Indigenous peoples and may provide a lead for the discovery of novel antimicrobial compounds.",citation_mining_author_lookup,99
pubmed_citemine,24711974,10.7717/peerj.326,Manuka-type honeys can eradicate biofilms produced by Staphylococcus aureus strains with different biofilm-forming abilities.,PeerJ,2014,Lu J; Turnbull L; Burke CM; Liu M; Carter DA; Schlothauer RC,Journal Article,"Chronic wounds are a major global health problem. Their management is difficult and costly, and the development of antibiotic resistance by both planktonic and biofilm-associated bacteria necessitates the use of alternative wound treatments. Honey is now being revisited as an alternative treatment due to its broad-spectrum antibacterial activity and the inability of bacteria to develop resistance to it. Many previous antibacterial studies have used honeys that are not well characterized, even in terms of quantifying the levels of the major antibacterial components present, making it difficult to build an evidence base for the efficacy of honey as an antibiofilm agent in chronic wound treatment. Here we show that a range of well-characterized New Zealand manuka-type honeys, in which two principle antibacterial components, methylglyoxal and hydrogen peroxide, were quantified, can eradicate biofilms of a range of Staphylococcus aureus strains that differ widely in their biofilm-forming abilities. Using crystal violet and viability assays, along with confocal laser scanning imaging, we demonstrate that in all S. aureus strains, including methicillin-resistant strains, the manuka-type honeys showed significantly higher anti-biofilm activity than clover honey and an isotonic sugar solution. We observed higher anti-biofilm activity as the proportion of manuka-derived honey, and thus methylglyoxal, in a honey blend increased. However, methylglyoxal on its own, or with sugar, was not able to effectively eradicate S. aureus biofilms. We also demonstrate that honey was able to penetrate through the biofilm matrix and kill the embedded cells in some cases. As has been reported for antibiotics, sub-inhibitory concentrations of honey improved biofilm formation by some S. aureus strains, however, biofilm cell suspensions recovered after honey treatment did not develop resistance towards manuka-type honeys. New Zealand manuka-type honeys, at the concentrations they can be applied in wound dressings are highly active in both preventing S. aureus biofilm formation and in their eradication, and do not result in bacteria becoming resistant. Methylglyoxal requires other components in manuka-type honeys for this anti-biofilm activity. Our findings support the use of well-defined manuka-type honeys as a topical anti-biofilm treatment for the effective management of wound healing.",citation_mining_author_lookup,99
pubmed_citemine,1687577,10.1111/j.2042-7158.1991.tb03186.x,A survey of the antibacterial activity of some New Zealand honeys.,The Journal of pharmacy and pharmacology,1991,Allen KL; Molan PC; Reid GM,Journal Article,"To assess the variation in antibacterial activity of honey a survey was carried out on 345 samples of unpasteurized honey obtained from commercial apiarists throughout New Zealand. Most of the honeys were considered to be monofloral, from 26 different floral sources. The honeys were tested against Staphylococcus aureus in an agar well diffusion assay, with reference to phenol as a standard. Antibacterial activity was found to range from the equivalent of less than 2% (w/v) phenol to 58% (w/v) phenol, with a median of 13.6 and a standard deviation of 12.5. Neither the age of the honey samples nor whether they had been processed by the apiarist was associated with lower activity. However, the difference between floral sources in the antibacterial activity was very highly significant. Kanuka (Kunzea ericoides (A. Rich.) J. Thompson. Family: Myrtaceae), manuka (Leptospermum scoparium J. R. et G. Forst. Family: Myrtaceae), ling heather (Calluna vulgaris (L.) Hull. Family: Ericaceae) and kamahi (Weinmannia racemosa Linn. f. Family: Cunoniaceae) were shown to be sources likely to give honey with high antibacterial activity. When antibacterial activity was assayed with catalase added to remove hydrogen peroxide, most of the honeys showed no detectable antibacterial activity. Only manuka and vipers bugloss (Echium vulgare L. Family: Boraginaceae) honeys showed this type of activity in a significant proportion of the samples. The high antibacterial activity of manuka honey was in many cases due entirely to this non-peroxide component.",citation_mining_author_lookup,99
pubmed_citemine,17473892,10.1139/w06-086,Effect of hydrogen peroxide on antibacterial activities of Canadian honeys.,Canadian journal of microbiology,2006,Brudzynski K,Journal Article,"Honey is recognized as an efficacious topical antimicrobial agent in the treatment of burns and wounds. The antimicrobial activity in some honeys depends on the endogenous hydrogen peroxide content. This study was aimed to determine whether honey's hydrogen peroxide level could serve as a honey-specific, activity-associated biomarker that would allow predicting and assessing the therapeutic effects of honey. Using a broth microdilution assay, I analyzed antibacterial activities of 42 Canadian honeys against two bacterial strains: Escherichia coli (ATCC 14948) and Bacillus subtilis (ATCC 6633). The MIC90 and MIC50 were established from the dose-response relationship between antibacterial activities and honey concentrations. The impact of H2O2 on antibacterial activity was determined (i) by measuring the levels of H2O2 before and after its removal by catalase and (ii) by correlating the results with levels of antibacterial activities. Canadian honeys demonstrated moderate to high antibacterial activity against both bacterial species. Both MIC90 and MIC50 revealed that the honeys exhibited a selective growth inhibitory activity against E. coli, and this activity was strongly influenced by endogenous H2O2 concentrations. Bacillus subtilis activity was marginally significantly correlated with H2O2 content. The removal of H2O2 by catalase reduced the honeys' antibacterial activity, but the enzyme was unable to completely decompose endogenous H2O2. The 25%-30% H2O2 ""leftover"" was significantly correlated with the honeys' residual antibacterial activity against E. coli. These data indicate that all Canadian honeys exhibited antibacterial activity, with higher selectivity against E. coli than B. subtilis, and that these antibacterial activities were correlated with hydrogen peroxide production in honeys. Hydrogen peroxide levels in honey, therefore, is a strong predictor of the honey's antibacterial activity.",citation_mining_author_lookup,99
pubmed_citemine,11075670,10.1177/004947550003000429,Honey and sugar as a dressing for wounds and ulcers.,Tropical doctor,2000,Molan PC; Cooper RA,Comment; Letter,,citation_mining_author_lookup,99
pubmed_citemine,26266942,10.1002/14651858.CD009201.pub2,Silver-coated endotracheal tubes for prevention of ventilator-associated pneumonia in critically ill patients.,The Cochrane database of systematic reviews,2015,Tokmaji G; Vermeulen H; Müller MC; Kwakman PH; Schultz MJ; Zaat SA,Journal Article; Meta-Analysis; Systematic Review,"Ventilator-associated pneumonia (VAP) is one of the most common nosocomial infections in intubated and mechanically ventilated patients. Endotracheal tubes (ETTs) appear to be an independent risk factor for VAP. Silver-coated ETTs slowly release silver cations. It is these silver ions that appear to have a strong antimicrobial effect. Because of this antimicrobial effect of silver, silver-coated ETTs could be an effective intervention to prevent VAP in people who require mechanical ventilation for 24 hours or longer. Our primary objective was to investigate whether silver-coated ETTs are effective in reducing the risk of VAP and hospital mortality in comparison with standard non-coated ETTs in people who require mechanical ventilation for 24 hours or longer. Our secondary objective was to ascertain whether silver-coated ETTs are effective in reducing the following clinical outcomes: device-related adverse events, duration of intubation, length of hospital and intensive care unit (ICU) stay, costs, and time to VAP onset. We searched the Cochrane Central Register of Controlled Trials (CENTRAL; 2014 Issue 10, MEDLINE, EMBASE, EBSCO CINAHL, and reference lists of trials. We contacted corresponding authors for additional information and unpublished studies. We did not impose any restrictions on the basis of date of publication or language. The date of the last search was October 2014. We included all randomized controlled trials (RCTs) and quasi-randomized trials that evaluated the effects of silver-coated ETTs or a combination of silver with any antimicrobial-coated ETTs with standard non-coated ETTs or with other antimicrobial-coated ETTs in critically ill people who required mechanical ventilation for 24 hours or longer. We also included studies that evaluated the cost-effectiveness of silver-coated ETTs or a combination of silver with any antimicrobial-coated ETTs. Two review authors (GT, HV) independently extracted the data and summarized study details from all included studies using the specially designed data extraction form. We used standard methodological procedures expected by The Cochrane Collaboration. We performed meta-analysis for outcomes when possible. We found three eligible randomized controlled trials, with a total of 2081 participants. One of the three included studies did not mention the amount of participants and presented no outcome data. The 'Risk of bias' assessment indicated that there was a high risk of detection bias owing to lack of blinding of outcomes assessors, but we assessed all other domains to be at low risk of bias. Trial design and conduct were generally adequate, with the most common areas of weakness in blinding. The majority of participants were included in centres across North America. The mean age of participants ranged from 61 to 64 years, and the mean duration of intubation was between 3.2 and 7.7 days. One trial comparing silver-coated ETTs versus non-coated ETTs showed a statistically significant decrease in VAP in favour of the silver-coated ETT (1 RCT, 1509 participants; 4.8% versus 7.5%, risk ratio (RR) 0.64, 95% confidence interval (CI) 0.43 to 0.96; number needed to treat for an additional beneficial outcome (NNTB) = 37; low-quality evidence). The risk of VAP within 10 days of intubation was significantly lower with the silver-coated ETTs compared with non-coated ETTs (1 RCT, 1509 participants; 3.5% versus 6.7%, RR 0.51, 95% CI 0.31 to 0.82; NNTB = 32; low-quality evidence). Silver-coated ETT was associated with delayed time to VAP occurrence compared with non-coated ETT (1 RCT, 1509 participants; hazard ratio 0.55, 95% CI 0.37 to 0.84). The confidence intervals for the results of the following outcomes did not exclude potentially important differences with either treatment. There were no statistically significant differences between groups in hospital mortality (1 RCT, 1509 participants; 30.4% versus 26.6%, RR 1.09, 95% CI 0.93 to 1.29; low-quality evidence); device-related adverse events (2 RCTs, 2081 participants; RR 0.65, 95% CI 0.37 to 1.16; low-quality evidence); duration of intubation; and length of hospital and ICU stay. We found no clinical studies evaluating the cost-effectiveness of silver-coated ETTs. This review provides limited evidence that silver-coated ETT reduces the risk of VAP, especially during the first 10 days of mechanical ventilation.",citation_mining_author_lookup,99
pubmed_citemine,23418472,10.1371/journal.pone.0055898,"The effect of New Zealand kanuka, manuka and clover honeys on bacterial growth dynamics and cellular morphology varies according to the species.",PloS one,2013,Lu J; Carter DA; Turnbull L; Rosendale D; Hedderley D; Stephens J,"Journal Article; Research Support, Non-U.S. Gov't","Treatment of chronic wounds is becoming increasingly difficult due to antibiotic resistance. Complex natural products with antimicrobial activity, such as honey, are now under the spotlight as alternative treatments to antibiotics. Several studies have shown honey to have broad-spectrum antibacterial activity at concentrations present in honey dressings, and resistance to honey has not been attainable in the laboratory. However not all honeys are the same and few studies have used honey that is well defined both in geographic and chemical terms. Here we have used a range of concentrations of clover honey and a suite of manuka and kanuka honeys from known geographical locations, and for which the floral source and concentration of methylglyoxal and hydrogen peroxide potential were defined, to determine their effect on growth and cellular morphology of four bacteria: Bacillus subtilis, Escherichia coli, Staphylococcus aureus and Pseudomonas aeruginosa. While the general trend in effectiveness of growth inhibition was manuka>manuka-kanuka blend>kanuka>clover, the honeys had varying and diverse effects on the growth and cellular morphology of each bacterium, and each organism had a unique response profile to these honeys. P. aeruginosa showed a markedly different pattern of growth inhibition to the other three organisms when treated with sub-inhibitory concentrations of honey, being equally sensitive to all honeys, including clover, and the least sensitive to honey overall. While hydrogen peroxide potential contributed to the antibacterial activity of the manuka and kanuka honeys, it was never essential for complete growth inhibition. Cell morphology analysis also showed a varied and diverse set of responses to the honeys that included cell length changes, cell lysis, and alterations to DNA appearance. These changes are likely to reflect the different regulatory circuits of the organisms that are activated by the stress of honey treatment.",citation_mining_author_lookup,99
pubmed_citemine,11757984,10.1007/s100960100590,Manuka honey used to heal a recalcitrant surgical wound.,European journal of clinical microbiology & infectious diseases : official publication of the European Society of Clinical Microbiology,2001,Cooper RA; Molan PC; Krishnamoorthy L; Harding KG,Case Reports; Journal Article,,citation_mining_author_lookup,99
pubmed_citemine,28030589,10.1371/journal.pone.0167780,The Antibacterial Activity of Australian Leptospermum Honey Correlates with Methylglyoxal Levels.,PloS one,2016,Cokcetin NN; Pappalardo M; Campbell LT; Brooks P; Carter DA; Blair SE,Journal Article,"Most commercially available therapeutic honey is derived from flowering Leptospermum scoparium (manuka) plants from New Zealand. Australia has more than 80 Leptospermum species, and limited research to date has found at least some produce honey with high non-peroxide antibacterial activity (NPA) similar to New Zealand manuka, suggesting Australia may have a ready supply of medical-grade honey. The activity of manuka honey is largely due to the presence of methylglyoxal (MGO), which is produced non-enzymatically from dihydroxyacetone (DHA) present in manuka nectar. The aims of the current study were to chemically quantify the compounds contributing to antibacterial activity in a collection of Australian Leptospermum honeys, to assess the relationship between MGO and NPA in these samples, and to determine whether NPA changes during honey storage. Eighty different Leptospermum honey samples were analysed, and therapeutically useful NPA was seen in samples derived from species including L. liversidgei and L. polygalifolium. Exceptionally high levels of up to 1100 mg/kg MGO were present in L. polygalifolium honey samples sourced from the Northern Rivers region in NSW and Byfield, QLD, with considerable diversity among samples. There was a strong positive relationship between NPA and MGO concentration, and DHA was present in all of the active honey samples, indicating a potential for ongoing conversion to MGO. NPA was stable, with most samples showing little change following seven years of storage in the dark at 4°C. This study demonstrates the potential for Australian Leptospermum honey as a wound care product, and argues for an extension of this analysis to other Leptospermum species.",citation_mining_author_lookup,99
pubmed_citemine,32606022,10.1128/mSystems.00106-20,"Characterizing the Mechanism of Action of an Ancient Antimicrobial, Manuka Honey, against Pseudomonas aeruginosa Using Modern Transcriptomics.",mSystems,2020,Bouzo D; Cokcetin NN; Li L; Ballerin G; Bottomley AL; Lazenby J,Journal Article,"Manuka honey has broad-spectrum antimicrobial activity, and unlike traditional antibiotics, resistance to its killing effects has not been reported. However, its mechanism of action remains unclear. Here, we investigated the mechanism of action of manuka honey and its key antibacterial components using a transcriptomic approach in a model organism, Pseudomonas aeruginosa We show that no single component of honey can account for its total antimicrobial action, and that honey affects the expression of genes in the SOS response, oxidative damage, and quorum sensing. Manuka honey uniquely affects genes involved in the explosive cell lysis process and in maintaining the electron transport chain, causing protons to leak across membranes and collapsing the proton motive force, and it induces membrane depolarization and permeabilization in P. aeruginosa These data indicate that the activity of manuka honey comes from multiple mechanisms of action that do not engender bacterial resistance.IMPORTANCE The threat of antimicrobial resistance to human health has prompted interest in complex, natural products with antimicrobial activity. Honey has been an effective topical wound treatment throughout history, predominantly due to its broad-spectrum antimicrobial activity. Unlike traditional antibiotics, honey-resistant bacteria have not been reported; however, honey remains underutilized in the clinic in part due to a lack of understanding of its mechanism of action. Here, we demonstrate that honey affects multiple processes in bacteria, and this is not explained by its major antibacterial components. Honey also uniquely affects bacterial membranes, and this can be exploited for combination therapy with antibiotics that are otherwise ineffective on their own. We argue that honey should be included as part of the current array of wound treatments due to its effective antibacterial activity that does not promote resistance in bacteria.",citation_mining_author_lookup,99
pubmed_citemine,16807876,10.1002/ptr.1949,A comparison of wound healing following treatment with Lavandula x allardii honey or essential oil.,Phytotherapy research : PTR,2006,Lusby PE; Coombes AL; Wilkinson JM,Comparative Study; Journal Article,"The increased interest in complementary therapies has led to the investigation of products traditionally believed to have a beneficial effect in wound healing. Two such products are honey and lavender essential oil. In this study a rat excisional wound model was used to investigate the action of Lavandula x allardii honey and essential oil, and a standard therapeutic honey (Medihoney). Four 8 mm wounds were created surgically on the dorsal surface of each rat and honey or essential oil applied to the wounds twice a day for 4 days. Wound healing was analysed by wound contraction and capillary volume at 5 and 12 days post-surgery. Although no statistically significant difference in wound contraction was observed for the essential oil or honey treated wounds relative to the untreated control, both honeys were shown to reduce the capillary volume in the wound site at day 12 with no difference between the honeys (control 154 +/- 14 microm(3) vs L. x allardii honey 77 +/- 18 microm(3) and Medihoney 89 +/- 39 microm(3), p < 0.001; mean +/- SD). This suggests that scar maturation in these animals was more advanced than in other groups. These data suggest that L. x allardii honey, but not essential oil, has a beneficial action in wound healing.",citation_mining_author_lookup,99
pubmed_citemine,31412630,10.3390/microorganisms7080258,Evaluation of Physiological Effects Induced by Manuka Honey Upon Staphylococcus aureus and Escherichia coli.,Microorganisms,2019,Combarros-Fuertes P; Estevinho LM; Teixeira-Santos R; Rodrigues AG; Pina-Vaz C; Fresno JM,Journal Article,"Several studies have explored the antimicrobial properties of manuka honey (MkH). However, the data available regarding antibacterial action mechanisms are scarcer. The aim of this study was to scrutinize and characterize primary effects of manuka honey (MkH) upon the physiological status of Staphylococcus aureus and Escherichia coli (as Gram-positive and Gram-negative bacteria models, respectively), using flow cytometry (FC) to reveal its antibacterial action mechanisms. Effects of MkH on membrane potential, membrane integrity and metabolic activity were assessed using different fluorochromes in a 180 min time course assay. Time-kill experiments were carried out under the same conditions. Additionally, MkH effect on efflux pumps was also studied in an E. coli strain with an over-expression of several efflux pumps. Exposure of bacteria to MkH resulted in physiological changes related to membrane potential and membrane integrity; these effects displayed slight differences among bacteria. MkH induced a remarkable metabolic disruption as primary physiological effect upon S. aureus and was able to block efflux pump activity in a dose-dependent fashion in the E. coli strain.",citation_mining_author_lookup,99
pubmed_citemine,15125017,,The effects of manuka honey on plaque and gingivitis: a pilot study.,Journal of the International Academy of Periodontology,2004,English HK; Pack AR; Molan PC,Clinical Trial; Journal Article; Randomized Controlled Trial,"Research has shown that manuka honey has superior antimicrobial properties that can be used with success in the treatment of wound healing, peptic ulcers and bacterial gastro-enteritis. Studies have already shown that manuka honey with a high antibacterial activity is likely to be non-cariogenic. The current pilot study investigated whether or not manuka honey with an antibacterial activity rated UMF 15 could be used to reduce dental plaque and clinical levels of gingivitis. A chewable ""honey leather"" was produced for this trial. Thirty volunteers were randomly allocated to chew or suck either the manuka honey product, or sugarless chewing gum, for 10 minutes, three times a day, after each meal. Plaque and gingival bleeding scores were recorded before and after the 21-day trial period. Analysis of the results indicated that there were statistically highly significant reductions in the mean plaque scores (0.99 reduced to 0.65; p=0.001), and the percentage of bleeding sites (48% reduced to 17%; p=0.001), in the manuka honey group, with no significant changes in the control group. These results suggest that there may be a potential therapeutic role for manuka honey confectionery in the treatment of gingivitis and periodontal disease.",citation_mining_author_lookup,99
pubmed_citemine,22866051,10.3389/fmicb.2012.00265,The effect of standard heat and filtration processing procedures on antimicrobial activity and hydrogen peroxide levels in honey.,Frontiers in microbiology,2012,Chen C; Campbell LT; Blair SE; Carter DA,Journal Article,"There is increasing interest in the antimicrobial properties of honey. In most honey types, antimicrobial activity is due to the generation of hydrogen peroxide (H(2)O(2)), but this can vary greatly among samples. Honey is a complex product and other components may modulate activity, which can be further affected by commercial processing procedures. In this study we examined honey derived from three native Australian floral sources that had previously been associated with H(2)O(2)-dependent activity. Antibacterial activity was seen in four red stringybark samples only, and ranged from 12 to 21.1% phenol equivalence against Staphylococcus aureus. Antifungal activity ranged from MIC values of 19-38.3% (w/v) against Candida albicans, and all samples were significantly more active than an osmotically equivalent sugar solution. All honey samples were provided unprocessed and following commercial processing. Processing was usually detrimental to antimicrobial activity, but occasionally the reverse was seen and activity increased. H(2)O(2) levels varied from 0 to 1017 μM, and although samples with no H(2)O(2) had little or no antimicrobial activity, some samples had relatively high H(2)O(2) levels yet no antimicrobial activity. In samples where H(2)O(2) was detected, the correlation with antibacterial activity was greater in the processed than in the unprocessed samples, suggesting other factors present in the honey influence this activity and are sensitive to heat treatment. Antifungal activity did not correlate with the level of H(2)O(2) in honey samples, and overall it appeared that H(2)O(2) alone was not sufficient to inhibit C. albicans. We conclude that floral source and H(2)O(2) levels are not reliable predictors of the antimicrobial activity of honey, which currently can only be assessed by standardized antimicrobial testing. Heat processing should be reduced where possible, and honey destined for medicinal use should be retested post-processing to ensure that activity levels have not changed.",citation_mining_author_lookup,99
pubmed_citemine,25191847,10.1371/journal.pone.0106967,"Antibacterial compounds of Canadian honeys target bacterial cell wall inducing phenotype changes, growth inhibition and cell lysis that resemble action of β-lactam antibiotics.",PloS one,2014,Brudzynski K; Sjaarda C,"Comparative Study; Journal Article; Research Support, Non-U.S. Gov't","Honeys show a desirable broad spectrum activity against Gram-positive and negative bacteria making antibacterial activity an intrinsic property of honey and a desirable source for new drug development. The cellular targets and underlying mechanism of action of honey antibacterial compounds remain largely unknown. To facilitate the target discovery, we employed a method of phenotypic profiling by directly comparing morphological changes in Escherichia coli induced by honeys to that of ampicillin, the cell wall-active β-lactam of known mechanism of action. Firstly, we demonstrated the purity of tested honeys from potential β-lactam contaminations using quantitative LC-ESI-MS. Exposure of log-phase E. coli to honey or ampicillin resulted in time- and concentration-dependent changes in bacterial cell shape with the appearance of filamentous phenotypes at sub-inhibitory concentrations and spheroplasts at the MBC. Cell wall destruction by both agents, clearly visible on microscopic micrographs, was accompanied by increased permeability of the lipopolysaccharide outer membrane as indicated by fluorescence-activated cell sorting (FACS). More than 90% E. coli exposed to honey or ampicillin became permeable to propidium iodide. Consistently with the FACS results, both honey-treated and ampicillin-treated E. coli cells released lipopolysaccharide endotoxins at comparable levels, which were significantly higher than controls (p<0.0001). E. coli cells transformed with the ampicillin-resistance gene (β-lactamase) remained sensitive to honey, displayed the same level of cytotoxicity, cell shape changes and endotoxin release as ampicillin-sensitive cells. As expected, β-lactamase protected the host cell from antibacterial action of ampicillin. Thus, both honey and ampicillin induced similar structural changes to the cell wall and LPS and that this ability underlies antibacterial activities of both agents. Since the cell wall is critical for cell growth and survival, honey active compounds would be highly applicable for therapeutic purposes while differences in the mode of action between honey and ampicillin may provide clinical advantage in eradicating β-lactam-resistant pathogens.",citation_mining_author_lookup,99
pubmed_citemine,38886123,10.1093/femsec/fiae091,Pollen products collected from honey bee hives experiencing minor stress have altered fungal communities and reduced antimicrobial properties.,FEMS microbiology ecology,2024,Fernandes KE; Frost EA; Kratz M; Carter DA,Journal Article,"Fungi are increasingly recognized to play diverse roles within honey bee hives, acting as pathogens, mutualists, and commensals. Pollen products, essential for hive nutrition, host significant fungal communities with potential protective and nutritional benefits. In this study, we profile the fungal communities and antifungal properties of three pollen products from healthy and stressed hives: fresh pollen collected by forager bees from local plants; stored pollen packed into the comb inside the hive; and bee bread, which is stored pollen following anaerobic fermentation used for bee and larval nutrition. Using amplicon sequencing, we found significant differences in fungal community composition, with hive health and sample type accounting for 8.8% and 19.3% of variation in beta diversity, respectively. Pollen and bee bread extracts had species-specific antimicrobial activity and inhibited the fungal hive pathogens Ascosphaera apis, Aspergillus flavus, and Aspergillus fumigatus, and the bacterial hive pathogen Paenibacillus larvae. Activity was positively correlated with phenolic and antioxidant content and was diminished in stressed hives. The plant source of pollen determined by amplicon sequencing differed in stressed hives, suggesting altered foraging behaviour. These findings illustrate the complex interplay between honey bees, fungal communities, and hive products, which should be considered in hive management and conservation.",citation_mining_author_lookup,99
pubmed_citemine,35407030,10.3390/foods11070943,Physicochemical Characterization and Biological Properties of Pine Honey Produced across Greece.,"Foods (Basel, Switzerland)",2022,Tsavea E; Vardaka FP; Savvidaki E; Kellil A; Kanelis D; Bucekova M,Journal Article,"Pine honey is a honeydew honey produced in the East Mediterranean region (Greece and Turkey) from the secretions of the plant sucking insect Marchalina hellenica (Gennadius) (Coccoidea: Marchalini-dae) feeding on living parts of Pinus species. Nowadays, honeydew honey has attracted great attention due to its biological activities. The aim of this study was to study unifloral pine honey samples produced in Greece regarding their physicochemical parameters and antioxidant and antibacterial activity against five nosocomial and foodborne pathogens. These honeys showed physicochemical and microscopic characteristics within the legal limits, except for diastase activity, a parameter known to be highly variable, depending on various factors. Substantially higher levels of H2O2 were estimated compared to other types of honeydew honey, whereas protein content was similar. The total phenolic content was 451.38 ± 120.38 mg GAE/kg and antiradical activity ranged from 42.43 to 79.33%, while FRAP values (1.87 to 9.43 mmol Fe+2/kg) were in general higher than those reported in the literature. Various correlations could be identified among these parameters. This is the first attempt to investigate in depth the antibacterial activity of pine honey from Greece and correlate it with honey quality parameters. All tested honeys exerted variable but significant antibacterial activity, expressed as MIC and MBC values, comparable or even superior to manuka honey for some tested samples. Although honey antibacterial activity is mainly attributed to hydrogen peroxide and proteins in some cases (demonstrated by elevated MICs after catalase and Proteinase K treatment, respectively), no strong correlation between the antibacterial activity and hydrogen peroxide concentration or total protein content was demonstrated in this study. However, there was a statistically significant correlation of moisture, antioxidant and antibacterial activity against Klebsiella pneuomoniae, as well as antioxidant and antibacterial activity against Salmonella ser. Typhimurium. Interestingly, a statistically significant negative correlation has been observed between diastase activity and Staphylococcus aureus antibacterial activity. Overall, our data indicate multiple mechanisms of antibacterial activity exerted by pine honey.",citation_mining_author_lookup,99
pubmed_citemine,36415076,10.1111/apa.16605,The quality and biological functionality of honey used for clinical purposes is important.,"Acta paediatrica (Oslo, Norway : 1992)",2023,Deglovic J; Majtanova N; Bucekova M; Majtan J,Letter; Comment,,citation_mining_author_lookup,99
pubmed_citemine,18818958,10.1007/s10096-008-0630-3,The in vitro susceptibility of Campylobacter spp. to the antibacterial effect of manuka honey.,European journal of clinical microbiology & infectious diseases : official publication of the European Society of Clinical Microbiology,2009,Lin SM; Molan PC; Cursons RT,Journal Article,"We report the antimicrobial effect of manuka honey against Campylobacter spp. isolated by a diagnostic laboratory from specimens from a community in New Zealand. The isolates were differentiated according to species level using multiplex PCR. C. jejuni (20 strains) and C. coli (7 strains) were identified. The clinical isolates identified and type culture collection strains of these species were subjected to testing to determine the minimum inhibitory concentration (MIC) of manuka honey using a microdilution technique. The MIC of the manuka honey against all of the Campylobacter tested was found to be around 1% (v/v) honey. The low MIC values suggest that honey might still inhibit the growth of campylobacteria after dilution by fluid in the gut, but the actual concentration of honey that can be achieved in the intestine is unknown. Therefore, clinical investigation is required to establish the efficacy of honey against Campylobacter spp. in the gut environment.",citation_mining_author_lookup,99
pubmed_citemine,15517742,10.12968/jowc.2004.13.9.26708,Clinical usage of honey as a wound dressing: an update.,Journal of wound care,2004,Molan PC; Betts JA,Journal Article; Review,,citation_mining_author_lookup,99
pubmed_citemine,33077785,10.1038/s41598-020-74937-6,Use of a model to understand the synergies underlying the antibacterial mechanism of H(2)O(2)-producing honeys.,Scientific reports,2020,Masoura M; Passaretti P; Overton TW; Lund PA; Gkatzionis K,"Journal Article; Research Support, Non-U.S. Gov't","Honey has been valued as a powerful antimicrobial since ancient times. However, the understanding of the underlying antibacterial mechanism is incomplete. The complexity and variability of honey composition represent a challenge to this scope. In this study, a simple model system was used to investigate the antibacterial effect of, and possible synergies between, the three main stressors present in honey: sugars, gluconic acid, and hydrogen peroxide (H2O2), which result from the enzymatic conversion of glucose on honey dilution. Our results demonstrated that the synergy of H2O2 and gluconic acid is essential for the antibacterial activity of honey. This synergy caused membrane depolarization, destruction of the cell wall, and eventually growth inhibition of E. coli K-12. The presence of H2O2 stimulated the generation of other long-lived ROS in a dose-dependent manner. Sugars caused osmosis-related morphological changes, however, decreased the toxicity of the H2O2/gluconic acid. The susceptibility of catalase and general stress response sigma factor mutants confirmed the synergy of the three stressors, which is enhanced at higher H2O2 concentrations. By monitoring cellular phenotypic changes caused by model honey, we explained how this can be bactericidal even though the antimicrobial compounds which it contains are at non-inhibitory concentrations.",citation_mining_author_lookup,99
pubmed_citemine,36452962,10.1016/j.tcsw.2022.100090,Manuka honey in combination with azithromycin shows potential for improved activity against Mycobacterium abscessus.,"Cell surface (Amsterdam, Netherlands)",2022,Nolan VC; Harrison J; Cox JAG,Journal Article,"Mycobacterium abscessus is an increasingly prevalent opportunistic pathogen causing both pulmonary and skin and soft tissue infections. It is of increasing concern for immunocompromised individuals, such as those with cystic fibrosis, due to its highly drug resistant nature and ability to evade the host immune system. Current treatments for M. abscessus pulmonary infections are largely ineffective and treatment outcomes are generally poor, thus we urgently require new treatments to combat these infections. Recently, it has been demonstrated that manuka honey is effective against M. abscessus and can improve the inhibitory effect of amikacin. Here, we explore the potential improvement of both azithromycin and tobramycin with the addition of manuka honey against M. abscessus complex. Improved growth inhibition was observed for azithromycin with manuka honey against all M. abscessus subspecies. Improved bactericidal activity was also observed. Importantly, the macrolide resistant M. abscessus subsp. bolletii showed improved inhibition and bactericidal activity was obtained in response to 0.117 g/mL manuka honey MGO40 with 16 µg/mL azithromycin. No improved activity was observed for tobramycin and manuka honey against any of the M. abscessus isolates tested. This demonstrates the potential for antibiotic enhancement by the addition of manuka honey, furthering the applications of therapeutic manuka honey.",citation_mining_author_lookup,99
pubmed_citemine,31294240,10.3934/microbiol.2018.4.655,Antibacterial activity of Manuka honey and its components: An overview.,AIMS microbiology,2018,Johnston M; McBride M; Dahiya D; Owusu-Apenten R; Nigam PS,Journal Article; Review,"The importance of honey for medicinal purposes is well documented in some of the world's oldest literature. Honey is well known and studied for its antimicrobial properties. The medicinal properties in honey originate from the floral source used by bees. Manuka honey is a dark monofloral honey rich in phenolic content, and currently it is gaining much attention for its antimicrobial activity. Researchers have found that honey is effective against a wide range of pathogens. The antibacterial potency of Manuka honey was found to be related to the Unique Manuka Factor (UMF) rating, which is correlated with the methylglyoxal and total phenols content. It is reported that different types of Manuka honey have differing effects and Gram-negative bacteria are more resistant than Gram-positive bacteria. Bacterial resistance to honey as antimicrobial agent has yet to be identified, possibly due to the presence of a complex mixture of methylglyoxal and other components. Honey is also reported to alter a bacterium's shape and size through septal ring alteration, which affects cell morphology and growth. Research has shown that Manuka honey of different UMF values has medicinal properties of interest and it can be beneficial when used as a combination treatment with other antimicrobial agents.",citation_mining_author_lookup,99
pubmed_citemine,22734952,10.1586/eri.12.46,Are there feasible prospects for manuka honey as an alternative to conventional antimicrobials?,Expert review of anti-infective therapy,2012,Cooper R; Jenkins R,"Editorial; Research Support, Non-U.S. Gov't",,citation_mining_author_lookup,99
pubmed_citemine,16099316,10.1016/j.ijfoodmicro.2004.11.042,Inhibition effect of honey on the adherence of Salmonella to intestinal epithelial cells in vitro.,International journal of food microbiology,2005,Alnaqdy A; Al-Jabri A; Al Mahrooqi Z; Nzeako B; Nsanze H,Journal Article,The aim of the study was to evaluate the antimicrobial effect and the ability of honey to prevent Salmonella interitidis adhering to intestinal epithelial cells in vitro. Antimicrobial activity was demonstrated. Bacterial adherence was assayed using S. interitidis cells that had been incubated first with honey and then with the intestinal epithelial cells. Results showed that honey at dilutions of up to 1:8 reduced bacterial adherence from 25.6+/-6.5 (control) to 6.7+/-3.3 bacteria per epithelial cell (P<0.001).,citation_mining_author_lookup,99
pubmed_citemine,40397496,10.1128/aem.02523-24,"Strong antimicrobial activity and unique physicochemical characteristics in honey from Australian stingless bees Tetragonula carbonaria, Tetragonula hockingsi, and Austroplebeia australis.",Applied and environmental microbiology,2025,Fernandes KE; Levina A; Cokcetin NN; Haley D; Li J; Brooks P,Journal Article,"Natural products have evolved antimicrobial properties that can be exploited in our search for new ways of treating infectious diseases. This study evaluates the antimicrobial properties and chemical profiles of honey produced by the Australian stingless bee species Tetragonula carbonaria, Tetragonula hockingsi, and Austroplebeia australis against selected human pathogens. Using broth microdilution methods, we found that all tested honey samples had antimicrobial activity. The fungal dermatophyte species Trichophyton interdigitale displayed the highest susceptibility (average MICs: 4%-9% [wt/wt]), followed by Staphylococcus aureus (9%-11%), Escherichia coli (10%-13%), and Cryptococcus neoformans (24%-34%). T. carbonaria honey had the highest overall activity, while A. australis honey was the weakest. After heat treatment at 80°C for 30 min to remove hydrogen peroxide (H2O2)-based activity, T. carbonaria and T. hockingsi honey retained significant non-peroxide activity against E. coli (14% and 17%, respectively) and S. aureus (17% and 18%, respectively), although their efficacy against the fungal pathogens diminished. Chemical analysis revealed distinct differences in H2O2 production, color intensity, phenolic and antioxidant content, density, and pH among the honey types. The dynamic generation of H2O2 in stingless bee honey was remarkably prolonged, with some samples producing H2O2 for more than 6 days. Proteomic analysis identified diverse proteins that may contribute to antimicrobial efficacy. Phenolic extracts had antimicrobial activity, with flavonoids identified as potential contributors. T. carbonaria honey re-tested after 18 years of storage retained substantial non-peroxide-based activity. Overall, this study highlights the unique properties of stingless bee honeys and their potential as natural antimicrobial agents.IMPORTANCEAntimicrobial resistance poses a critical global health challenge. Various natural products have evolved as a defense against microbial attack and can be exploited as novel therapeutic agents. While honey from the European honey bee (Apis mellifera) is well studied, the medicinal potential of Australian stingless bee honey remains underexplored. This study demonstrates that honeys produced by the stingless bee species Tetragonula carbonaria, Tetragonula hockingsi, and Austroplebeia australis possess unique antimicrobial properties that persist after heat treatment and following long-term storage and are distinct from the antimicrobial properties of honey bee honey. Diverse bioactive compounds, including phenolics and proteins, were seen, underscoring the complexity of these honeys as antimicrobial agents. These honeys have potential as sustainable, natural solutions for combating drug-resistant infections and could extend the scope of honey-based therapeutics.",citation_mining_author_lookup,99
pubmed_citemine,28946234,10.1016/j.foodchem.2017.08.054,Microwave processing of honey negatively affects honey antibacterial activity by inactivation of bee-derived glucose oxidase and defensin-1.,Food chemistry,2018,Bucekova M; Juricova V; Monton E; Martinotti S; Ranzato E; Majtan J,Journal Article,"Microwave (MW) thermal heating has been proposed as an efficient method for honey liquefaction, while maintaining honey quality criteria. However, little is known about the effects of MW thermal heating on honey antibacterial activity. In this study, we aimed to determine the effects of MW heating on the antibacterial activity of raw rapeseed honeys against Pseudomonas aeruginosa and Staphylococcus aureus, with a particular focus on two major bee-derived antibacterial components, defensin-1 and hydrogen peroxide (H2O2). Our results demonstrated that MW thermal heating completely abolished honey antibacterial activity whereas conventional thermal treatment at 45 and 55°C did not affect the antibacterial activity of honey samples. A significant decrease in both glucose oxidase activity and H2O2 production as well as defensin-1 amount was observed in MW-treated samples. Given that defensin-1 and H2O2 are regular antibacterial components of all honeys, MW heating may have similar negative effects on every type of crystallized/liquid honey.",citation_mining_author_lookup,99
pubmed_citemine,24199801,10.2217/fmb.13.105,Honey: a sweet solution to the growing problem of antimicrobial resistance?,Future microbiology,2013,Maddocks SE; Jenkins RE,Journal Article; Review,"Resistance to antibiotics continues to rise and few new therapies are on the horizon. Honey has good antibacterial activity against numerous microorganisms of many different genera and no honey-resistant phenotypes have yet emerged. The mechanisms of antimicrobial activity are just beginning to be understood; however, it is apparent that these are diverse and often specific for certain groups or even species of bacteria. Manuka honey has been most thoroughly characterized and is commercially available as a topical medical treatment for wound infections. Furthermore, since most data are available for this honey, there is a considerable focus on it in this review. It is becoming evident that honeys are more than just bactericidal, as they impact on biofilm formation, quorum sensing and the expression of virulence factors. With this in mind, honey represents an attractive antimicrobial treatment that might have the potential to be used alongside current therapies as a prophylactic or to treat wound infection with multidrug-resistant bacteria in future.",citation_mining_author_lookup,99
pubmed_citemine,31105667,10.3389/fmicb.2019.00869,Anti-pseudomonad Activity of Manuka Honey and Antibiotics in a Specialized ex vivo Model Simulating Cystic Fibrosis Lung Infection.,Frontiers in microbiology,2019,Roberts AEL; Powell LC; Pritchard MF; Thomas DW; Jenkins RE,Journal Article,"Pseudomonas aeruginosa causes problematic chronic lung infections in those suffering from cystic fibrosis. This is due to its antimicrobial resistance mechanisms and its ability to form robust biofilm communities with increased antimicrobial tolerances. Using novel antimicrobials or repurposing current ones is required in order to overcome these problems. Manuka honey is a natural antimicrobial agent that has been used for many decades in the treatment of chronic surface wounds with great success, particularly those infected with P. aeruginosa. Here we aim to determine whether the antimicrobial activity of manuka honey could potentially be repurposed to inhibit pulmonary P. aeruginosa infections using two ex vivo models. P. aeruginosa isolates (n = 28) from an international panel were tested for their susceptibility to manuka honey and clinically relevant antibiotics (ciprofloxacin, ceftazidime, and tobramycin), alone and in combination, using conventional antimicrobial susceptibility testing (AST). To increase clinical applicability, two ex vivo porcine lung (EVPL) models (using alveolar and bronchiolar tissue) were used to determine the anti-biofilm effects of manuka honey alone and in combination with antibiotics. All P. aeruginosa isolates were susceptible to manuka honey, however, varying incidences of resistance were seen against antibiotics. The combination of sub-inhibitory manuka honey and antibiotics using conventional AST had no effect on activity against the majority of isolates tested. Using the two ex vivo models, 64% (w/v) manuka honey inhibited many of the isolates where abnormally high concentrations of antibiotics could not. Typically, combinations of both manuka honey and antibiotics had increased antimicrobial activity. These results highlight the potential of manuka honey as a future antimicrobial for the treatment of pulmonary P. aeruginosa isolates, clearing potential infection reservoirs within the upper airway.",citation_mining_author_lookup,99
pubmed_citemine,37110183,10.3390/metabo13040526,Unexpected Value of Honey Color for Prediction of a Non-Enzymatic H(2)O(2) Production and Honey Antibacterial Activity: A Perspective.,Metabolites,2023,Brudzynski K,Journal Article; Review,"Hydrogen peroxide is the principal antibacterial compound of honey and its concentration determines honey bacteriostatic (MIC) and bactericidal (MBC) potencies. Levels of H2O2 produced are highly relevant to honey therapeutic potential, but they vary extensively among honey with reasons not immediately apparent. According to a traditional view, H2O2 is produced as a by-product of glucose oxidation by the honey bee enzyme, glucose oxidase; however, significant levels of H2O2 could be produced in a non-enzymatic way via polyphenol autooxidation. The aim of this study was to evaluate the potential for such an alternative pathway by re-examining evidence from many experimental and correlative studies in order to identify factors and compounds required for pro-oxidant activity. Unexpectedly, the color intensity was found to be the main indicator separating honey varieties based on the quantitative differences in the polyphenolic content, antioxidant activity and the content of transition metals, Fe, Cu and Mn, the main factors required for pro-oxidant effects. The color-impeding polyphenolics and their oxidation products (semiquinones and quinones) further contributed to color development through multiple chemical conjugations with proteins, phenolic oxidative polymerization, chelation or the reduction of metal ions. Moreover, quinones, as an intrinsic part of polyphenol redox activity, play an active role in the formation of higher-order structures, melanoidins and colloids in honey. The latter structures are also known to chelate metal ions, potentially contributing to H2O2 production. Thus, the color intensity appears as a major parameter that integrates polyphenol-dependent pro-oxidant reactions resulting in H2O2 generation.",citation_mining_author_lookup,99
pubmed_citemine,16702110,10.1080/13693780500417037,Honey has an antifungal effect against Candida species.,Medical mycology,2006,Irish J; Carter DA; Shokohi T; Blair SE,"Journal Article; Research Support, Non-U.S. Gov't","The incidence of Candida infections is escalating worldwide. The serious nature of these infections is compounded by increasing levels of drug resistance. We report that certain honeys have significant antifungal activity against clinical isolates of Candida species. Importantly, the minimum inhibitory concentration of these honeys would be achievable in a clinical setting.",citation_mining_author_lookup,99
pubmed_citemine,11702616,10.2165/00128071-200102010-00003,Potential of honey in the treatment of wounds and burns.,American journal of clinical dermatology,2001,Molan PC,Journal Article; Review,"There has been a renaissance in recent times in the use of honey, an ancient and traditional wound dressing, for the treatment of wounds, burns, and skin ulcers. In the past decade there have been many reports of case studies, experiments using animal models, and randomized controlled clinical trials that provide a large body of very convincing evidence for its effectiveness, and biomedical research that explains how honey produces such good results. As a dressing on wounds, honey provides a moist healing environment, rapidly clears infection, deodorizes, and reduces inflammation, edema, and exudation. Also, it increases the rate of healing by stimulation of angiogenesis, granulation, and epithelialization, making skin grafting unnecessary and giving excellent cosmetic results.",citation_mining_author_lookup,99
pubmed_citemine,10776224,10.12968/jowc.1999.8.7.26179,Honey in wound care.,Journal of wound care,1999,Cooper RA; Molan PC,Comment; Letter,,citation_mining_author_lookup,99
pubmed_citemine,34443372,10.3390/molecules26164784,Role of Honey in Advanced Wound Care.,"Molecules (Basel, Switzerland)",2021,Scepankova H; Combarros-Fuertes P; Fresno JM; Tornadijo ME; Dias MS; Pinto CA,Journal Article; Review,"Honey is a natural product rich in several phenolic compounds, enzymes, and sugars with antioxidant, anticarcinogenic, anti-inflammatory, and antimicrobial potential. Indeed, the development of honey-based adhesives for wound care and other biomedical applications are topics being widely investigated over the years. Some of the advantages of the use of honey for wound-healing solutions are the acceleration of dermal repair and epithelialization, angiogenesis promotion, immune response promotion and the reduction in healing-related infections with pathogenic microorganisms. This paper reviews the main role of honey on the development of wound-healing-based applications, the main compounds responsible for the healing capacity, how the honey origin can influence the healing properties, also highlighting promising results in in vitro and in vivo trials. The challenges in the use of honey for wound healing are also covered and discussed. The delivery methodology (direct application, incorporated in fibrous membranes and hydrogels) is also presented and discussed.",citation_mining_author_lookup,99
pubmed_citemine,22294681,10.1099/mic.0.053959-0,Manuka honey inhibits the development of Streptococcus pyogenes biofilms and causes reduced expression of two fibronectin binding proteins.,"Microbiology (Reading, England)",2012,Maddocks SE; Lopez MS; Rowlands RS; Cooper RA,"Journal Article; Research Support, Non-U.S. Gov't","Streptococcus pyogenes (group A Streptococcus; GAS) is always of clinical significance in wounds where it can initiate infection, destroy skin grafts and persist as a biofilm. Manuka honey has broad spectrum antimicrobial activity and its use in the clinical setting is beginning to gain acceptance with the continuing emergence of antibiotic resistance and the inadequacy of established systemic therapies; novel inhibitors may affect clinical practice. In this study, the effect of manuka honey on S. pyogenes (M28) was investigated in vitro with planktonic and biofilm cultures using MIC, MBC, microscopy and aggregation efficiency. Bactericidal effects were found in both planktonic cultures and biofilms, although higher concentrations of manuka honey were needed to inhibit biofilms. Abrogation of adherence and intercellular aggregation was observed. Manuka honey permeated 24 h established biofilms of S. pyogenes, resulting in significant cell death and dissociation of cells from the biofilm. Sublethal concentrations of manuka honey effectively prevented the binding of S. pyogenes to the human tissue protein fibronectin, but did not inhibit binding to fibrinogen. The observed inhibition of fibronectin binding was confirmed by a reduction in the expression of genes encoding two major fibronectin-binding streptococcal surface proteins, Sof and SfbI. These findings indicate that manuka honey has potential in the topical treatment of wounds containing S. pyogenes.",citation_mining_author_lookup,99
pubmed_citemine,8961174,10.1111/j.2042-7158.1996.tb03922.x,The effect of gamma-irradiation on the antibacterial activity of honey.,The Journal of pharmacy and pharmacology,1996,Molan PC; Allen KL,Journal Article,"There is increasing usage of honey as a dressing on infected wounds, burns and ulcers, but there is some concern that there may be a risk of wound botulism from the clostridial spores sometimes found in honey. It is well-established that the antibacterial activity is heat-labile so would be destroyed if honey were sterilized by autoclaving, but the effect of gamma-irradiation on the antibacterial activity of honey is not known. Therefore an investigation was carried out to assess the effect on the antibacterial activity of honey when the honey was subjected to a commercial sterilization procedure using gamma-irradiation (25 kGy). Two honeys with antibacterial activity due to enzymically-generated hydrogen peroxide and three manuka honeys with non-peroxide antibacterial activity were investigated. The honeys were tested against Staphylococcus aureus in an agar well diffusion assay. There was no significant change found in either type of antibacterial activity resulting from this form of sterilization of honey, even when the radiation was doubled (to 50 kGy). Testing of honey seeded with spores of Clostridium perfringens and C. tetani (10000 and 1000 spores g-1 of honey, respectively) showed that 25 kGy of gamma-irradiation was sufficient to achieve sterility.",citation_mining_author_lookup,99
pubmed_citemine,20549529,10.1007/s10096-010-0992-1,Absence of bacterial resistance to medical-grade manuka honey.,European journal of clinical microbiology & infectious diseases : official publication of the European Society of Clinical Microbiology,2010,Cooper RA; Jenkins L; Henriques AF; Duggan RS; Burton NF,Journal Article,"Clinical use of honey in the topical treatment of wounds has increased in Europe and North America since licensed wound care products became available in 2004 and 2007, respectively. Honey-resistant bacteria have not been isolated from wounds, but there is a need to investigate whether honey has the potential to select for honey resistance. Two cultures of bacteria from reference collections (Staphylococcus aureus NCTC 10017 and Pseudomonas aeruginosa ATCC 27853) and four cultures isolated from wounds (Escherichia coli, methicillin-resistant S. aureus (MRSA), Pseudomonas aeruginosa and S. epidermidis) were exposed to sub-lethal concentrations of manuka honey in continuous and stepwise training experiments to determine whether the susceptibility to honey diminished. Reduced susceptibilities to manuka honey in the test organisms during long-term stepwise resistance training were found, but these changes were not permanent and honey-resistant mutants were not detected. The risk of bacteria acquiring resistance to honey will be low if high concentrations are maintained clinically.",citation_mining_author_lookup,99
pubmed_citemine,21524711,10.1016/j.anaerobe.2011.03.012,Antibacterial activity of different honeys against pathogenic bacteria.,Anaerobe,2011,Voidarou C; Alexopoulos A; Plessas S; Karapanou A; Mantzourani I; Stavropoulou E,Journal Article,"To study the antimicrobial activity of honey, 60 samples of various botanical origin were evaluated for their antimicrobial activities against 16 clinical pathogens and their respective reference strains. The microbiological quality of honeys and the antibiotic susceptibility of the various isolates were also examined. The bioassay applied for determining the antimicrobial effect employs the well-agar diffusion method and the estimation of minimum active dilution which produces a 1mm diameter inhibition zone. All honey samples, despite their origin (coniferous, citrus, thyme or polyfloral), showed antibacterial activity against the pathogenic and their respective reference strains at variable levels. Coniferous and thyme honeys showed the highest activity with an average minimum dilution of 17.4 and 19.2% (w/v) followed by citrus and polyfloral honeys with 20.8 and 23.8% respectively. Clinical isolates of Staphylococcus aureus subsp. aureus, Escherichia coli, Salmonella enterica subsp. Enterica, Streptococcus pyogenes, Bacillus cereus and Bacillus subtilis were proven to be up to 60% more resistant than their equal reference strains thus emphasizing the variability in the antibacterial effect of honey and the need for further research.",citation_mining_author_lookup,99
pubmed_citemine,23049822,10.1371/journal.pone.0045600,Improving antibiotic activity against wound pathogens with manuka honey in vitro.,PloS one,2012,Jenkins R; Cooper R,"Journal Article; Research Support, Non-U.S. Gov't","Following the discovery of synergistic action between oxacillin and manuka honey against methicillin-resistant Staphylococcus aureus, this study was undertaken to search for further synergistic combinations of antibiotics and honey that might have potential in treating wounds. Fifteen antibiotics were tested with and without sublethal concentrations of manuka honey against each of MRSA and Pseudomonas aeruginosa using disc diffusion, broth dilution, E strip, chequerboard titration and growth curves. Five novel antibiotic and manuka honey combinations were found that improved antibacterial effectiveness in vitro and these offer a new avenue of future topical treatments for wound infections caused by these two important pathogens.",citation_mining_author_lookup,99
pubmed_citemine,35967810,10.3389/fnut.2022.957932,The Potential of Honey as a Prebiotic Food to Re-engineer the Gut Microbiome Toward a Healthy State.,Frontiers in nutrition,2022,Schell KR; Fernandes KE; Shanahan E; Wilson I; Blair SE; Carter DA,Journal Article; Review,"Honey has a long history of use for the treatment of digestive ailments. Certain honey types have well-established bioactive properties including antibacterial and anti-inflammatory activities. In addition, honey contains non-digestible carbohydrates in the form of oligosaccharides, and there is increasing evidence from in vitro, animal, and pilot human studies that some kinds of honey have prebiotic activity. Prebiotics are foods or compounds, such as non-digestible carbohydrates, that are used to promote specific, favorable changes in the composition and function of the gut microbiota. The gut microbiota plays a critical role in human health and well-being, with disturbances to the balance of these organisms linked to gut inflammation and the development and progression of numerous conditions, such as colon cancer, irritable bowel syndrome, obesity, and mental health issues. Consequently, there is increasing interest in manipulating the gut microbiota to a more favorable balance as a way of improving health by dietary means. Current research suggests that certain kinds of honey can reduce the presence of infection-causing bacteria in the gut including Salmonella, Escherichia coli, and Clostridiodes difficile, while simultaneously stimulating the growth of potentially beneficial species, such as Lactobacillus and Bifidobacteria. In this paper, we review the current and growing evidence that shows the prebiotic potential of honey to promote healthy gut function, regulate the microbial communities in the gut, and reduce infection and inflammation. We outline gaps in knowledge and explore the potential of honey as a viable option to promote or re-engineer a healthy gut microbiome.",citation_mining_author_lookup,99
pubmed_citemine,34439035,10.3390/antibiotics10080985,"Effects of the Carbohydrate Sources Nectar, Sucrose and Invert Sugar on Antibacterial Activity of Honey and Bee-Processed Syrups.","Antibiotics (Basel, Switzerland)",2021,Bugarova V; Godocikova J; Bucekova M; Brodschneider R; Majtan J,Journal Article,"Honey is a functional food with health-promoting properties. Some types of honey are used in wound care for the treatment of acute and chronic infected wounds. Increased interest in using honey as a functional food and as a base for wound care products causes limited availability of raw honey. Numerous studies suggest that the protein content of honey is mainly comprised of bee-derived proteins and peptides, with a pronounced antibacterial effect. Therefore, the aim of our study was to characterize for the first time the antibacterial activity of raw honeys and bee-processed syrups which were made by processing sucrose solution or invert sugar syrup in bee colonies under field conditions. Furthermore, we compared the contents of glucose oxidase (GOX) and the levels of hydrogen peroxide (H2O2) in honey samples and bee-processed syrups. These parameters were also compared between the processed sucrose solution and the processed invert sugar syrup. Our results clearly show that natural honey samples possess significantly higher antibacterial activity compared to bee-processed syrups. However, no differences in GOX contents and accumulated levels of H2O2 were found between honeys and bee-processed syrups. Comparison of the same parameters between bee-processed feeds based on the two artificial carbohydrate sources revealed no differences in all measured parameters, except for the content of GOX. The amount of GOX was significantly higher in bee-processed sucrose solutions, suggesting that processor bees can secrete a higher portion of carbohydrate metabolism enzymes. Determination of honey color intensity showed that in bee colonies, bee-processed syrups were partially mixed with natural honey. Further research is needed to identify the key botanical compounds in honey responsible for the increased antibacterial potential of honey.",citation_mining_author_lookup,99
pubmed_citemine,21903658,10.1093/jac/dkr340,Manuka honey inhibits cell division in methicillin-resistant Staphylococcus aureus.,The Journal of antimicrobial chemotherapy,2011,Jenkins R; Burton N; Cooper R,"Journal Article; Research Support, Non-U.S. Gov't","The aim of this study was to investigate the effect of manuka honey, artificial honey and an antibacterial component (methylglyoxal) on cell division in methicillin-resistant Staphylococcus aureus (MRSA). Viability of epidemic MRSA-15 NCTC 13142 incubated with manuka honey, artificial honey and methylglyoxal was determined, and structural effects monitored by electron microscopy. Activity of murein hydrolase (a peptidoglycan-degrading enzyme implicated in cell separation, encoded by atl) was estimated by cell wall hydrolysis and zymography; expression of atl was quantified by real-time PCR. Growth of MRSA was inhibited by 5%, 10% and 20% (w/v) manuka honey and 10% (w/v) artificial honey containing methylglyoxal, but not 10% (w/v) artificial honey. Statistically significantly increased numbers of cells containing septa and increased cell diameter (P < 0.001 and P < 0.001, respectively) were found in MRSA exposed to 5%, 10% or 20% (w/v) manuka honey, but not 10% (w/v) artificial honey with and without methylglyoxal. Intracellular activity of murein hydrolase was elevated in MRSA grown in 10% (w/v) artificial honey and at undetectable levels in MRSA treated with 10% (w/v) manuka honey. Increased atl expression was found in MRSA treated with 10% (w/v) manuka honey and 10% artificial honey containing methylglyoxal. Enlarged cells containing septa were observed in MRSA exposed to inhibitory concentrations of manuka honey, suggesting that cell division was interrupted. These changes were not caused by either the sugars or methylglyoxal in honey and indicate the presence of additional antibacterial components in manuka honey.",citation_mining_author_lookup,99
pubmed_citemine,31817375,10.3390/antibiotics8040251,Dissecting the Antimicrobial Composition of Honey.,"Antibiotics (Basel, Switzerland)",2019,Nolan VC; Harrison J; Cox JAG,Journal Article; Review,"Honey is a complex sweet food stuff with well-established antimicrobial and antioxidant properties. It has been used for millennia in a variety of applications, but the most noteworthy include the treatment of surface wounds, burns and inflammation. A variety of substances in honey have been suggested as the key component to its antimicrobial potential; polyphenolic compounds, hydrogen peroxide, methylglyoxal and bee-defensin 1. These components vary greatly across honey samples due to botanical origin, geographical location and secretions from the bee. The use of medical grade honey in the treatment of surface wounds and burns has been seen to improve the healing process, reduce healing time, reduce scarring and prevent microbial contamination. Therefore, if medical grade honeys were to be included in clinical treatment, it would reduce the demand for antibiotic usage. In this review, we outline the constituents of honey and how they affect antibiotic potential in a clinical setting. By identifying the key components, we facilitate the development of an optimally antimicrobial honey by either synthetic or semisynthetic production methods.",citation_mining_author_lookup,99
pubmed_citemine,25674077,10.3389/fmicb.2014.00779,Antibiotic-specific differences in the response of Staphylococcus aureus to treatment with antimicrobials combined with manuka honey.,Frontiers in microbiology,2014,Liu M; Lu J; Müller P; Turnbull L; Burke CM; Schlothauer RC,Journal Article,"Skin infections caused by antibiotic resistant Staphylococcus aureus are a significant health problem worldwide; often associated with high treatment cost and mortality rate. Complex natural products like New Zealand (NZ) manuka honey have been revisited and studied extensively as an alternative to antibiotics due to their potent broad-spectrum antimicrobial activity, and the inability to isolate honey-resistant S. aureus. Previous studies showing synergistic effects between manuka-type honeys and antibiotics have been demonstrated against the growth of one methicillin-resistant S. aureus (MRSA) strain. We have previously demonstrated strong synergistic activity between NZ manuka-type honey and rifampicin against growth and biofilm formation of multiple S. arueus strains. Here, we have expanded our investigation using multiple S. aureus strains and four different antibiotics commonly used to treat S. aureus-related skin infections: rifampicin, oxacillin, gentamicin, and clindamycin. Using checkerboard microdilution and agar diffusion assays with S. aureus strains including clinical isolates and MRSA we demonstrate that manuka-type honey combined with these four antibiotics frequently produces a synergistic effect. In some cases when synergism was not observed, there was a significant enhancement in antibiotic susceptibility. Some strains that were highly resistant to an antibiotic when present alone become sensitive to clinically achievable concentrations when combined with honey. However, not all of the S. aureus strains tested responded in the same way to these combinational treatments. Our findings support the use of NZ manuka-type honeys in clinical treatment against S. aureus-related infections and extend their potential use as an antibiotic adjuvant in combinational therapy. Our data also suggest that manuka-type honeys may not work as antibiotic adjuvants for all strains of S. aureus, and this may help determine the mechanistic processes behind honey synergy.",citation_mining_author_lookup,99
pubmed_citemine,23962613,10.1016/j.tvjl.2013.07.003,The antimicrobial activity of honey against common equine wound bacterial isolates.,"Veterinary journal (London, England : 1997)",2014,Carnwath R; Graham EM; Reynolds K; Pollock PJ,Journal Article,"Delayed healing associated with distal limb wounds is a particular problem in equine clinical practice. Recent studies in human beings and other species have demonstrated the beneficial wound healing properties of honey, and medical grade honey dressings are available commercially in equine practice. Equine clinicians are reported to source other non-medical grade honeys for the same purpose. This study aimed to assess the antimicrobial activity of a number of honey types against common equine wound bacterial pathogens. Twenty-nine honey products were sourced, including gamma-irradiated and non-irradiated commercial medical grade honeys, supermarket honeys, and honeys from local beekeepers. To exclude contaminated honeys from the project, all honeys were cultured aerobically for evidence of bacterial contamination. Aerobic bacteria or fungi were recovered from 18 products. The antimicrobial activity of the remaining 11 products was assessed against 10 wound bacteria, recovered from the wounds of horses, including methicillin resistant Staphylococcus aureus and Pseudomonas aeruginosa. Eight products were effective against all 10 bacterial isolates at concentrations varying from <2% to 16% (v/v). Overall, the Scottish Heather Honey was the best performing product, and inhibited the growth of all 10 bacterial isolates at concentrations ranging from <2% to 6% (v/v). Although Manuka has been the most studied honey to date, other sources may have valuable antimicrobial properties. Since some honeys were found to be contaminated with aerobic bacteria or fungi, non-sterile honeys may not be suitable for wound treatment. Further assessment of gamma-irradiated honeys from the best performing honeys would be useful.",citation_mining_author_lookup,99
pubmed_citemine,22382468,10.1093/jac/dks071,Synergy between oxacillin and manuka honey sensitizes methicillin-resistant Staphylococcus aureus to oxacillin.,The Journal of antimicrobial chemotherapy,2012,Jenkins RE; Cooper R,"Journal Article; Research Support, Non-U.S. Gov't","Honey is an ancient wound remedy that has recently been introduced into modern clinical practice in developed countries. Manuka honey inhibits growth of methicillin-resistant Staphylococcus aureus (MRSA) by preventing cell division. In Gram-negative bacteria a synergistic interaction between honey and antibiotics has been suggested. We aimed to determine the effect of manuka honey on oxacillin resistance in MRSA. Inhibition of MRSA by manuka honey and oxacillin separately and in combination was tested by disc diffusion, Etest strips, serial broth dilution, chequerboards and growth curves. Manuka honey and oxacillin interacted synergistically to inhibit MRSA. Manuka honey reversed oxacillin resistance in MRSA, and down-regulation of mecR1 was found in cells treated with manuka honey. Microarray analysis showed that exposure of MRSA to inhibitory concentrations of manuka honey resulted in down-regulation of mecR1. Here we demonstrated that subinhibitory concentrations of honey in combination with oxacillin restored oxacillin susceptibility to MRSA. Other honey and antibiotic combinations must now be evaluated.",citation_mining_author_lookup,99
pubmed_citemine,21815978,10.1111/j.1438-8677.2010.00440.x,Accumulation of human EGF in nectar of transformed plants of Nicotiana langsdorffii x N. sanderae and transfer to honey by bees.,"Plant biology (Stuttgart, Germany)",2011,Helsper JP; Ruyter-Spira CP; Kwakman PH; Bleeker WK; Keizer LC; Bade JB,"Journal Article; Research Support, Non-U.S. Gov't","Honey has been used successfully in wound healing for thousands of years. The peptide hormone human epidermal growth factor (hEGF) is also known to have a beneficial effect in various wound healing processes via mechanisms that differ from those for honey. In this study, we show that hEGF can be incorporated into honey via nectar. Plants of Nicotiana langsdorffii x N. sanderae were transformed with the gene for hEGF, equipped with a nectary-targeted promoter and a signal sequence for secretion to nectar. These plants accumulated hEGF in the nectar. The maximum hEGF concentration recorded with ELISA in these plants is 2.5 ng·ml⁻¹. There is a significant linear relationship (P<0.001) between hEGF concentration and induction of hEGF-receptor phosphorylation. Since the flower morphology of these plants did not allow production of honey from their nectar, we used feeding solutions, spiked with synthetic hEGF, to study transfer of this peptide into honey through bee activity. Transfer of hEGF from a feeding solution to honey by bees occurred with retention of the hEGF concentration and the capacity to induce hEGF-receptor phosphorylation. These observations indicate that plants can function as a production platform for honey containing biologically active peptides, which may enhance wound healing and other biological processes.",citation_mining_author_lookup,99
pubmed_citemine,29276503,10.3389/fmicb.2017.02407,Synergistic Antimicrobial Interaction between Honey and Phage against Escherichia coli Biofilms.,Frontiers in microbiology,2017,Oliveira A; Ribeiro HG; Silva AC; Silva MD; Sousa JC; Rodrigues CF,Journal Article,"Chronic wounds afford a hostile environment of damaged tissues that allow bacterial proliferation and further wound colonization. Escherichia coli is among the most common colonizers of infected wounds and it is a prolific biofilm former. Living in biofilm communities, cells are protected, become more difficult to control and eradicate, and less susceptible to antibiotic therapy. This work presents insights into the proceedings triggering E. coli biofilm control with phage, honey, and their combination, achieved through standard antimicrobial activity assays, zeta potential and flow cytometry studies and further visual insights sought by scanning electron microscopy and transmission electron microscopy. Two Portuguese honeys (PF2 and U3) with different floral origin and an E. coli-specific phage (EC3a), possessing depolymerase activity, were tested against 24- and 48-h-old biofilms. Synergic and additive effects were perceived in some phage-honey experiments. Combined therapy prompted similar phenomena in biofilm cells, visualized by electron microscopy, as the individual treatments. Honey caused minor membrane perturbations to complete collapse and consequent discharge of cytoplasmic content, and phage completely destroyed cells leaving only vesicle-like structures and debris. Our experiments show that the addition of phage to low honey concentrations is advantageous, and that even fourfold diluted honey combined with phage, presents no loss of antibacterial activity toward E. coli. Portuguese honeys possess excellent antibiofilm activity and may be potential alternative therapeutic agents in biofilm-related wound infection. Furthermore, to our knowledge this is the first study that assessed the impacts of phage-honey combinations in bacterial cells. The synergistic effect obtained was shown to be promising, since the antiviral effect of honey limits the emergence of phage resistant phenotypes.",citation_mining_author_lookup,99
pubmed_citemine,25683403,10.1016/j.foodchem.2012.01.035,Unraveling a mechanism of honey antibacterial action: polyphenol/H₂O₂-induced oxidative effect on bacterial cell growth and on DNA degradation.,Food chemistry,2012,Brudzynski K; Abubaker K; Miotto D,"Journal Article; Research Support, Non-U.S. Gov't","Several compounds with antibacterial activities were identified in honey however, a mechanism by which they lead to bacterial growth inhibition and bacterial death remains still unknown. We recently found that honeys possess DNA degrading activity mediated by honey hydrogen peroxide and an unknown honey component(s). Here we provide evidence that active honeys (MIC90 of 6.25-12.5% v/v) possessed significantly higher levels of phenolics (p<0.02) of higher radical scavenging activities (p<0.005) than honeys of average activity. Removal of H2O2 by catalase eliminated bacteriostatic activities caused by both phenolics and H2O2 suggesting that the growth inhibition resulted from the coupling chemistry between these compounds. Both phenolics and H2O2 were involved in DNA degradation by honeys. Treatment of plasmid DNA with H2O2 alone did not affect the DNA integrity but H2O2 removal from honey by catalase prevented DNA degradation. Polyphenols extracted from honeys degraded plasmid DNA in the presence of H2O2 and Cu(II) in the Fenton-type reaction. The extent of DNA degradation was inversely related to the polyphenol concentration in this system as well as in honeys. At low content, honey polyphenols exerted pro-oxidant activity damaging to DNA. In conclusion, honey phenolics with pro-oxidant activities were necessary intermediates that conferred oxidative action of H2O2. Phenolic/H2O2-induced oxidative stress constituted the mechanism of honey bacteriostatic and DNA damaging activities.",citation_mining_author_lookup,99
pubmed_citemine,37906561,10.1371/journal.pone.0293730,Characterisation of physicochemical parameters and antibacterial properties of New Caledonian honeys.,PloS one,2023,Bucekova M; Godocikova J; Gueyte R; Chambrey C; Majtan J,"Journal Article; Research Support, Non-U.S. Gov't","Honey is an attractive natural product with various health benefits. A few honey-based commercial products have successfully been adopted in clinics to improve wound healing. However, screening of other potential sources of medical-grade honey, in particular, honeys from territories with high floral species diversity and high endemicity, is highly needed. The goal of this study was to characterise the physicochemical and antibacterial properties of New Caledonian honey samples (n = 33) and to elucidate the major mechanism of their antibacterial action. Inhibitory antibacterial activity of honeys against Staphylococcus aureus and Pseudomonas aeruginosa was determined with a minimum inhibitory concentration (MIC) assay. Enzymatic activity of glucose oxidase and the content of hydrogen peroxide (H2O2) in honey samples were analysed. Furthermore, total protein content of honeys together with their electrophoretic protein profiles were also determined in the study. The antibacterial efficacy of 24% of the tested honey samples was slightly superior to that of manuka honey with unique manuka factor 15+. The antibacterial activity of catalase-treated honey sample solutions was significantly reduced, suggesting that H2O2 is a key antibacterial compound of diluted honeys. However, the kinetic profiles of H2O2 production in most potent honeys at a MIC value of 6% was not uniform. Under the experimental conditions, we found that a H2O2 concentration of 150 μM in diluted honeys is a critical concentration for inhibiting the growth of S. aureus. In contrast, 150 μM H2O2 in artificial honey solution was not able to inhibit bacterial growth, suggesting a role of phytochemicals in the antibacterial activity of natural honey. In addition, the continuous generation of H2O2 in diluted honey demonstrated an ability to counteract additional bacteria in re-inoculation experiments. In conclusion, the tested New Caledonian honey samples showed strong antibacterial activity, primarily based on H2O2 action, and therefore represent a suitable source for medical-grade honey.",citation_mining_author_lookup,99
pubmed_citemine,33569893,10.1111/1541-4337.12720,Colloidal structure of honey and its influence on antibacterial activity.,Comprehensive reviews in food science and food safety,2021,Brudzynski K; Sjaarda CP,Journal Article; Review,"Honey colloidal structure emerges as a new trend in research on honey functions since it became recognized as a major factor altering bioactivity of honey compounds. In honey complex matrix, macromolecules self-associate to colloidal particles at the critical concentration, driven by honey viscosity. Sequestration of macromolecules into colloids changes their activities and affects honey antibacterial function. This review fills the 80-year-old gap in research on honey colloidal structure. It summarizes past and current status of the research on honey colloids and describes physicochemical properties and the mechanisms of colloid formation and their dissociation upon honey dilution. The experimental observations are explained in the context of theoretical background of colloidal science. The functional changes and bioactivity of honey macromolecules bound to colloidal particles are illustrated here by the production of H2 O2 by glucose oxidase and the effect they have on antibacterial activity of honey. The changes in the production of H2 O2 and antibacterial activity of honey were coordinated with the changes in the aggregation-dissociation states of honey colloidal particles upon dilution. In all cases, these changes were nonlinear, assuming an inverted U-shaped dose-response curve. At the curve maximum, the production of H2 O2 and antibacterial activity reached the peak. The curve maximum signaled the minimum honey concentration required for the phase separation. With phase transition from two-phase colloidal condense state to dilute state dispersion, the change to opposite effects of dilution on these honey's activities occurred. Thus, the colloidal structure strongly influences bioactivity of honey compounds and affects its antibacterial activity.",citation_mining_author_lookup,99
pubmed_citemine,22347223,10.3389/fmicb.2012.00036,Mechanism of Honey Bacteriostatic Action Against MRSA and VRE Involves Hydroxyl Radicals Generated from Honey's Hydrogen Peroxide.,Frontiers in microbiology,2012,Brudzynski K; Lannigan R,Journal Article,"It has been recently reported that honey hydrogen peroxide in conjunction with unknown honey components produced cytotoxic effects resulting in bacterial growth inhibition and DNA degradation. The objective of this study was twofold: (a) to investigate whether the coupling chemistry involving hydrogen peroxide is responsible for a generation of hydroxyl radicals and (b) whether (•)OH generation affects growth of multi-drug resistant clinical isolates. The susceptibility of five different strains of methicillin-resistant Staphylococcus aureus (MRSA) and four strains of vancomycin-resistant Enterococcus faecium (VRE) isolates from infected wounds to several honeys was evaluated using broth microdilution assay. Isolates were identified to genus and species and their susceptibility to antibiotics was confirmed using an automated system (Vitek(®), Biomérieux(®)). The presence of the mec(A) gene, nuc gene and van(A) and (B) genes were confirmed by polymerase chain reaction. Results showed that no clinical isolate was resistant to selected active honeys. The median difference in honeys MICs against these strains ranged between 12.5 and 6.25% v/v and was not different from the MIC against standard Escherichia coli and Bacillus subtilis. Generation of (•)OH during bacteria incubation with honeys was analyzed using 3'-(p-aminophenyl) fluorescein (APF) as the (•)OH trap. The (•)OH participation in growth inhibition was monitored directly by including APF in broth microdilution assay. The growth of MRSA and VRE was inhibited by (•)OH generation in a dose-dependent manner. Exposure of MRSA and VRE to honeys supplemented with Cu(II) augmented production of (•)OH by 30-fold and increased honey bacteriostatic potency from MIC(90) 6.25 to MIC(90)< 0.78% v/v. Pretreatment of honeys with catalase prior to their supplementation with Cu ions fully restored bacterial growth indicating that hydroxyl radicals were produced from H(2)O(2) via the Fenton-type reaction. In conclusion, we have demonstrated for the first time that bacteriostatic effect of honeys on MRSA and VRE was dose-dependently related to generation of (•)OH from honey H(2)O(2).",citation_mining_author_lookup,99
pubmed_citemine,42721122,10.1371/journal.pone.0356687,Modifications to a vegan artificial honey result in inhibitory activity against Mycobacterium abscessus.,PloS one,2026,Nolan VC; Harrison J; Cox JAG,Journal Article,"The multidrug resistant Mycobacterium abscessus is an opportunistic pathogen of increasing concern, causing infections of skin and soft tissue as well as pulmonary, it can be life-threatening for immunocompromised individuals. Current treatment strategies are ineffective and new approaches to combat infections are imperative. The antimicrobial potential of Manuka honey has been recently demonstrated to be effective against M. abscessus, but the potential to improve its efficacy as well as reduce demand on a natural resource have not yet been explored. The development of medical honey paves the way for generation of a synthetic honey, but this information is largely hidden behind patents and also not explored from a synergist perspective of combined activity of MGO, H2O2 and defensin-1. Through addition of key enzymes or components and antimicrobial susceptibility testing, we have demonstrated that a vegan honea, containing no bee derived component results in antimicrobial activity against M. abscessus, causing not only growth inhibition but bactericidal activity. Both MGO and H2O2 are demonstrated to be relevant to the killing effect against M. abscessus.",citation_mining_author_lookup,99
pubmed_citemine,15941774,10.1093/jac/dki193,The antibacterial activity of honey against coagulase-negative staphylococci.,The Journal of antimicrobial chemotherapy,2005,French VM; Cooper RA; Molan PC,"Journal Article; Research Support, Non-U.S. Gov't","Development of antibiotic-resistant strains of coagulase-negative staphylococci has complicated the management of infections associated with the use of invasive medical devices, and innovative treatment and prophylactic options are needed. Honey is increasingly being used to treat infected wounds, but little is known about its effectiveness against coagulase-negative staphylococci. The aim of this study was to determine the minimum active dilution of two standardized, representative honeys for 18 clinical isolates of coagulase-negative staphylococci. An agar incorporation technique was used to determine the minimum active dilution, with dilution steps of 1% (v/v) honey [or steps of 5% (v/v) of a sugar syrup matching the osmotic effect of honey]. The plates were inoculated with 10 microL spots of cultures of the isolates. The honeys were inhibitory at dilutions down to 3.6 +/- 0.7% (v/v) for the pasture honey, 3.4 +/- 0.5% (v/v) for the manuka honey and 29.9 +/- 1.9% (v/v) for the sugar syrup. Typical honeys are about eight times more potent against coagulase-negative staphylococci than if bacterial inhibition were due to their osmolarity alone. Therefore, honey applied to skin at the insertion points of medical devices may have a role in the treatment or prevention of infections by coagulase-negative staphylococci.",citation_mining_author_lookup,99
pubmed_citemine,32102181,10.3390/molecules25040992,Vitamin C Enhances the Antibacterial Activity of Honey against Planktonic and Biofilm-Embedded Bacteria.,"Molecules (Basel, Switzerland)",2020,Majtan J; Sojka M; Palenikova H; Bucekova M; Majtan V,Journal Article,"Multifactorial antibacterial action is an important feature of honey; however, its bactericidal efficacy against biofilm-embedded bacteria is limited. The aim of this study was to investigate the impact of vitamin C (Vit C) on the antibacterial activity of natural honeys against planktonic as well as biofilm-embedded bacterial pathogens. The antibacterial activity of four honey samples supplemented with Vit C was expressed as the minimum inhibitory concentration (MIC). At sub-MICs, Vit C significantly increased the antibacterial activity of the tested honeys against Pseudomonas aeruginosa in planktonic cultures. However, after supplementation, honeydew honey, the most active honey, was ineffective against Staphylococcus aureus. On the other hand, when 100% honeydew honey was supplemented with Vit C (100 mg/g of honey) in a multispecies wound biofilm model, complete eradication of almost all bacterial isolates, including S. aureus, was observed. Furthermore, a mixture of honey and Vit C was partially effective against Enterococcus faecalis, whereas honey alone exhibited no antibacterial activity against this bacterium. Vit C counteracted hydrogen peroxide in honey solution and, thus, eliminated the major antibacterial compound present in honey. It is likely that a combination of honey with Vit C may trigger the intracellular production of reactive oxygen species in bacterial cells, but the exact cellular mechanisms warrant further investigations.",citation_mining_author_lookup,99
pubmed_citemine,24266353,10.2217/fmb.13.126,Manuka honey inhibits adhesion and invasion of medically important wound bacteria in vitro.,Future microbiology,2013,Maddocks SE; Jenkins RE; Rowlands RS; Purdy KJ; Cooper RA,Journal Article,"To characterize the effect of manuka honey on medically important wound bacteria in vitro, focusing on its antiadhesive properties. Crystal violet biofilm assays, fluorescent microscopy, protein adhesion assay and gentamicin protection assay were used to determine the impact of manuka honey on biofilm formation, human protein binding and adherence to/invasion into human keratinocytes. Manuka honey effectively disrupted and caused extensive cell death in biofilms of Staphylococcus aureus, Pseudomonas aeruginosa and Streptococcus pyogenes. Sublethal doses of manuka honey inhibited bacterial adhesion to the fibronectin, fibrinogen and collagen. Manuka honey impaired adhesion of laboratory and clinical isolates of S. aureus, P. aeruginosa and S. pyogenes to human keratinocytes in vitro, and inhibited invasion by S. pyogenes and homogeneous vancomycin intermediate S. aureus. Manuka honey can directly affect bacterial cells embedded in a biofilm and exhibits antiadhesive properties against three common wound pathogens.",citation_mining_author_lookup,99
pubmed_citemine,33158063,10.3390/antibiotics9110774,Honey: Another Alternative in the Fight against Antibiotic-Resistant Bacteria?,"Antibiotics (Basel, Switzerland)",2020,Combarros-Fuertes P; Fresno JM; Estevinho MM; Sousa-Pimenta M; Tornadijo ME; Estevinho LM,Journal Article; Review,"Antibacterial resistance has become a challenging situation worldwide. The increasing emergence of multidrug-resistant pathogens stresses the need for developing alternative or complementary antimicrobial strategies, which has led the scientific community to study substances, formulas or active ingredients used before the antibiotic era. Honey has been traditionally used not only as a food, but also with therapeutic purposes, especially for the topical treatment of chronic-infected wounds. The intrinsic characteristics and the complex composition of honey, in which different substances with antimicrobial properties are included, make it an antimicrobial agent with multiple and different target sites in the fight against bacteria. This, together with the difficulty to develop honey-resistance, indicates that it could become an effective alternative in the treatment of antibiotic-resistant bacteria, against which honey has already shown to be effective. Despite all of these assets, honey possesses some limitations, and has to fulfill a number of requirements in order to be used for medical purposes.",citation_mining_author_lookup,99
pubmed_citemine,32688187,10.1016/j.foodchem.2020.127229,A current perspective on hydrogen peroxide production in honey. A review.,Food chemistry,2020,Brudzynski K,Journal Article; Review,"Hydrogen peroxide plays a key role in honey antibacterial activity. The production of H2O2 in honey requires glucose oxidase (GOx) that oxidizes glucose to gluconolactone and reduces molecular oxygen to hydrogen peroxide. The content of GOx of honeybee origin was believed to be the main predictor of H2O2 concentration in honey. The observed variations in H2O2 levels among honeys questioned however the direct GOx-H2O2 relationship and left its absence opened for exploration. Here, we evaluated principal causes underlying the imbalance in the quantitative enzyme-product relationship with respect to: (a) enzyme and the product inactivation or destruction by honey compounds; (b) non-enzymatic pathway of H2O2 formation, and (c) a potential contribution of enzymes with GOx activity originating from nectars and microorganisms inhabiting honey. We also bring new facts on the relationship between honey colloidal structure and H2O2 production that change our traditional understanding of honey function as antimicrobial agent.",citation_mining_author_lookup,99
pubmed_citemine,27992658,10.1111/lam.12707,Antimicrobial activity of Manuka honey against antibiotic-resistant strains of the cell wall-free bacteria Ureaplasma parvum and Ureaplasma urealyticum.,Letters in applied microbiology,2017,Hillitt KL; Jenkins RE; Spiller OB; Beeton ML,Journal Article,"The susceptibility of the cell wall-free bacterial pathogens Ureaplasma spp. to Manuka honey was examined. The minimum inhibitory concentration (MIC) of Manuka honey for four Ureaplasma urealyticum and four Ureaplasma parvum isolates was determined. Sensitivity to honey was also compared to clinical isolates with resistance to tetracycline, macrolide and fluoroquinolone antibiotics. Finally step-wise resistance training was utilized in an attempt to induce increased tolerance to honey. The MIC was dependent on the initial bacterial load with 7·5 and 18·0% w/v honey required to inhibit U. urealyticum at 1 and 106 colour changing units (CCU), respectively, and 4·8 and 15·3% w/v required to inhibit U. parvum at 1 and 106  CCU respectively. MIC values were consistently lower for U. parvum compared with U. urealyticum. Antimicrobial activity was seen against tetracycline-resistant, erythromycin-resistant and ciprofloxacin-resistant isolates at 105  CCU. No resistance to honey was observed with 50 consecutive challenges at increasing concentrations of honey. This is the first report of the antimicrobial activity of Manuka honey against a cell wall-free bacterial pathogen. The antimicrobial activity was retained against antibiotic-resistant strains and it was not possible to generate resistant mutants. Manuka honey is known to have a broad spectrum of antimicrobial activity, with the bacterial cell wall being suggested as a predominant site of action. This study has demonstrated that Manuka honey has activity against Ureaplasma spp., a genus of cell wall-free bacteria which are intrinsically resistant to many available antibiotics making treatment inherently difficult. This is the first report of the antimicrobial activity of Manuka honey against a bacterial pathogen, in the absence of a cell well and opens scope for the use of components of Manuka honey as a therapeutic among Ureaplasma infections.",citation_mining_author_lookup,99
pubmed_citemine,35326885,10.3390/antibiotics11030422,Antimicrobial Evaluation of Various Honey Types against Carbapenemase-Producing Gram-Negative Clinical Isolates.,"Antibiotics (Basel, Switzerland)",2022,Stavropoulou E; Voidarou CC; Rozos G; Vaou N; Bardanis M; Konstantinidis T,Journal Article,"The development of antibiotic resistance is a major public health issue, as infections are increasingly unresponsive to antibiotics. Emerging antimicrobial resistance has raised researchers' interest in the development of alternative strategies using natural compounds with antibacterial activity, like honey, which has emerged as an agent to treat several infections and wound injuries. Nevertheless, the antibacterial effect of honey was mostly evaluated against Gram-positive bacteria. Hence, the objective of our study was to evaluate the antibacterial activity, as well as the physicochemical parameters, of genuine Greek honeys against multidrug-resistant Gram-negative pathogenic bacteria. In this vein, we aimed to study the in vitro antibacterial potential of rare Greek honeys against Verona integron-encoded metallo-β-lactamase (VIM)- or Klebsiella pneumoniae carbapenemase-producing multidrug-resistant Gram-negative pathogens. Physicochemical parameters such as pH, hydrogen peroxide, free acidity, lactonic acid, total phenols total flavonoids, free radical scavenging activities, tyrosinase enzyme inhibitory activity and kojic acid were examined. Moreover, the antimicrobial activity of 10 different honey types was evaluated in five consecutive dilutions (75%, 50%, 25%, 12.5% and 6.25%) against the clinical isolates by the well diffusion method, as well as by the determination of the minimum inhibition concentration after the addition of catalase and protease. Almost all the physicochemical parameters varied significantly among the different honeys. Fir and manuka honey showed the highest values in pH and H2O2, while the free acidity and lactonic acid levels were higher in chestnut honey. Total phenols, total flavonoids and free radical scavenging activities were found higher in cotton, arbutus and manuka honey, and finally, manuka and oregano honeys showed higher tyrosinase inhibition activity and kojic acid levels. The antimicrobial susceptibility depended on the type of honey, on its dilution, on the treatment methodology and on the microorganism. Arbutus honey was the most potent against VIM-producing Enterobacter cloacae subsp. dissolvens in 75% concentration, while fir honey was more lethal for the same microorganism in the 25% concentration. Many honeys outperformed manuka honey in their antibacterial potency. It is of interest that, for any given concentration in the well diffusion method and for any given type of honey, significant differences were not detected among the four multidrug-resistant pathogens, which explains that the damaging effect to the bacterial cells was the same regardless of the bacterial species or strain. Although the antimicrobial potency of different honey varieties dependents on their geographical origin and on their compositional differences, the exact underlying mechanism remains yet unclear.",citation_mining_author_lookup,99
pubmed_citemine,31010070,10.3390/molecules24081573,Antibacterial Activity of Different Blossom Honeys: New Findings.,"Molecules (Basel, Switzerland)",2019,Bucekova M; Jardekova L; Juricova V; Bugarova V; Di Marco G; Gismondi A,Journal Article,"Antibacterial activity is the most investigated biological property of honey. The goal of this study was to evaluate the antibacterial activity of 57 Slovak blossom honeys against Staphylococcus aureus and Pseudomonas aeruginosa and investigate the role of several bioactive substances in antibacterial action of honeys. Inhibitory and bactericidal activities of honeys were studied to determine the minimum inhibitory and bactericidal concentrations. The contents of glucose oxidase (GOX) enzyme, hydrogen peroxide (H2O2), and total polyphenols (TP) were determined in honeys. We found that honey samples showed different antibacterial efficacy against the tested bacteria as follows: wildflower honeys > acacia honeys > rapeseed honeys. Overall antibacterial activity of the honeys was statistically-significantly correlated with the contents of H2O2 and TP in honeys. A strong correlation was found between the H2O2 and TP content. On the other hand, no correlation was found between the content of GOX and level of H2O2. Antibacterial activity of 12 selected honeys was markedly reduced by treatment with catalase, but it remained relatively stable after inactivation of GOX with proteinase-K digestion. Obtained results suggest that the antibacterial activity of blossom honeys is mainly mediated by H2O2 levels present in honeys which are affected mainly by polyphenolic substances and not directly by GOX content.",citation_mining_author_lookup,99
pubmed_citemine,21464891,10.1371/journal.pone.0018229,The antibacterial activity of honey derived from Australian flora.,PloS one,2011,Irish J; Blair S; Carter DA,"Journal Article; Research Support, Non-U.S. Gov't","Chronic wound infections and antibiotic resistance are driving interest in antimicrobial treatments that have generally been considered complementary, including antimicrobially active honey. Australia has unique native flora and produces honey with a wide range of different physicochemical properties. In this study we surveyed 477 honey samples, derived from native and exotic plants from various regions of Australia, for their antibacterial activity using an established screening protocol. A level of activity considered potentially therapeutically useful was found in 274 (57%) of the honey samples, with exceptional activity seen in samples derived from marri (Corymbia calophylla), jarrah (Eucalyptus marginata) and jellybush (Leptospermum polygalifolium). In most cases the antibacterial activity was attributable to hydrogen peroxide produced by the bee-derived enzyme glucose oxidase. Non-hydrogen peroxide activity was detected in 80 (16.8%) samples, and was most consistently seen in honey produced from Leptospermum spp. Testing over time found the hydrogen peroxide-dependent activity in honey decreased, in some cases by 100%, and this activity was more stable at 4 °C than at 25 °C. In contrast, the non-hydrogen peroxide activity of Leptospermum honey samples increased, and this was greatest in samples stored at 25 °C. The stability of non-peroxide activity from other honeys was more variable, suggesting this activity may have a different cause. We conclude that many Australian honeys have clinical potential, and that further studies into the composition and stability of their active constituents are warranted.",citation_mining_author_lookup,99
pubmed_citemine,8308841,10.1177/014107689408700106,Susceptibility of Helicobacter pylori to the antibacterial activity of manuka honey.,Journal of the Royal Society of Medicine,1994,al Somal N; Coley KE; Molan PC; Hancock BM,Journal Article,"Honey is a traditional remedy for dyspepsia, and is still used for this by some medical practitioners although there is no rational basis for its use. The finding that Helicobacter pylori is probably the causative agent in many cases of dyspepsia has raised the possibility that the therapeutic action of honey may be due to its antibacterial properties. Consequently, the sensitivity of Helicobacter pylori to honey was tested, using isolates from biopsies of gastric ulcers. It was found that all five isolates tested were sensitive to a 20% (v/v) solution of manuka honey in an agar well diffusion assay, but none showed sensitivity to a 40% solution of a honey in which the antibacterial activity was due primarily to its content of hydrogen peroxide. Assessment of the minimum inhibitory concentration by inclusion of manuka honey in the agar showed that all seven isolates tested had visible growth over the incubation period of 72 h prevented completely by the presence of 5% (v/v) honey.",citation_mining_author_lookup,99
pubmed_citemine,33142845,10.3390/antibiotics9110766,Clinical Significance of Manuka and Medical-Grade Honey for Antibiotic-Resistant Infections: A Systematic Review.,"Antibiotics (Basel, Switzerland)",2020,Nolan VC; Harrison J; Wright JEE; Cox JAG,Journal Article; Review,"Antimicrobial resistance is an ever-increasing global issue that has the potential to overtake cancer as the leading cause of death worldwide by 2050. With the passing of the ""golden age"" of antibiotic discovery, identifying alternative treatments to commonly used antimicrobials is more important than ever. Honey has been used as a topical wound treatment for millennia and more recently has been formulated into a series of medical-grade honeys for use primarily for wound and burn treatment. In this systematic review, we examined the effectiveness of differing honeys as an antimicrobial treatment against a variety of multidrug-resistant (MDR) bacterial species. We analysed 16 original research articles that included a total of 18 different types of honey against 32 different bacterial species, including numerous MDR strains. We identified that Surgihoney was the most effective honey, displaying minimum inhibitory concentrations as low as 0.1% (w/v); however, all honeys reviewed showed a high efficacy against most bacterial species analysed. Importantly, the MDR status of each bacterial strain had no impact on the susceptibility of the organism to honey. Hence, the use of honey as an antimicrobial therapy should be considered as an alternative approach for the treatment of antibiotic-resistant infections.",citation_mining_author_lookup,99
pubmed_citemine,18600072,10.1097/01.ASW.0000323523.38800.9f,Using honey to heal diabetic foot ulcers.,Advances in skin & wound care,2008,Molan PC; Betts JA,Journal Article,,citation_mining_author_lookup,99
pubmed_citemine,25680398,10.1007/s00203-015-1091-6,A demonstration of the susceptibility of clinical isolates obtained from cystic fibrosis patients to manuka honey.,Archives of microbiology,2015,Jenkins R; Wootton M; Howe R; Cooper R,"Journal Article; Research Support, Non-U.S. Gov't","Pseudomonas and Burkholderia pose a significant health threat to people with chronic respiratory conditions; the resistance inherent in these bacteria indicates that new antimicrobial strategies are required. Susceptibility of 56 strains of P. aeruginosa and 55 strains of Burkholderia to manuka honey, tobramycin and colistin using microbroth dilution and E strip was determined. MICs of antibiotics with honey were determined to search for synergistic combinations against two representative strains of each genus. All strains exhibited susceptibility to honey ≤10 % (w/v); mean susceptibility of Burkholderia (4.6 % w/v) was lower than P. aeruginosa (7.3 % w/v). Synergistic or additive combinations were found with all four strains tested. Combinations of manuka honey with antibiotics can be used to lower the MIC need to successfully inhibit both P. aeruginosa and B. cepacia. The use of honey as a combination agent may be possible for the management of P. aeruginosa and B. cepacia.",citation_mining_author_lookup,99
pubmed_citemine,12439453,10.1067/mjw.2002.129073,Honey: a potent agent for wound healing?,"Journal of wound, ostomy, and continence nursing : official publication of The Wound, Ostomy and Continence Nurses Society",2002,Lusby PE; Coombes A; Wilkinson JM,Journal Article; Review,"Although honey has been used as a traditional remedy for burns and wounds, the potential for its inclusion in mainstream medical care is not well recognized. Many studies have demonstrated that honey has antibacterial activity in vitro, and a small number of clinical case studies have shown that application of honey to severely infected cutaneous wounds is capable of clearing infection from the wound and improving tissue healing. The physicochemical properties (eg, osmotic effects and pH) of honey also aid in its antibacterial actions. Research has also indicated that honey may possess antiinflammatory activity and stimulate immune responses within a wound. The overall effect is to reduce infection and to enhance wound healing in burns, ulcers, and other cutaneous wounds. It is also known that honeys derived from particular floral sources in Australia and New Zealand (Leptospermum spp) have enhanced antibacterial activity, and these honeys have been approved for marketing as therapeutic honeys (Medihoney and Active Manuka honey). This review outlines what is known about the medical properties of honey and indicates the potential for honey to be incorporated into the management of a large number of wound types.",citation_mining_author_lookup,99
pubmed_citemine,12432313,10.1097/00004630-200211000-00002,The efficacy of honey in inhibiting strains of Pseudomonas aeruginosa from infected burns.,The Journal of burn care & rehabilitation,2002,Cooper RA; Halas E; Molan PC,"Journal Article; Research Support, U.S. Gov't, Non-P.H.S.","Because there is no ideal therapy for burns infected with Pseudomonas aeruginosa, there is sufficient need to investigate the efficacy of alternative antipseudomonal interventions. Honey is an ancient wound remedy for which there is modern evidence of efficacy in the treatment of burn wounds, but limited evidence for the effectiveness of its antibacterial activity against Pseudomonas. We tested the sensitivity of 17 strains of P. aeruginosa isolated from infected burns to two honeys with different types of antibacterial activity, a pasture honey and a manuka honey, both with median levels of activity. All strains showed similar sensitivity to honey with minimum inhibitory concentrations below 10% (vol/vol); both honeys maintained bactericidal activity when diluted more than 10-fold. Honey with proven antibacterial activity has the potential to be an effective treatment option for burns infected or at risk of infection with P. aeruginosa.",citation_mining_author_lookup,99
pubmed_citemine,19813035,10.1007/s10096-009-0817-2,The intracellular effects of manuka honey on Staphylococcus aureus.,European journal of clinical microbiology & infectious diseases : official publication of the European Society of Clinical Microbiology,2010,Henriques AF; Jenkins RE; Burton NF; Cooper RA,"Journal Article; Research Support, Non-U.S. Gov't","The purpose of this study was to investigate the effect of manuka honey on Staphylococcus aureus in order to identify the intracellular target site. The mode of inhibition of manuka honey against S. aureus NCTC 10017 was investigated by determining the minimum inhibitory concentration (MIC), minimum bactericidal concentration (MBC) and the effect of time on viability. Structural changes were observed by scanning (SEM) and transmission electron microscopy (TEM) of cells suspended for 4 h at 37 degrees C in 0.05 mM Tris buffer containing 10% (w/v) manuka honey and were compared to cells in buffer alone or buffer containing 10% (w/v) artificial honey (to assess osmotic damage). A bactericidal mode of inhibition for manuka honey on S. aureus was established. Marked structural changes in honey-treated cells were seen only with TEM, where a statistically significant increase in the number of whole cells with completed septa compared to untreated cells were observed (P < 0.05). Structural changes found with TEM suggest that honey-treated cells had failed to progress normally through the cell cycle and accumulated with fully formed septa at the point of cell division without separating. Sugars were not implicated in this effect. The staphylococcal target site of manuka honey involves the cell division machinery.",citation_mining_author_lookup,99
pubmed_citemine,24969731,10.1007/s00114-014-1205-z,Honeybee glucose oxidase--its expression in honeybee workers and comparative analyses of its content and H2O2-mediated antibacterial activity in natural honeys.,Die Naturwissenschaften,2014,Bucekova M; Valachova I; Kohutova L; Prochazka E; Klaudiny J; Majtan J,"Journal Article; Research Support, Non-U.S. Gov't","Antibacterial properties of honey largely depend on the accumulation of hydrogen peroxide (H2O2), which is generated by glucose oxidase (GOX)-mediated conversion of glucose in diluted honey. However, honeys exhibit considerable variation in their antibacterial activity. Therefore, the aim of the study was to identify the mechanism behind the variation in this activity and in the H2O2 content in honeys associated with the role of GOX in this process. Immunoblots and in situ hybridization analyses demonstrated that gox is solely expressed in the hypopharyngeal glands of worker bees performing various tasks and not in other glands or tissues. Real-time PCR with reference genes selected for worker heads shows that the gox expression progressively increases with ageing of the youngest bees and nurses and reached the highest values in processor bees. Immunoblot analysis of honey samples revealed that GOX is a regular honey component but its content significantly varied among honeys. Neither botanical source nor geographical origin of honeys affected the level of GOX suggesting that some other factors such as honeybee nutrition and/or genetic/epigenetic factors may take part in the observed variation. A strong correlation was found between the content of GOX and the level of generated H2O2 in honeys except honeydew honeys. Total antibacterial activity of most honey samples against Pseudomonas aeruginosa isolate significantly correlated with the H2O2 content. These results demonstrate that the level of GOX can significantly affect the total antibacterial activity of honey. They also support an idea that breeding of novel honeybee lines expressing higher amounts of GOX could help to increase the antibacterial efficacy of the hypopharyngeal gland secretion that could have positive influence on a resistance of colonies against bacterial pathogens.",citation_mining_author_lookup,99
pubmed_citemine,26861950,10.1099/jmm.0.000227,Antibiofilm efficacy of honey and bee-derived defensin-1 on multispecies wound biofilm.,Journal of medical microbiology,2016,Sojka M; Valachova I; Bucekova M; Majtan J,Journal Article,"Many clinically relevant biofilms are polymicrobial. Examining the effect of antimicrobials in a multispecies biofilm consortium is of great clinical importance. The goal of this study was to investigate the effect of different honey types against bacterial wound pathogens grown in multispecies biofilm and to test the antibiofilm activity of honey defensin-1 (Def-1) in its recombinant form. A modified Lubbock chronic wound biofilm formed by four bacterial species (Staphylococcus aureus, Streptococcus agalactiae, Pseudomonas aeruginosa and Enterococcus faecalis) was used for evaluation of honey and recombinant bee-derived Def-1 antibiofilm efficacy. Recombinant Def-1 was prepared by heterologous expression in Escherichia coli. We showed that different types of honey (manuka and honeydew) were able to significantly reduce the cell viability of wound pathogens (Staphylococcus aureus, Streptococcus agalactiae and Pseudomonas aeruginosa) in mature polymicrobial biofilm. None of the tested honeys showed the ability to eradicate Enterococcus faecalis in biofilm. In addition, recombinant Def-1 successfully reduced the viability of Staphylococcus aureus and Pseudomonas aeruginosa cells within established polymicrobial biofilm after 24 and 48 h of treatment. Interestingly, recombinant Def-1 did not affect the viability of Streptococcus agalactiae cells within the biofilm, whereas both natural honeys significantly reduced the viable bacteria. Although Enterococcus faecalis was highly resistant to Def-1, Def-1 significantly affected the biofilm formation of Enterococcus faecalis and Streptococcus agalactiae after 24 h of treatment, most likely by inhibiting its extracellular polymeric substances production. In conclusion, our study revealed that honey and Def-1 are effective against established multispecies biofilm; however, Enterococcus faecalis grown in multispecies biofilm was resistant to both antimicrobials.",citation_mining_author_lookup,99
pubmed_citemine,15857217,10.1089/jmf.2005.8.100,Antibacterial activity of 13 honeys against Escherichia coli and Pseudomonas aeruginosa.,Journal of medicinal food,2005,Wilkinson JM; Cavanagh HM,"Journal Article; Research Support, Non-U.S. Gov't","In this study the activity of 13 honeys, including three commercial antibacterial honeys, against Escherichia coli and Pseudomonas aeruginosa was determined. Antibacterial activity of the honeys was assayed using standard well diffusion methods. All honeys, and an artificial honey, were tested at four concentrations (10%, 5%, 2.5%, and 1% wt/vol) against E. coli and P. aeruginosa, and zones of inhibition were measured. All honeys tested had an inhibitory effect on the growth of E. coli and P. aeruginosa, with one honey still having activity against E. coli and three having activity against P. aeruginosa at 2.5%. No honey was active at 1% concentrations. E. coli was more susceptible to inhibition by the honeys used in this study than was P. aeruginosa. In this study we have demonstrated that several honeys, in addition to commercial antibacterial honeys, can inhibit E. coli and P. aeruginosa and may have potential as therapeutic honeys.",citation_mining_author_lookup,99
pubmed_citemine,25830314,10.1371/journal.pone.0120238,"Honey glycoproteins containing antimicrobial peptides, Jelleins of the Major Royal Jelly Protein 1, are responsible for the cell wall lytic and bactericidal activities of honey.",PloS one,2015,Brudzynski K; Sjaarda C,Journal Article,"We have recently identified the bacterial cell wall as the cellular target for honey antibacterial compounds; however, the chemical nature of these compounds remained to be elucidated. Using Concavalin A-affinity chromatography, we found that isolated glycoprotein fractions (glps), but not flow-through fractions, exhibited strong growth inhibitory and bactericidal properties. The glps possessed two distinct functionalities: (a) specific binding and agglutination of bacterial cells, but not rat erythrocytes and (b) non-specific membrane permeabilization of both bacterial cells and erythrocytes. The isolated glps induced concentration- and time-dependent changes in the cell shape of both E. coli and B. subtilis as visualized by light and SEM microscopy. The appearance of filaments and spheroplasts correlated with growth inhibition and bactericidal effects, respectively. The time-kill kinetics showed a rapid, >5-log10 reduction of viable cells within 15 min incubation at 1xMBC, indicating that the glps-induced damage of the cell wall was lethal. Unexpectedly, MALDI-TOF and electrospray quadrupole time of flight mass spectrometry, (ESI-Q-TOF-MS/MS) analysis of glps showed sequence identity with the Major Royal Jelly Protein 1 (MRJP1) precursor that harbors three antimicrobial peptides: Jelleins 1, 2, and 4. The presence of high-mannose structures explained the lectin-like activity of MRJP1, while the presence of Jelleins in MRJP1 may explain cell wall disruptions. Thus, the observed damages induced by the MRJP1 to the bacterial cell wall constitute the mechanism by which the antibacterial effects were produced. Antibacterial activity of MRJP1 glps directly correlated with the overall antibacterial activity of honey, suggesting that it is honey's active principle responsible for this activity.",citation_mining_author_lookup,99
pubmed_citemine,22095907,10.1002/iub.578,Antibacterial components of honey.,IUBMB life,2012,Kwakman PH; Zaat SA,Journal Article,"The antibacterial activity of honey has been known since the 19th century. Recently, the potent activity of honey against antibiotic-resistant bacteria has further increased the interest for application of honey, but incomplete knowledge of the antibacterial activity is a major obstacle for clinical applicability. The high sugar concentration, hydrogen peroxide, and the low pH are well-known antibacterial factors in honey and more recently, methylglyoxal and the antimicrobial peptide bee defensin-1 were identified as important antibacterial compounds in honey. The antibacterial activity of honey is highly complex due to the involvement of multiple compounds and due to the large variation in the concentrations of these compounds among honeys. The current review will elaborate on the antibacterial compounds in honey. We discuss the activity of the individual compounds, their contribution to the complex antibacterial activity of honey, a novel approach to identify additional honey antibacterial compounds, and the implications of the novel developments for standardization of honey for medical applications.",citation_mining_author_lookup,99
pubmed_citemine,28779102,10.1038/s41598-017-07494-0,"Bee-derived antibacterial peptide, defensin-1, promotes wound re-epithelialisation in vitro and in vivo.",Scientific reports,2017,Bucekova M; Sojka M; Valachova I; Martinotti S; Ranzato E; Szep Z,"Journal Article; Research Support, Non-U.S. Gov't","Royal jelly (RJ) has successfully been used as a remedy in wound healing. RJ has multiple effects, including antibacterial, anti-inflammatory and immunomodulatory activities, in various cell types. However, no component(s) (other than antibacterial) have been identified in RJ-accelerated wound healing. In this study, we demonstrate that keratinocytes are responsible for the elevated production of matrix metalloproteinase-9 (MMP-9) after incubation with a water extract of RJ. Furthermore, the keratinocyte migration and wound closure rates were significantly increased in the presence of RJ extract. MMP-9 production was reduced significantly following proteinase K treatment but remained stable after heat treatment, indicating that active component(s) have a proteinous character. To identify the component responsible for inducing MMP-9 production, RJ extract was fractionated using C18 RP-HPLC. In fractions exhibiting stimulatory activity, we immunochemically detected the bee-derived antibacterial peptide, defensin-1. Defensin-1 was cloned, and recombinant peptide was produced in a baculoviral expression system. Defensin-1 stimulated MMP-9 secretion from keratinocytes and increased keratinocyte migration and wound closure in vitro. In addition, defensin-1 promoted re-epithelisation and wound closure in uninfected excision wounds. These data indisputably demonstrate that defensin-1, a regular but concentration variable factor found in honey and RJ, contributes to cutaneous wound closure by enhancing keratinocyte migration and MMP-9 secretion.",citation_mining_author_lookup,99
pubmed_citemine,26217333,10.3389/fmicb.2015.00711,"MRJP1-containing glycoproteins isolated from honey, a novel antibacterial drug candidate with broad spectrum activity against multi-drug resistant clinical isolates.",Frontiers in microbiology,2015,Brudzynski K; Sjaarda C; Lannigan R,Journal Article,"The emergence of extended- spectrum β-lactamase (ESBL) is the underlying cause of growing antibiotic resistance among Gram-negative bacteria to β-lactam antibiotics. We recently reported the discovery of honey glycoproteins (glps) that exhibited a rapid, concentration-dependent antibacterial activity against both Gram-positive Bacillus subtilis and Gram-negative Escherichia coli that resembled action of cell wall-active β-lactam drugs. Glps showed sequence identity with the Major Royal Jelly Protein 1 (MRJP1) precursor that harbors three antimicrobial peptides: Jelleins 1, 2, and 4. Here, we used semi-quantitative radial diffusion assay and broth microdilution assay to evaluate susceptibility of a number of multi-drug resistant (MDR) clinical isolates to the MRJP1-contaning honey glycoproteins. The MDR bacterial strains comprised three methicillin-resistant Staphylococcus aureus (MRSA), four Pseudomonas aeruginosa, two Klebsiella pneumoniae, two vancomycin-resistant Enterococci (VRE), and five ESBL identified as one Proteus mirabilis, three E. coli, and one E. coli NDM. Their resistance to different classes of antibiotics was confirmed using automated system Vitek 2. MDR isolates differed in their susceptibility to glps with MIC90 values ranging from 4.8 μg/ml against B. subtilis to 14.4 μg/ml against ESBL K. pneumoniae, Klebsiella spp. ESBL and E. coli and up to 33 μg/ml against highly resistant strains of P. aeruginosa. Glps isolated from different honeys showed a similar ability to overcome bacterial resistance to β-lactams suggesting that (a) their mode of action is distinct from other classes of β-lactams and that (b) the common glps structure was the lead structure responsible for the activity. The results of the current study together with our previous evidence of a rapid bactericidal activity of glps demonstrate that glps possess suitable characteristics to be considered a novel antibacterial drug candidate.",citation_mining_author_lookup,99
pubmed_citemine,30575387,10.1021/acs.jafc.8b05436,Bioactive Components and Antioxidant and Antibacterial Activities of Different Varieties of Honey: A Screening Prior to Clinical Application.,Journal of agricultural and food chemistry,2019,Combarros-Fuertes P; Estevinho LM; Dias LG; Castro JM; Tomás-Barberán FA; Tornadijo ME,Journal Article,"This study assessed 16 different honey samples in order to select the best one for therapeutic purposes. First, a study of honey's main bioactive compounds was carried out. Then phenolic profiles were determined and specific compounds quantified using a HPLC system coupled to a mass spectrometer. Then, antioxidant activity, by three in vitro methods, and antibacterial activity against reference strains and clinical isolates were evaluated. Great variability among samples was observed regarding ascorbic acid (between 0.34 ± 0.00 and 75.8 ± 0.41 mg/100 g honey; p < 0.001), total phenolic compounds (between 23.1 ± 0.83 and 158 ± 5.37 mg/100 g honey; p < 0.001), and total flavonoid contents (between 1.65 ± 0.11 and 5.93 ± 0.21 mg/100 g honey; p < 0.001). Forty-nine different phenolic compounds were detected, but only 46 of them were quantified by HPLC. The concentration of phenolic compounds and the phenolic profiles varied widely among samples (between 1.06 ± 0.04 and 18.6 ± 0.73 mg/100 g honey; p < 0.001). Antioxidant activity also varied significantly among the samples. All honey varieties exhibited antibacterial activity against both reference and clinical strains (effective concentrations ranged between 0.05 and 0.40 g/mL depending on the honey sample and bacteria tested). Overall, samples with better combinations of bioactive properties were avocado and chestnut honeys.",citation_mining_author_lookup,99
pubmed_citemine,16543212,10.1177/1534734605286014,The evidence supporting the use of honey as a wound dressing.,The international journal of lower extremity wounds,2006,Molan PC,"Journal Article; Research Support, Non-U.S. Gov't; Review","Some clinicians are under the impression that there is little or no evidence to support the use of honey as a wound dressing. To allow sound decisions to be made, this seminar article has covered the various reports that have been published on the clinical usage of honey. Positive findings on honey in wound care have been reported from 17 randomized controlled trials involving a total of 1965 participants, and 5 clinical trials of other forms involving 97 participants treated with honey. The effectiveness of honey in assisting wound healing has also been demonstrated in 16 trials on a total of 533 wounds on experimental animals. There is also a large amount of evidence in the form of case studies that have been reported. It has been shown to give good results on a very wide range of types of wound. It is therefore mystifying that there appears to be a lack of universal acceptance of honey as a wound dressing. It is recommended that clinicians should look for the clinical evidence that exists to support the use of other wound care products to compare with the evidence that exists for honey.",citation_mining_author_lookup,99
pubmed_citemine,16099322,10.1016/j.arcmed.2005.03.038,Bactericidal activity of different honeys against pathogenic bacteria.,Archives of medical research,2005,Lusby PE; Coombes AL; Wilkinson JM,Journal Article,"Renewed interest in honey for various therapeutic purposes including treatment of infected wounds has led to the search for new antibacterial honeys. In this study we have assessed the antibacterial activity of three locally produced honeys and compared them to three commercial therapeutic honeys (including Medihoney and manuka honey). An agar dilution method was used to assess the activity of honeys against 13 bacteria and one yeast. The honeys were tested at five concentrations ranging from 0.1 to 20%. Twelve of the 13 bacteria were inhibited by all honeys used in this study with only Serratia marcescens and the yeast Candida albicans not inhibited by the honeys. Little or no antibacterial activity was seen at honey concentrations <1%, with minimal inhibition at 5%. No honey was able to produce complete inhibition of bacterial growth. Although Medihoney and manuka had the overall best activity, the locally produced honeys had equivalent inhibitory activity for some, but not all, bacteria. Honeys other than those commercially available as antibacterial honeys can have equivalent antibacterial activity. These newly identified antibacterial honeys may prove to be a valuable source of future therapeutic honeys.",citation_mining_author_lookup,99
pubmed_citemine,32974499,10.1099/acmi.0.000065,A cost-effective colourimetric assay for quantifying hydrogen peroxide in honey.,Access microbiology,2019,Lehmann DM; Krishnakumar K; Batres MA; Hakola-Parry A; Cokcetin N; Harry E,Journal Article,"Honey is a natural product with many beneficial properties including antimicrobial action. Production of hydrogen peroxide (H2O2) in diluted honey is central to this action. Here, we describe an optimized method for measuring levels of H2O2 in honey. This method is based on established methods, with the level of dilution, the time between dilution and reading the assay, and aeration of the samples during the assay identified as critical points for ensuring reliability and reproducibility. The method is cost-effective and easy to perform using common laboratory equipment. Using this method, we quantified the hydrogen peroxide content of five different, unprocessed polyfloral honeys collected in NC, USA. Our results show that H2O2 production by these honeys varies greatly, with some samples producing negligible levels of H2O2. We assessed the effect of colour on the assay by measuring the recovery of spiked H2O2 from light and dark honey and from serially diluted dark corn syrup, and found the amount of H2O2 that could be detected was lower in dark corn syrup and darker honey samples.",citation_mining_author_lookup,99
